site_id,circle,circle_code,zone,pin_code,technology,subscribers_served,prb_utilisation_pct,avg_sinr_db,drop_call_rate_pct,avg_throughput_mbps,congestion_flag,backhaul
SITE0400865,Madhya Pradesh & Chhattisgarh,MP,North,312411,4G LTE,41868,93.8,1.2,0.61,72.7,True,Fibre
SITE0403169,Uttar Pradesh East,UPE,North,657438,5G NSA,10254,70.6,11.4,0.99,39.8,False,Fibre
SITE0403695,West Bengal,WB,East,767671,4G LTE,8039,43.0,6.0,0.5,143.4,False,Fibre
SITE0401573,Gujarat,GJ,West,750765,5G NSA,33805,4.1,12.3,0.15,61.7,False,Fibre
SITE0402155,Uttar Pradesh West,UPW,North,570510,5G SA,18937,32.0,17.0,0.37,81.4,False,Microwave
SITE0400974,Maharashtra & Goa,MH,West,684169,4G LTE,17208,50.7,7.8,1.05,149.4,False,Fibre
SITE0400326,Gujarat,GJ,West,140142,4G LTE,26998,28.7,3.3,0.61,39.5,False,Fibre
SITE0403087,Karnataka,KA,South,826615,5G SA,22183,39.9,17.1,0.5,122.0,False,Fibre
SITE0400729,Bihar & Jharkhand,BH,East,391918,5G SA,28967,70.4,7.8,0.4,42.7,False,Fibre
SITE0403113,West Bengal,WB,East,279267,4G LTE,2846,76.6,8.3,0.14,73.0,True,Fibre
SITE0401969,Maharashtra & Goa,MH,West,716899,5G NSA,13133,72.2,1.8,0.37,78.4,False,Fibre
SITE0401058,Punjab,PB,North,131487,5G SA,30630,63.2,13.1,0.3,73.5,False,Fibre
SITE0401585,Andhra Pradesh & Telangana,AP,South,773841,5G NSA,20327,35.5,14.5,0.47,71.8,False,Fibre
SITE0402844,Bihar & Jharkhand,BH,East,179188,5G SA,9526,43.1,12.0,0.3,73.8,False,Fibre
SITE0400778,Uttar Pradesh East,UPE,North,539147,5G SA,42552,42.7,11.4,0.17,69.5,False,Fibre
SITE0402280,Haryana,HR,North,448941,4G LTE,12537,30.7,15.5,0.14,30.6,False,Fibre
SITE0401977,Delhi NCR,DL,North,177043,4G LTE,16303,9.5,14.7,0.34,9.3,False,Fibre
SITE0400387,Delhi NCR,DL,North,566807,4G LTE,26221,29.3,21.2,0.29,84.9,False,Fibre
SITE0401958,Andhra Pradesh & Telangana,AP,South,127390,4G LTE,12263,34.4,11.1,0.18,120.6,False,Fibre
SITE0400427,Uttar Pradesh East,UPE,North,432810,5G SA,38153,51.7,11.2,0.49,27.8,False,Fibre
SITE0401910,Odisha,OR,East,189134,4G LTE,32045,31.1,11.6,0.52,95.9,False,Fibre
SITE0402381,West Bengal,WB,East,582727,4G LTE,10631,78.3,6.6,0.28,31.6,True,Fibre
SITE0401540,Mumbai,MU,West,486779,5G NSA,39454,12.6,15.2,1.02,109.1,False,Microwave
SITE0400048,Karnataka,KA,South,589367,5G SA,25646,41.9,10.5,0.14,64.6,False,Fibre
SITE0402892,Andhra Pradesh & Telangana,AP,South,575434,4G LTE,3437,51.6,17.4,0.62,58.6,False,Fibre
SITE0400992,Andhra Pradesh & Telangana,AP,South,762103,4G LTE,27379,23.4,14.0,0.73,84.1,False,Microwave
SITE0402950,West Bengal,WB,East,303415,5G NSA,39324,45.1,10.0,0.88,83.4,False,Fibre
SITE0401926,West Bengal,WB,East,675164,5G SA,30492,33.8,20.0,1.07,108.4,False,Microwave
SITE0402091,Himachal Pradesh,HP,North,329527,4G LTE,19976,41.6,8.9,0.55,36.3,False,Fibre
SITE0401536,Madhya Pradesh & Chhattisgarh,MP,North,151317,5G SA,11611,21.8,11.8,1.12,63.7,False,Fibre
SITE0402143,Gujarat,GJ,West,778003,5G SA,42101,67.8,9.3,0.54,38.5,False,Microwave
SITE0401840,Bihar & Jharkhand,BH,East,706045,5G SA,37732,57.0,13.5,0.81,93.7,False,Fibre
SITE0400649,Maharashtra & Goa,MH,West,594180,4G LTE,20213,25.5,16.2,0.2,129.6,False,Fibre
SITE0401902,Tamil Nadu,TN,South,278526,4G LTE,35099,12.6,10.3,0.47,67.4,False,Fibre
SITE0403638,Delhi NCR,DL,North,250276,5G SA,37797,52.1,12.8,1.18,85.4,False,Microwave
SITE0401948,Assam,AS,East,644503,4G LTE,26482,21.4,15.5,1.05,141.5,False,Fibre
SITE0403214,Tamil Nadu,TN,South,398911,5G SA,24669,19.2,20.9,0.07,97.9,False,Fibre
SITE0400085,Mumbai,MU,West,678589,5G SA,21321,36.1,17.5,0.26,26.5,False,Fibre
SITE0400491,Uttar Pradesh West,UPW,North,134973,4G LTE,34233,24.7,19.1,0.46,64.4,False,Fibre
SITE0401219,West Bengal,WB,East,390204,5G NSA,9778,54.3,7.4,0.63,59.1,False,Microwave
SITE0401885,Kerala,KL,South,703535,5G SA,32197,5.5,8.6,0.61,69.0,False,Microwave
SITE0401793,Karnataka,KA,South,264719,4G LTE,11252,68.1,4.6,0.57,43.9,False,Fibre
SITE0400963,Uttar Pradesh East,UPE,North,613932,5G NSA,10819,68.2,15.1,0.98,63.4,False,Microwave
SITE0400118,Punjab,PB,North,811005,5G SA,16547,41.4,9.5,0.35,107.8,False,Fibre
SITE0402525,Punjab,PB,North,832750,4G LTE,25366,35.2,5.6,0.09,56.2,False,Microwave
SITE0402379,Uttar Pradesh West,UPW,North,774072,4G LTE,21946,37.2,6.0,0.57,100.5,False,Fibre
SITE0402968,Karnataka,KA,South,554705,4G LTE,17639,39.4,7.2,0.05,95.7,False,Fibre
SITE0400742,Bihar & Jharkhand,BH,East,685062,5G SA,27317,99.0,13.8,0.6,83.3,True,Microwave
SITE0403035,Tamil Nadu,TN,South,818222,5G SA,38508,51.5,7.9,0.24,69.8,False,Fibre
SITE0401313,Bihar & Jharkhand,BH,East,801768,5G SA,33445,52.0,11.3,0.91,19.2,False,Fibre
SITE0401780,Rajasthan,RJ,North,158740,5G SA,22583,61.2,5.6,0.23,103.8,False,Fibre
SITE0400246,Karnataka,KA,South,773844,5G NSA,37138,52.6,13.0,0.45,67.9,False,Fibre
SITE0402036,West Bengal,WB,East,476764,5G SA,22169,82.0,2.1,0.41,110.1,True,Fibre
SITE0403242,Bihar & Jharkhand,BH,East,649376,4G LTE,6687,41.2,12.7,0.7,48.3,False,Fibre
SITE0400102,Karnataka,KA,South,228954,5G SA,30123,24.0,11.5,0.19,2.6,False,Microwave
SITE0402392,Maharashtra & Goa,MH,West,774618,4G LTE,39616,49.8,12.5,0.24,80.6,False,Fibre
SITE0401846,Haryana,HR,North,508687,4G LTE,26149,40.4,7.6,0.59,61.9,False,Microwave
SITE0402481,Bihar & Jharkhand,BH,East,788885,5G NSA,17492,9.3,19.8,1.3,174.1,False,Microwave
SITE0401177,Uttar Pradesh West,UPW,North,170514,5G NSA,24627,62.0,7.2,1.94,75.4,False,Fibre
SITE0402329,Bihar & Jharkhand,BH,East,520284,5G NSA,15737,81.1,9.2,0.17,137.2,True,Fibre
SITE0403467,Delhi NCR,DL,North,287242,5G NSA,34623,24.4,9.9,0.78,37.5,False,Fibre
SITE0402575,Maharashtra & Goa,MH,West,740217,5G SA,17168,29.1,12.4,0.08,69.8,False,Microwave
SITE0401446,Kerala,KL,South,791329,5G SA,19835,39.8,3.4,0.13,91.9,False,Fibre
SITE0401777,Maharashtra & Goa,MH,West,309502,5G SA,25369,52.4,8.0,0.87,58.2,False,Fibre
SITE0403532,Tamil Nadu,TN,South,452967,4G LTE,20360,22.3,7.1,0.3,67.4,False,Fibre
SITE0402616,Madhya Pradesh & Chhattisgarh,MP,North,180195,5G SA,35569,72.2,10.3,1.08,18.7,False,Fibre
SITE0401719,Haryana,HR,North,677966,5G NSA,14715,16.3,2.3,1.49,112.0,False,Fibre
SITE0402579,Gujarat,GJ,West,494771,4G LTE,19539,68.2,2.2,0.73,45.4,False,Fibre
SITE0402803,Maharashtra & Goa,MH,West,254390,5G NSA,20763,25.6,13.2,0.19,43.6,False,Fibre
SITE0401147,West Bengal,WB,East,734267,4G LTE,17110,19.5,11.6,1.44,118.6,False,Fibre
SITE0403377,Madhya Pradesh & Chhattisgarh,MP,North,407459,5G NSA,10744,96.8,3.0,0.4,56.6,True,Fibre
SITE0403662,West Bengal,WB,East,197933,5G NSA,22544,53.3,10.9,0.51,136.9,False,Fibre
SITE0400637,Gujarat,GJ,West,622556,4G LTE,39799,55.0,2.0,0.73,42.5,False,Fibre
SITE0403720,Odisha,OR,East,750202,4G LTE,2737,28.5,12.2,0.19,68.3,False,Fibre
SITE0403512,Uttar Pradesh West,UPW,North,440023,4G LTE,11776,44.0,17.0,0.33,62.6,False,Fibre
SITE0400267,Madhya Pradesh & Chhattisgarh,MP,North,243066,4G LTE,32557,40.4,11.9,0.2,77.6,False,Fibre
SITE0402321,Tamil Nadu,TN,South,414341,5G NSA,16328,54.5,10.5,0.07,69.5,False,Fibre
SITE0401089,Andhra Pradesh & Telangana,AP,South,303313,5G SA,7728,15.4,1.0,0.19,179.4,False,Microwave
SITE0401774,West Bengal,WB,East,597783,4G LTE,27889,48.0,5.5,0.2,35.5,False,Fibre
SITE0403661,Maharashtra & Goa,MH,West,589632,5G SA,22392,36.6,15.0,0.15,114.1,False,Fibre
SITE0400875,Odisha,OR,East,571501,4G LTE,25075,44.6,8.9,1.31,31.7,False,Fibre
SITE0403645,Punjab,PB,North,704532,5G NSA,8172,41.3,16.4,1.17,86.4,False,Fibre
SITE0403497,Bihar & Jharkhand,BH,East,475191,5G NSA,7576,80.5,3.7,0.24,69.1,True,Fibre
SITE0400418,Maharashtra & Goa,MH,West,306384,4G LTE,41760,42.9,4.5,0.29,56.5,False,Microwave
SITE0402831,Rajasthan,RJ,North,317688,4G LTE,21615,61.3,6.2,0.49,75.9,False,Microwave
SITE0401919,Kerala,KL,South,531586,4G LTE,25345,27.1,9.5,0.98,107.0,False,Microwave
SITE0401033,Bihar & Jharkhand,BH,East,444427,4G LTE,10312,74.4,2.3,0.73,37.0,True,Fibre
SITE0401527,Maharashtra & Goa,MH,West,324902,4G LTE,12606,20.8,0.7,0.29,74.5,False,Fibre
SITE0400489,Odisha,OR,East,283392,4G LTE,8172,43.1,5.1,0.73,144.7,False,Fibre
SITE0401474,Mumbai,MU,West,733805,4G LTE,22748,56.3,12.2,0.13,94.5,False,Fibre
SITE0400714,Tamil Nadu,TN,South,534610,5G SA,29987,27.3,4.9,0.78,111.8,False,Fibre
SITE0400942,Uttar Pradesh West,UPW,North,642476,5G SA,25263,78.0,13.9,0.87,92.6,True,Microwave
SITE0401155,Maharashtra & Goa,MH,West,843746,5G NSA,8444,36.2,12.5,0.24,66.3,False,Fibre
SITE0402630,Rajasthan,RJ,North,412096,4G LTE,2519,35.8,5.1,0.29,109.8,False,Microwave
SITE0400206,Tamil Nadu,TN,South,656317,4G LTE,36929,57.3,4.0,0.66,111.2,False,Fibre
SITE0401014,Haryana,HR,North,738376,5G SA,39744,19.1,13.5,0.98,60.3,False,Fibre
SITE0402132,Tamil Nadu,TN,South,199742,5G NSA,4636,47.8,11.8,0.1,51.7,False,Fibre
SITE0403238,West Bengal,WB,East,654960,4G LTE,29648,28.1,8.6,0.6,94.4,False,Fibre
SITE0401139,Bihar & Jharkhand,BH,East,597119,4G LTE,15607,87.3,13.1,0.48,51.6,True,Microwave
SITE0401441,Bihar & Jharkhand,BH,East,393693,5G NSA,11232,81.7,10.5,1.82,117.2,True,Microwave
SITE0402943,Rajasthan,RJ,North,850477,4G LTE,33943,26.2,17.1,0.31,26.3,False,Microwave
SITE0402465,Gujarat,GJ,West,292396,5G NSA,13338,15.6,7.5,1.12,133.0,False,Microwave
SITE0400071,Andhra Pradesh & Telangana,AP,South,321685,5G NSA,32496,19.8,13.8,1.14,76.1,False,Fibre
SITE0402362,Jammu & Kashmir,JK,North,762215,4G LTE,9222,55.9,4.6,0.16,54.4,False,Microwave
SITE0402370,Andhra Pradesh & Telangana,AP,South,494435,5G NSA,42135,26.5,9.7,0.66,106.4,False,Fibre
SITE0401473,Assam,AS,East,525423,5G SA,2688,45.8,8.4,0.41,13.1,False,Microwave
SITE0400982,Uttar Pradesh East,UPE,North,814250,4G LTE,34915,46.2,-1.0,0.66,86.6,False,Fibre
SITE0402243,Punjab,PB,North,153348,5G SA,21267,40.7,12.6,0.26,16.1,False,Fibre
SITE0402278,Haryana,HR,North,825185,5G NSA,7397,35.7,9.5,1.1,128.8,False,Fibre
SITE0400827,Haryana,HR,North,374321,5G SA,36321,15.1,6.9,0.46,138.6,False,Fibre
SITE0400691,Gujarat,GJ,West,592411,5G SA,20991,36.0,13.5,0.33,38.6,False,Fibre
SITE0401513,Gujarat,GJ,West,592660,4G LTE,37459,44.2,15.7,0.02,94.2,False,Microwave
SITE0401470,Kolkata,KO,East,821014,5G NSA,30275,22.1,17.8,0.4,89.4,False,Microwave
SITE0400785,Andhra Pradesh & Telangana,AP,South,517110,5G SA,27792,42.1,13.2,0.39,59.1,False,Fibre
SITE0401890,Rajasthan,RJ,North,266075,4G LTE,29306,65.5,4.8,0.21,49.9,False,Fibre
SITE0402137,Bihar & Jharkhand,BH,East,434470,4G LTE,2177,51.0,11.3,0.43,105.9,False,Fibre
SITE0400199,Karnataka,KA,South,655339,5G NSA,18370,8.7,11.6,0.62,131.9,False,Microwave
SITE0402506,Madhya Pradesh & Chhattisgarh,MP,North,555366,5G SA,29291,41.6,16.6,1.0,154.2,False,Fibre
SITE0400494,Tamil Nadu,TN,South,471923,4G LTE,10388,39.8,16.2,0.39,121.4,False,Fibre
SITE0402386,Tamil Nadu,TN,South,156691,4G LTE,29671,25.6,16.1,0.46,104.0,False,Fibre
SITE0400350,Madhya Pradesh & Chhattisgarh,MP,North,807189,4G LTE,30052,20.8,11.2,0.51,59.3,False,Fibre
SITE0400659,Bihar & Jharkhand,BH,East,580921,4G LTE,6671,19.1,12.8,0.35,61.4,False,Fibre
SITE0400607,Madhya Pradesh & Chhattisgarh,MP,North,634310,4G LTE,15794,59.9,10.8,1.99,86.7,False,Fibre
SITE0401357,Andhra Pradesh & Telangana,AP,South,768444,5G NSA,25228,24.6,16.2,0.81,59.7,False,Fibre
SITE0400291,Tamil Nadu,TN,South,448349,5G SA,28603,74.7,14.2,0.68,20.4,True,Fibre
SITE0400654,Tamil Nadu,TN,South,322804,5G NSA,5622,45.0,4.7,0.28,58.5,False,Fibre
SITE0403602,Karnataka,KA,South,491740,5G SA,16726,28.6,11.6,0.48,99.6,False,Fibre
SITE0400121,West Bengal,WB,East,332298,5G SA,7090,37.1,13.6,1.45,84.0,False,Microwave
SITE0402508,Gujarat,GJ,West,370890,5G SA,31503,4.0,9.3,0.96,56.1,False,Fibre
SITE0403223,Uttar Pradesh West,UPW,North,777241,5G NSA,12236,18.5,11.8,0.35,102.8,False,Fibre
SITE0400116,Jammu & Kashmir,JK,North,811442,4G LTE,39997,31.7,6.0,0.09,16.5,False,Fibre
SITE0400356,Bihar & Jharkhand,BH,East,239628,5G NSA,28301,59.4,14.9,0.41,82.8,False,Microwave
SITE0403247,Punjab,PB,North,307516,4G LTE,5792,58.0,10.3,0.33,37.9,False,Fibre
SITE0402034,Uttar Pradesh East,UPE,North,280210,5G SA,25391,87.4,6.1,1.66,1.5,True,Microwave
SITE0402491,Jammu & Kashmir,JK,North,282108,4G LTE,21084,32.2,10.9,0.31,108.2,False,Fibre
SITE0400511,Uttar Pradesh West,UPW,North,481709,4G LTE,39203,62.3,8.6,0.45,85.9,False,Fibre
SITE0403757,Uttar Pradesh West,UPW,North,495569,4G LTE,33037,39.5,6.1,0.56,35.8,False,Fibre
SITE0402250,Maharashtra & Goa,MH,West,705690,4G LTE,6381,42.0,12.5,0.48,28.3,False,Fibre
SITE0400568,Delhi NCR,DL,North,136382,4G LTE,3544,36.4,5.7,0.19,109.1,False,Fibre
SITE0403264,Bihar & Jharkhand,BH,East,801711,4G LTE,1957,94.1,9.1,0.65,55.9,True,Fibre
SITE0400969,Maharashtra & Goa,MH,West,747826,4G LTE,40683,39.4,18.5,0.3,57.7,False,Microwave
SITE0403617,Karnataka,KA,South,257309,4G LTE,33511,20.1,13.3,0.84,73.3,False,Microwave
SITE0400836,Haryana,HR,North,611012,5G SA,38759,65.0,2.1,0.03,26.3,False,Fibre
SITE0400493,Maharashtra & Goa,MH,West,336431,4G LTE,8371,25.9,10.5,0.66,70.8,False,Fibre
SITE0403434,Karnataka,KA,South,238451,5G NSA,32595,41.2,15.1,0.11,123.2,False,Fibre
SITE0401648,Uttar Pradesh West,UPW,North,215500,5G SA,33601,38.1,10.9,0.47,37.6,False,Fibre
SITE0401547,Kerala,KL,South,595420,4G LTE,37132,23.8,13.0,0.9,130.8,False,Fibre
SITE0403154,Madhya Pradesh & Chhattisgarh,MP,North,213337,5G NSA,36985,89.2,3.7,0.58,67.1,True,Fibre
SITE0400300,Bihar & Jharkhand,BH,East,381886,5G SA,40148,57.1,0.6,1.33,30.6,False,Fibre
SITE0403024,Uttar Pradesh East,UPE,North,422428,5G SA,18326,72.9,11.1,0.01,64.4,False,Microwave
SITE0401694,Rajasthan,RJ,North,573101,5G SA,41854,59.7,1.6,0.27,73.8,False,Fibre
SITE0402499,Uttar Pradesh East,UPE,North,274436,5G SA,38047,21.9,13.8,0.04,119.7,False,Fibre
SITE0402163,Karnataka,KA,South,687012,5G SA,40328,44.7,17.9,0.79,79.8,False,Fibre
SITE0403809,Maharashtra & Goa,MH,West,412215,4G LTE,5938,20.0,5.2,0.75,187.6,False,Microwave
SITE0400734,Madhya Pradesh & Chhattisgarh,MP,North,641275,5G SA,30590,52.7,14.1,0.95,65.3,False,Fibre
SITE0401209,Punjab,PB,North,538256,5G SA,7709,42.0,8.9,0.87,42.3,False,Microwave
SITE0403089,Delhi NCR,DL,North,762710,4G LTE,14576,24.1,20.4,0.44,84.5,False,Fibre
SITE0402537,Bihar & Jharkhand,BH,East,851263,5G SA,28863,41.3,7.6,0.57,84.7,False,Fibre
SITE0402158,Madhya Pradesh & Chhattisgarh,MP,North,658932,4G LTE,40747,76.7,3.2,2.82,52.6,True,Fibre
SITE0400914,Maharashtra & Goa,MH,West,537113,5G SA,37976,5.8,8.5,1.05,103.7,False,Fibre
SITE0402908,Karnataka,KA,South,705651,4G LTE,29086,17.9,10.7,0.09,162.8,False,Fibre
SITE0402007,Karnataka,KA,South,171893,5G SA,2568,17.5,13.5,0.85,60.8,False,Fibre
SITE0401707,Kerala,KL,South,700961,4G LTE,8049,31.1,11.4,0.39,105.7,False,Fibre
SITE0402312,Rajasthan,RJ,North,801976,5G SA,3193,58.7,8.4,0.72,96.8,False,Fibre
SITE0402279,Odisha,OR,East,131166,5G SA,3592,51.8,13.5,0.78,9.8,False,Fibre
SITE0402463,Maharashtra & Goa,MH,West,598552,5G SA,21096,77.3,8.6,0.71,60.0,True,Fibre
SITE0401201,Maharashtra & Goa,MH,West,694669,5G SA,30403,61.1,10.3,0.38,25.7,False,Fibre
SITE0401184,Jammu & Kashmir,JK,North,638687,5G NSA,22421,54.5,9.8,0.25,30.2,False,Microwave
SITE0402445,Delhi NCR,DL,North,714307,5G NSA,22159,45.0,4.5,0.12,114.1,False,Fibre
SITE0402089,Odisha,OR,East,830560,4G LTE,9819,37.6,17.9,0.28,85.0,False,Fibre
SITE0402792,Andhra Pradesh & Telangana,AP,South,113262,5G NSA,17554,31.1,13.0,0.25,117.9,False,Fibre
SITE0402023,Andhra Pradesh & Telangana,AP,South,358465,5G SA,37098,37.9,6.6,0.46,66.5,False,Fibre
SITE0403711,Uttar Pradesh West,UPW,North,704531,4G LTE,14200,80.5,9.4,0.5,38.8,True,Fibre
SITE0402590,Andhra Pradesh & Telangana,AP,South,832401,4G LTE,38795,40.0,7.2,0.61,79.6,False,Fibre
SITE0402707,Uttar Pradesh East,UPE,North,580367,4G LTE,9564,62.0,13.7,0.87,6.5,False,Fibre
SITE0403283,Andhra Pradesh & Telangana,AP,South,807426,4G LTE,26363,42.8,14.2,0.37,59.9,False,Fibre
SITE0401816,Maharashtra & Goa,MH,West,326284,4G LTE,33308,59.8,13.5,0.76,138.9,False,Fibre
SITE0400161,Himachal Pradesh,HP,North,787757,5G NSA,5788,63.4,-5.0,0.59,68.6,False,Microwave
SITE0402953,Odisha,OR,East,806156,4G LTE,12532,55.4,10.1,0.76,72.4,False,Fibre
SITE0403502,Maharashtra & Goa,MH,West,494384,5G SA,36901,40.6,13.8,0.87,190.6,False,Fibre
SITE0401715,Uttar Pradesh West,UPW,North,172965,5G SA,12261,52.1,3.3,1.78,101.0,False,Fibre
SITE0400614,Madhya Pradesh & Chhattisgarh,MP,North,529002,4G LTE,39104,33.8,11.6,0.8,37.8,False,Fibre
SITE0400636,Rajasthan,RJ,North,406662,4G LTE,26123,49.1,12.7,0.15,28.2,False,Fibre
SITE0400178,Uttar Pradesh West,UPW,North,129267,5G SA,33241,32.3,18.1,0.37,66.7,False,Fibre
SITE0402752,Odisha,OR,East,193546,5G SA,36005,33.0,15.9,1.15,76.3,False,Fibre
SITE0400661,Haryana,HR,North,282292,4G LTE,29738,53.5,3.1,0.34,106.3,False,Microwave
SITE0400166,Uttar Pradesh East,UPE,North,596636,4G LTE,4991,65.1,1.9,1.15,111.1,False,Fibre
SITE0403639,Kerala,KL,South,375324,4G LTE,19907,48.6,18.2,0.42,46.5,False,Fibre
SITE0400668,Tamil Nadu,TN,South,808940,4G LTE,2554,25.8,16.7,0.34,110.8,False,Fibre
SITE0401336,West Bengal,WB,East,216852,4G LTE,34796,70.0,12.9,0.41,124.3,False,Fibre
SITE0400273,Haryana,HR,North,582579,5G NSA,31063,66.1,11.5,0.31,45.9,False,Microwave
SITE0403660,Tamil Nadu,TN,South,401709,4G LTE,37701,42.6,10.1,0.46,47.0,False,Fibre
SITE0401756,Punjab,PB,North,644855,4G LTE,25111,42.2,10.1,1.65,57.8,False,Fibre
SITE0401709,Uttar Pradesh East,UPE,North,178362,4G LTE,14246,47.2,16.8,0.4,109.5,False,Fibre
SITE0402028,Tamil Nadu,TN,South,330767,5G NSA,29084,25.6,15.1,0.45,29.1,False,Fibre
SITE0402319,Uttar Pradesh West,UPW,North,320465,4G LTE,12023,27.1,11.0,0.34,113.6,False,Microwave
SITE0401133,Kolkata,KO,East,272545,5G SA,15065,54.7,7.9,0.02,109.2,False,Microwave
SITE0402629,Madhya Pradesh & Chhattisgarh,MP,North,703449,5G SA,13164,84.7,6.8,1.38,60.8,True,Fibre
SITE0403314,Gujarat,GJ,West,840386,5G NSA,2111,36.6,15.3,0.23,21.4,False,Microwave
SITE0403486,Madhya Pradesh & Chhattisgarh,MP,North,470904,4G LTE,20598,99.0,8.5,0.09,99.7,True,Fibre
SITE0400696,Rajasthan,RJ,North,190811,4G LTE,18262,62.1,5.6,0.28,15.6,False,Fibre
SITE0403658,Bihar & Jharkhand,BH,East,743923,4G LTE,4751,80.1,6.6,0.51,63.4,True,Fibre
SITE0402106,Himachal Pradesh,HP,North,270053,5G SA,24131,61.6,9.1,0.56,100.1,False,Fibre
SITE0400975,Karnataka,KA,South,139570,5G SA,18364,10.3,23.2,0.09,81.4,False,Fibre
SITE0400301,Uttar Pradesh West,UPW,North,852691,5G SA,24630,52.8,15.6,0.82,83.5,False,Fibre
SITE0401523,Madhya Pradesh & Chhattisgarh,MP,North,663110,5G NSA,9580,19.6,10.0,1.71,72.9,False,Fibre
SITE0403551,Maharashtra & Goa,MH,West,396827,5G NSA,13411,26.5,15.3,0.11,89.8,False,Fibre
SITE0400580,Uttar Pradesh East,UPE,North,367740,4G LTE,14671,61.1,14.9,0.59,85.1,False,Fibre
SITE0401744,Rajasthan,RJ,North,659664,5G SA,40361,43.7,9.3,1.98,129.9,False,Fibre
SITE0401803,Maharashtra & Goa,MH,West,203691,5G NSA,16838,36.8,2.0,0.23,15.4,False,Fibre
SITE0400186,Kerala,KL,South,777538,4G LTE,29959,26.1,10.6,0.76,75.1,False,Microwave
SITE0403143,Bihar & Jharkhand,BH,East,700247,4G LTE,15240,29.1,11.7,1.04,107.1,False,Fibre
SITE0402480,Rajasthan,RJ,North,559788,4G LTE,33510,48.1,8.0,1.23,76.3,False,Fibre
SITE0401916,Maharashtra & Goa,MH,West,219179,5G NSA,37512,36.8,10.7,0.54,96.5,False,Fibre
SITE0403021,Odisha,OR,East,356069,5G SA,11144,70.0,9.5,0.17,67.9,False,Microwave
SITE0401331,Odisha,OR,East,608299,5G SA,23873,50.2,9.8,0.74,63.7,False,Fibre
SITE0403222,Gujarat,GJ,West,113493,5G SA,16357,31.4,8.7,0.12,44.1,False,Fibre
SITE0400462,Madhya Pradesh & Chhattisgarh,MP,North,151753,5G SA,13648,67.0,4.8,1.55,67.5,False,Microwave
SITE0401153,Rajasthan,RJ,North,849226,4G LTE,23501,25.6,5.8,0.54,76.2,False,Fibre
SITE0401266,Bihar & Jharkhand,BH,East,699750,4G LTE,34731,39.3,13.8,0.34,63.8,False,Fibre
SITE0403324,West Bengal,WB,East,367867,4G LTE,15657,42.8,6.3,0.28,64.8,False,Fibre
SITE0400490,Bihar & Jharkhand,BH,East,724650,5G SA,23329,78.6,7.9,0.51,102.5,True,Fibre
SITE0401918,Haryana,HR,North,623522,5G NSA,24437,32.8,10.2,0.46,69.7,False,Microwave
SITE0400039,Tamil Nadu,TN,South,386395,5G SA,10032,47.5,7.3,0.11,86.3,False,Fibre
SITE0401291,Mumbai,MU,West,437723,5G SA,26408,35.7,5.5,0.1,104.6,False,Microwave
SITE0400358,North East,NE,East,153480,5G SA,26699,51.5,12.1,0.37,1.5,False,Microwave
SITE0401859,Uttar Pradesh West,UPW,North,167700,5G SA,28127,41.7,3.3,1.56,91.8,False,Microwave
SITE0402363,Uttar Pradesh West,UPW,North,695509,5G NSA,13695,98.4,6.1,0.07,93.5,True,Microwave
SITE0403193,Uttar Pradesh East,UPE,North,843274,5G NSA,34972,43.6,12.0,0.36,65.9,False,Fibre
SITE0401053,Odisha,OR,East,189248,4G LTE,11038,21.2,15.5,0.95,45.5,False,Fibre
SITE0401616,West Bengal,WB,East,637622,5G NSA,7851,59.5,7.3,1.12,122.4,False,Fibre
SITE0401643,Uttar Pradesh East,UPE,North,358139,4G LTE,32478,48.2,12.1,1.61,26.3,False,Microwave
SITE0403736,Haryana,HR,North,152661,5G SA,2734,46.7,10.5,0.55,59.2,False,Fibre
SITE0403692,Kolkata,KO,East,697214,4G LTE,21156,13.5,13.8,0.16,118.1,False,Fibre
SITE0402425,West Bengal,WB,East,495584,5G NSA,3588,78.2,5.6,0.6,79.8,True,Fibre
SITE0400056,Madhya Pradesh & Chhattisgarh,MP,North,246407,4G LTE,37905,69.1,6.8,0.41,1.5,False,Microwave
SITE0403342,Madhya Pradesh & Chhattisgarh,MP,North,125240,4G LTE,34160,93.9,6.8,0.12,31.3,True,Microwave
SITE0400647,Gujarat,GJ,West,741575,5G SA,35005,36.6,8.2,0.24,36.5,False,Fibre
SITE0403624,Karnataka,KA,South,506758,4G LTE,5758,55.4,10.2,0.51,27.8,False,Fibre
SITE0401776,Bihar & Jharkhand,BH,East,310989,4G LTE,19476,44.2,11.0,0.9,88.9,False,Fibre
SITE0403199,Rajasthan,RJ,North,385628,5G SA,30076,58.9,7.6,1.55,97.4,False,Fibre
SITE0400518,Maharashtra & Goa,MH,West,736405,4G LTE,32796,55.4,6.8,0.32,61.8,False,Fibre
SITE0400483,Maharashtra & Goa,MH,West,368987,4G LTE,8728,25.5,12.3,0.31,44.4,False,Fibre
SITE0400270,Madhya Pradesh & Chhattisgarh,MP,North,844942,5G SA,12297,43.7,12.6,0.67,65.7,False,Fibre
SITE0400690,Delhi NCR,DL,North,215465,4G LTE,6627,33.4,9.3,0.47,70.1,False,Fibre
SITE0400572,Rajasthan,RJ,North,821098,5G SA,11176,25.3,10.0,1.38,113.2,False,Fibre
SITE0401016,Maharashtra & Goa,MH,West,784238,5G NSA,37590,34.1,17.7,0.36,52.0,False,Fibre
SITE0401195,Rajasthan,RJ,North,585635,5G SA,2255,29.4,12.4,0.56,96.3,False,Fibre
SITE0403043,Kerala,KL,South,395667,4G LTE,16436,63.4,13.9,0.39,86.9,False,Fibre
SITE0402989,Madhya Pradesh & Chhattisgarh,MP,North,459793,4G LTE,34163,54.3,12.6,1.97,68.4,False,Fibre
SITE0403073,Jammu & Kashmir,JK,North,258547,5G SA,20028,75.4,13.9,0.19,42.7,True,Fibre
SITE0403841,North East,NE,East,365513,5G SA,9138,79.4,8.9,1.35,157.8,True,Fibre
SITE0401621,Assam,AS,East,655478,5G SA,28496,78.3,9.1,0.13,37.9,True,Fibre
SITE0401311,Uttar Pradesh East,UPE,North,834599,4G LTE,2767,43.9,6.6,0.63,89.8,False,Microwave
SITE0402938,Gujarat,GJ,West,617637,4G LTE,29494,68.7,4.0,0.18,86.3,False,Fibre
SITE0401240,Gujarat,GJ,West,716150,4G LTE,13422,33.4,10.4,0.58,105.4,False,Fibre
SITE0400554,Uttar Pradesh West,UPW,North,256174,5G SA,21970,44.7,14.2,1.45,69.1,False,Fibre
SITE0401677,Kerala,KL,South,384335,4G LTE,16250,36.1,11.6,0.26,41.1,False,Fibre
SITE0401456,Madhya Pradesh & Chhattisgarh,MP,North,255596,5G NSA,27953,16.6,13.3,0.16,102.6,False,Fibre
SITE0402976,Bihar & Jharkhand,BH,East,322233,4G LTE,29460,83.4,-1.3,0.04,84.5,True,Microwave
SITE0402033,Haryana,HR,North,711834,5G SA,2124,53.2,14.3,0.18,51.0,False,Microwave
SITE0403683,Rajasthan,RJ,North,163682,4G LTE,3559,41.5,13.5,1.15,67.1,False,Fibre
SITE0401609,West Bengal,WB,East,542906,5G SA,35084,71.6,16.1,0.49,62.8,False,Fibre
SITE0401823,Tamil Nadu,TN,South,710216,5G SA,34375,24.9,13.0,0.66,62.6,False,Microwave
SITE0402487,Delhi NCR,DL,North,321539,5G SA,34702,50.1,9.9,0.14,58.7,False,Fibre
SITE0402705,Karnataka,KA,South,504648,4G LTE,21904,51.2,19.3,0.53,84.1,False,Fibre
SITE0400025,Gujarat,GJ,West,350628,4G LTE,42146,23.7,3.5,0.33,86.0,False,Fibre
SITE0403348,Maharashtra & Goa,MH,West,526323,5G SA,25512,51.9,4.1,0.47,60.8,False,Fibre
SITE0400960,Rajasthan,RJ,North,441485,5G SA,40209,58.0,11.1,0.78,136.4,False,Fibre
SITE0403090,Punjab,PB,North,407398,5G SA,12009,30.1,6.8,0.48,100.7,False,Fibre
SITE0401724,Tamil Nadu,TN,South,845887,5G SA,15352,5.4,14.2,0.2,111.1,False,Fibre
SITE0403145,Kerala,KL,South,702418,4G LTE,18587,37.6,14.7,0.56,71.2,False,Fibre
SITE0402977,Kolkata,KO,East,246262,4G LTE,7255,65.5,15.2,0.6,61.7,False,Fibre
SITE0402403,Jammu & Kashmir,JK,North,568851,5G NSA,23706,42.5,8.8,0.1,57.1,False,Fibre
SITE0402598,Rajasthan,RJ,North,346649,5G SA,40078,18.4,11.8,0.02,60.9,False,Fibre
SITE0402610,Kerala,KL,South,731084,5G SA,8758,14.5,8.7,0.95,125.3,False,Fibre
SITE0401553,Karnataka,KA,South,114394,5G NSA,30277,18.3,7.9,0.24,126.3,False,Microwave
SITE0402773,Uttar Pradesh East,UPE,North,452689,4G LTE,6456,56.2,15.1,0.79,100.1,False,Fibre
SITE0401160,Tamil Nadu,TN,South,508965,4G LTE,34922,60.4,10.9,0.12,89.9,False,Fibre
SITE0403733,Punjab,PB,North,296915,5G SA,6051,40.3,2.7,0.35,74.8,False,Microwave
SITE0401784,Uttar Pradesh East,UPE,North,203510,5G SA,7494,78.4,8.6,1.37,84.5,True,Fibre
SITE0400570,Bihar & Jharkhand,BH,East,153099,5G SA,9159,52.6,1.9,0.71,93.8,False,Fibre
SITE0401702,Gujarat,GJ,West,150904,5G SA,1994,48.5,6.7,0.9,21.7,False,Fibre
SITE0403116,West Bengal,WB,East,346182,5G SA,4921,55.3,4.9,2.18,99.4,False,Fibre
SITE0402535,Mumbai,MU,West,124946,5G SA,40775,35.7,12.2,0.15,1.5,False,Fibre
SITE0401366,Tamil Nadu,TN,South,167500,5G SA,15607,36.9,6.7,0.9,120.0,False,Fibre
SITE0400885,Karnataka,KA,South,735846,5G SA,8742,32.5,8.9,0.22,61.8,False,Fibre
SITE0403506,Kerala,KL,South,444824,5G SA,41556,28.9,6.0,0.64,102.4,False,Fibre
SITE0400029,Uttar Pradesh East,UPE,North,751746,5G SA,30462,13.2,4.8,1.55,44.3,False,Fibre
SITE0403479,Uttar Pradesh East,UPE,North,370869,5G SA,23704,20.4,14.7,0.29,80.0,False,Fibre
SITE0403791,Mumbai,MU,West,187722,4G LTE,32445,56.8,10.7,0.67,114.1,False,Fibre
SITE0400302,Karnataka,KA,South,166515,5G NSA,38550,45.0,13.2,0.11,61.2,False,Fibre
SITE0401617,Kerala,KL,South,739234,5G SA,24575,44.2,-2.0,0.15,144.4,False,Fibre
SITE0402909,Gujarat,GJ,West,529048,4G LTE,9024,77.4,2.5,0.76,54.5,True,Fibre
SITE0400956,Tamil Nadu,TN,South,203727,4G LTE,39642,36.5,2.8,0.16,87.9,False,Fibre
SITE0402978,Tamil Nadu,TN,South,468324,5G SA,23608,68.7,7.8,1.05,68.2,False,Fibre
SITE0400905,Karnataka,KA,South,306803,5G NSA,21239,11.7,14.8,0.12,164.6,False,Fibre
SITE0403100,West Bengal,WB,East,152984,4G LTE,21344,32.0,6.8,0.11,120.1,False,Fibre
SITE0402573,Rajasthan,RJ,North,819751,5G NSA,31695,60.1,12.5,0.2,27.1,False,Fibre
SITE0401624,Odisha,OR,East,364488,5G SA,19546,57.9,12.2,0.42,32.9,False,Microwave
SITE0403185,Delhi NCR,DL,North,129256,4G LTE,23448,33.1,10.2,0.3,1.5,False,Fibre
SITE0400808,Madhya Pradesh & Chhattisgarh,MP,North,478282,5G SA,24366,57.5,-1.5,0.4,110.2,False,Fibre
SITE0400101,West Bengal,WB,East,297558,5G SA,8099,39.0,9.6,0.74,112.9,False,Fibre
SITE0401055,Kolkata,KO,East,165802,5G SA,3438,68.3,12.7,0.76,73.3,False,Microwave
SITE0401438,Uttar Pradesh West,UPW,North,459894,5G SA,6152,17.0,11.7,1.38,108.1,False,Fibre
SITE0401599,Gujarat,GJ,West,766933,4G LTE,7591,57.4,8.9,0.41,80.7,False,Microwave
SITE0400032,Uttar Pradesh East,UPE,North,502675,4G LTE,13222,10.4,9.3,0.72,100.8,False,Fibre
SITE0402607,North East,NE,East,792250,5G SA,9223,35.6,6.5,0.18,96.9,False,Fibre
SITE0401594,Madhya Pradesh & Chhattisgarh,MP,North,129262,5G SA,42124,36.0,7.8,0.59,18.1,False,Fibre
SITE0401805,West Bengal,WB,East,404739,4G LTE,37867,40.5,17.8,0.46,46.5,False,Fibre
SITE0400926,Punjab,PB,North,305687,5G NSA,34640,49.5,2.9,0.42,98.7,False,Microwave
SITE0400793,Rajasthan,RJ,North,249991,5G NSA,29503,11.3,17.3,0.78,67.8,False,Fibre
SITE0400640,Uttar Pradesh East,UPE,North,269255,4G LTE,26108,97.4,5.5,1.05,19.3,True,Fibre
SITE0400443,Uttar Pradesh East,UPE,North,174973,4G LTE,21710,44.6,5.9,0.42,58.2,False,Fibre
SITE0402429,Mumbai,MU,West,281007,5G SA,14098,19.2,11.0,0.72,158.7,False,Fibre
SITE0403218,Mumbai,MU,West,800253,4G LTE,15451,37.0,9.7,0.2,45.2,False,Fibre
SITE0402474,Haryana,HR,North,572221,4G LTE,7663,37.2,2.8,0.57,135.6,False,Fibre
SITE0401740,Kolkata,KO,East,404411,5G NSA,13196,68.4,5.1,0.44,101.0,False,Fibre
SITE0403047,Uttar Pradesh West,UPW,North,837402,4G LTE,28761,24.7,17.5,0.98,56.5,False,Fibre
SITE0403235,Himachal Pradesh,HP,North,470133,5G NSA,39645,65.6,8.1,0.75,37.2,False,Fibre
SITE0402354,Karnataka,KA,South,578597,4G LTE,40689,8.0,11.1,0.35,100.7,False,Microwave
SITE0401458,Odisha,OR,East,584867,5G NSA,3370,38.8,6.7,0.11,97.3,False,Microwave
SITE0400738,Kolkata,KO,East,413194,5G NSA,18011,15.7,4.4,0.36,125.5,False,Microwave
SITE0403783,Mumbai,MU,West,825548,5G SA,33781,32.4,22.0,0.21,113.0,False,Microwave
SITE0402998,Uttar Pradesh East,UPE,North,148739,5G NSA,12282,63.5,11.2,0.21,25.6,False,Microwave
SITE0401796,Uttar Pradesh East,UPE,North,368513,4G LTE,39373,50.9,0.1,0.67,105.7,False,Fibre
SITE0400977,Tamil Nadu,TN,South,729466,5G NSA,13517,37.6,7.4,0.41,109.9,False,Microwave
SITE0401966,Uttar Pradesh East,UPE,North,324552,5G SA,19704,93.5,2.1,1.4,39.6,True,Fibre
SITE0401607,Tamil Nadu,TN,South,470062,5G SA,13970,49.1,8.3,0.3,63.9,False,Fibre
SITE0402436,Gujarat,GJ,West,253908,4G LTE,10229,72.3,2.1,0.15,95.0,False,Microwave
SITE0402418,Uttar Pradesh East,UPE,North,809929,5G SA,26171,4.0,15.0,0.39,97.4,False,Fibre
SITE0401804,Punjab,PB,North,774177,4G LTE,42343,45.6,3.1,0.32,40.5,False,Microwave
SITE0403749,Delhi NCR,DL,North,845533,4G LTE,34902,29.5,16.3,0.07,81.6,False,Fibre
SITE0403577,Gujarat,GJ,West,702184,4G LTE,19829,24.8,14.2,0.64,13.9,False,Fibre
SITE0402374,Andhra Pradesh & Telangana,AP,South,517671,4G LTE,5730,45.9,8.9,0.57,146.5,False,Fibre
SITE0403714,Madhya Pradesh & Chhattisgarh,MP,North,621110,4G LTE,31007,48.6,9.1,0.44,120.7,False,Fibre
SITE0400362,Uttar Pradesh East,UPE,North,517756,4G LTE,12860,74.9,11.6,1.29,32.8,True,Microwave
SITE0402453,Delhi NCR,DL,North,343048,4G LTE,14603,43.8,13.3,0.14,105.7,False,Fibre
SITE0401753,Kolkata,KO,East,643136,4G LTE,6457,43.2,11.4,0.92,63.4,False,Fibre
SITE0401411,Karnataka,KA,South,843218,4G LTE,7973,57.6,14.5,0.34,80.4,False,Fibre
SITE0400633,Uttar Pradesh West,UPW,North,259628,4G LTE,42056,92.1,9.3,0.66,85.4,True,Fibre
SITE0400949,Bihar & Jharkhand,BH,East,553884,5G SA,12065,69.9,16.8,0.14,107.4,False,Fibre
SITE0403315,Karnataka,KA,South,298115,4G LTE,35982,21.0,5.3,0.38,109.1,False,Fibre
SITE0402744,Punjab,PB,North,760192,4G LTE,38646,54.9,9.1,0.23,47.7,False,Microwave
SITE0403265,Rajasthan,RJ,North,599989,5G SA,26244,18.0,10.9,0.67,66.5,False,Fibre
SITE0401706,West Bengal,WB,East,163733,4G LTE,14575,64.4,19.1,0.98,44.2,False,Fibre
SITE0401942,Uttar Pradesh East,UPE,North,581190,4G LTE,28009,92.6,0.3,0.9,87.4,True,Fibre
SITE0402286,West Bengal,WB,East,724387,5G SA,14459,45.8,10.2,0.21,58.7,False,Fibre
SITE0400526,Haryana,HR,North,320113,4G LTE,30050,62.3,13.4,0.39,74.8,False,Fibre
SITE0400112,Uttar Pradesh East,UPE,North,569739,4G LTE,24846,64.4,10.6,1.14,40.0,False,Microwave
SITE0401537,Tamil Nadu,TN,South,440256,5G NSA,31805,41.7,7.1,0.92,52.2,False,Fibre
SITE0400907,Andhra Pradesh & Telangana,AP,South,637137,4G LTE,10046,29.7,13.2,0.85,114.5,False,Microwave
SITE0401852,Tamil Nadu,TN,South,628355,5G SA,40896,16.2,7.7,0.15,118.9,False,Fibre
SITE0402732,Odisha,OR,East,273563,5G NSA,22001,63.8,14.7,0.49,74.3,False,Fibre
SITE0400781,Gujarat,GJ,West,478990,4G LTE,30433,53.6,15.0,0.89,74.6,False,Fibre
SITE0403646,Assam,AS,East,572032,5G NSA,39074,18.6,6.7,0.36,97.7,False,Fibre
SITE0402726,Odisha,OR,East,837964,5G SA,12757,13.7,13.7,1.16,27.9,False,Fibre
SITE0402396,Gujarat,GJ,West,461017,4G LTE,37915,59.0,-0.5,0.72,54.0,False,Fibre
SITE0402708,Rajasthan,RJ,North,592160,5G SA,29848,46.5,12.1,1.0,78.9,False,Fibre
SITE0401359,Gujarat,GJ,West,421564,5G NSA,27219,55.9,7.6,0.46,83.5,False,Fibre
SITE0401010,Tamil Nadu,TN,South,137545,4G LTE,7564,55.6,4.1,0.35,121.1,False,Microwave
SITE0403068,Andhra Pradesh & Telangana,AP,South,217919,5G SA,21911,15.2,15.3,1.06,89.5,False,Fibre
SITE0402144,Uttar Pradesh West,UPW,North,680958,4G LTE,35713,76.3,7.3,0.63,61.6,True,Microwave
SITE0403822,Andhra Pradesh & Telangana,AP,South,323765,5G SA,34734,23.2,7.3,0.23,47.7,False,Microwave
SITE0400819,Maharashtra & Goa,MH,West,334461,4G LTE,22189,34.6,12.5,0.19,93.4,False,Microwave
SITE0402694,Punjab,PB,North,779306,5G NSA,21401,35.3,12.4,0.78,113.2,False,Fibre
SITE0402757,Kerala,KL,South,465522,5G SA,17487,34.2,8.9,0.63,19.3,False,Fibre
SITE0402209,Maharashtra & Goa,MH,West,670635,5G SA,37891,53.0,6.3,0.15,88.9,False,Fibre
SITE0400346,Jammu & Kashmir,JK,North,795975,5G NSA,22919,51.8,12.2,0.34,136.7,False,Fibre
SITE0403552,Rajasthan,RJ,North,803188,5G SA,32994,18.9,9.9,1.12,168.3,False,Fibre
SITE0401376,Kerala,KL,South,342852,5G NSA,34068,45.4,11.1,0.32,86.4,False,Fibre
SITE0402185,Delhi NCR,DL,North,191430,5G SA,6225,42.8,19.1,1.0,25.1,False,Fibre
SITE0400839,Kerala,KL,South,610149,4G LTE,4602,44.2,8.2,0.37,91.3,False,Fibre
SITE0403140,Delhi NCR,DL,North,445836,5G NSA,34470,39.2,2.8,0.83,80.6,False,Fibre
SITE0400802,Karnataka,KA,South,716108,4G LTE,8193,26.9,11.4,0.5,77.9,False,Microwave
SITE0400588,Kolkata,KO,East,380125,4G LTE,3017,27.3,11.7,0.43,106.3,False,Fibre
SITE0403456,Maharashtra & Goa,MH,West,286189,4G LTE,29404,46.8,6.3,0.21,131.9,False,Fibre
SITE0403842,Madhya Pradesh & Chhattisgarh,MP,North,839305,5G NSA,38603,96.8,3.1,0.19,72.8,True,Microwave
SITE0403678,Delhi NCR,DL,North,546197,5G SA,33287,39.1,6.5,1.29,75.9,False,Fibre
SITE0403521,Rajasthan,RJ,North,573916,4G LTE,31409,47.0,4.8,0.4,87.8,False,Microwave
SITE0401264,Karnataka,KA,South,327281,5G SA,10586,34.1,11.0,0.75,146.0,False,Microwave
SITE0400681,West Bengal,WB,East,149644,5G SA,8937,25.4,18.5,0.29,100.9,False,Fibre
SITE0402161,Kerala,KL,South,342527,4G LTE,10716,11.2,17.0,0.89,70.2,False,Fibre
SITE0401506,Maharashtra & Goa,MH,West,243992,4G LTE,9064,42.6,12.1,0.13,13.1,False,Fibre
SITE0402120,Assam,AS,East,688866,5G NSA,10256,70.4,11.2,1.19,35.3,False,Microwave
SITE0403151,Maharashtra & Goa,MH,West,570009,5G SA,35237,64.3,7.5,0.18,50.6,False,Fibre
SITE0403284,Uttar Pradesh East,UPE,North,272122,4G LTE,20905,74.4,5.8,0.25,64.9,True,Fibre
SITE0401121,Maharashtra & Goa,MH,West,670234,5G SA,7779,43.1,3.6,0.5,68.9,False,Fibre
SITE0401831,Assam,AS,East,157549,5G NSA,4892,31.9,15.9,0.89,101.2,False,Fibre
SITE0400849,Bihar & Jharkhand,BH,East,601740,5G NSA,31426,86.8,7.9,0.87,66.3,True,Fibre
SITE0402228,Uttar Pradesh East,UPE,North,849236,5G NSA,13701,34.6,19.4,0.07,78.6,False,Fibre
SITE0400660,Rajasthan,RJ,North,502152,5G NSA,38463,28.2,8.1,1.54,84.5,False,Fibre
SITE0401829,Andhra Pradesh & Telangana,AP,South,333629,5G SA,14910,40.5,8.3,0.03,55.4,False,Fibre
SITE0401445,Rajasthan,RJ,North,183258,4G LTE,37065,29.2,14.9,0.64,136.8,False,Fibre
SITE0402588,Mumbai,MU,West,833571,5G NSA,17492,5.9,16.0,0.3,118.3,False,Fibre
SITE0400068,Andhra Pradesh & Telangana,AP,South,396713,4G LTE,15704,46.1,6.3,0.51,54.1,False,Microwave
SITE0402638,Andhra Pradesh & Telangana,AP,South,702098,4G LTE,13684,10.5,12.5,0.27,152.6,False,Microwave
SITE0403270,Odisha,OR,East,418927,5G SA,41399,19.3,19.6,0.83,125.3,False,Fibre
SITE0403519,Maharashtra & Goa,MH,West,522626,5G SA,42480,8.9,19.1,0.7,91.2,False,Microwave
SITE0403803,Uttar Pradesh West,UPW,North,765456,4G LTE,13351,61.8,10.4,0.82,65.4,False,Microwave
SITE0400746,Odisha,OR,East,207734,5G SA,21940,47.5,10.1,0.25,54.6,False,Fibre
SITE0400388,Tamil Nadu,TN,South,565438,4G LTE,20151,9.9,8.2,0.55,130.7,False,Fibre
SITE0402001,Uttar Pradesh East,UPE,North,741344,5G NSA,36960,35.3,4.3,1.22,130.8,False,Microwave
SITE0400328,Gujarat,GJ,West,580218,5G SA,28503,38.0,5.7,0.28,91.0,False,Fibre
SITE0400898,Uttar Pradesh East,UPE,North,821403,4G LTE,18581,26.2,11.5,1.67,60.8,False,Fibre
SITE0403823,Andhra Pradesh & Telangana,AP,South,266506,5G SA,30283,60.2,14.7,0.16,63.8,False,Fibre
SITE0401017,Madhya Pradesh & Chhattisgarh,MP,North,602702,5G SA,20129,16.2,8.1,1.06,121.4,False,Microwave
SITE0401937,Gujarat,GJ,West,310205,4G LTE,40542,65.4,2.4,0.75,75.7,False,Fibre
SITE0402233,Assam,AS,East,140299,5G SA,4416,49.5,9.0,0.24,19.8,False,Microwave
SITE0402325,Madhya Pradesh & Chhattisgarh,MP,North,475212,4G LTE,34842,26.0,10.1,0.62,131.9,False,Microwave
SITE0401931,Maharashtra & Goa,MH,West,780330,5G NSA,19957,60.8,6.4,0.22,74.5,False,Fibre
SITE0401549,Tamil Nadu,TN,South,348337,5G SA,23600,35.9,7.6,0.2,100.3,False,Microwave
SITE0401433,Gujarat,GJ,West,607892,4G LTE,39372,33.5,10.1,0.55,126.0,False,Fibre
SITE0401251,Delhi NCR,DL,North,756911,5G NSA,39589,20.1,11.4,0.23,84.2,False,Fibre
SITE0401651,Karnataka,KA,South,594718,5G NSA,24865,34.2,9.5,0.05,78.5,False,Fibre
SITE0402994,Rajasthan,RJ,North,498449,4G LTE,33857,20.7,15.0,0.27,99.0,False,Fibre
SITE0401407,Mumbai,MU,West,766107,4G LTE,7887,41.9,4.2,0.25,100.3,False,Fibre
SITE0402126,Uttar Pradesh East,UPE,North,682994,5G NSA,14790,87.0,4.6,0.23,57.5,True,Fibre
SITE0403771,Maharashtra & Goa,MH,West,711640,4G LTE,33211,18.1,15.1,0.68,124.2,False,Fibre
SITE0400307,Gujarat,GJ,West,436198,5G SA,27497,20.4,5.4,0.09,80.6,False,Microwave
SITE0403458,Madhya Pradesh & Chhattisgarh,MP,North,334020,5G NSA,19810,99.0,2.7,0.62,24.3,True,Fibre
SITE0402287,Rajasthan,RJ,North,715918,4G LTE,41602,16.3,15.7,0.03,168.7,False,Fibre
SITE0403437,Tamil Nadu,TN,South,572486,5G SA,36625,57.8,8.3,0.18,94.9,False,Fibre
SITE0402388,Gujarat,GJ,West,797348,4G LTE,17751,35.5,8.7,0.13,29.1,False,Fibre
SITE0401265,Kolkata,KO,East,193978,5G NSA,5107,28.1,18.3,0.21,134.1,False,Fibre
SITE0403766,Gujarat,GJ,West,774953,5G SA,20686,62.0,6.3,0.86,140.5,False,Microwave
SITE0400198,Himachal Pradesh,HP,North,568327,5G SA,41953,37.5,0.8,0.33,138.0,False,Fibre
SITE0401583,Andhra Pradesh & Telangana,AP,South,669331,4G LTE,11035,48.6,3.0,0.22,109.7,False,Fibre
SITE0403613,Andhra Pradesh & Telangana,AP,South,449613,4G LTE,7756,32.6,12.3,0.47,172.1,False,Microwave
SITE0401325,Maharashtra & Goa,MH,West,290525,5G SA,10162,31.8,11.5,0.13,78.3,False,Fibre
SITE0403738,Uttar Pradesh East,UPE,North,683856,4G LTE,29558,41.3,17.0,0.98,51.1,False,Fibre
SITE0402765,Bihar & Jharkhand,BH,East,335825,5G SA,32671,20.4,14.2,0.38,96.8,False,Fibre
SITE0402825,Kolkata,KO,East,629055,5G SA,20862,43.3,10.2,0.65,81.4,False,Fibre
SITE0402882,Bihar & Jharkhand,BH,East,817941,4G LTE,29530,65.8,11.6,0.04,14.9,False,Fibre
SITE0400514,West Bengal,WB,East,116415,5G SA,33412,39.8,14.5,0.46,88.6,False,Microwave
SITE0400704,Uttar Pradesh East,UPE,North,681815,5G NSA,2410,36.6,18.6,1.04,34.8,False,Fibre
SITE0403763,Gujarat,GJ,West,423393,5G SA,25287,28.4,11.3,0.32,95.0,False,Microwave
SITE0402810,Punjab,PB,North,235955,5G SA,38375,17.9,9.7,0.51,115.7,False,Fibre
SITE0400900,Bihar & Jharkhand,BH,East,677508,4G LTE,20508,25.4,12.0,0.74,95.0,False,Microwave
SITE0400794,Uttar Pradesh East,UPE,North,345202,5G SA,31784,25.4,6.7,0.13,20.9,False,Fibre
SITE0402505,Bihar & Jharkhand,BH,East,852214,5G SA,14134,16.3,4.7,0.84,118.1,False,Fibre
SITE0402291,Maharashtra & Goa,MH,West,775880,5G NSA,2836,47.2,14.5,1.39,113.7,False,Fibre
SITE0400170,Bihar & Jharkhand,BH,East,362503,5G NSA,34398,29.9,17.6,0.17,89.1,False,Fibre
SITE0401978,Karnataka,KA,South,417533,5G SA,36661,42.9,4.9,0.42,100.5,False,Fibre
SITE0401941,Tamil Nadu,TN,South,446431,5G NSA,38062,72.3,13.5,0.4,90.4,False,Fibre
SITE0401847,Gujarat,GJ,West,574202,4G LTE,20867,55.8,8.1,0.75,50.4,False,Fibre
SITE0400700,Gujarat,GJ,West,836473,5G SA,41965,31.8,11.9,0.47,135.3,False,Fibre
SITE0400908,Haryana,HR,North,606844,4G LTE,16046,46.3,8.0,0.24,87.9,False,Microwave
SITE0402743,Assam,AS,East,314377,4G LTE,26621,9.3,16.5,0.22,123.8,False,Fibre
SITE0403202,Uttar Pradesh East,UPE,North,640330,4G LTE,13269,48.7,11.1,0.85,74.4,False,Fibre
SITE0401528,Tamil Nadu,TN,South,584355,4G LTE,3900,17.2,17.5,0.54,76.9,False,Microwave
SITE0403313,Haryana,HR,North,288203,5G NSA,21555,33.9,9.9,0.27,115.0,False,Fibre
SITE0400444,Maharashtra & Goa,MH,West,516497,5G NSA,19486,59.2,7.9,0.48,119.7,False,Fibre
SITE0403350,Madhya Pradesh & Chhattisgarh,MP,North,329360,4G LTE,25156,65.4,8.5,0.29,68.2,False,Fibre
SITE0401302,Karnataka,KA,South,624982,4G LTE,16973,42.6,9.4,0.6,52.6,False,Fibre
SITE0401797,Madhya Pradesh & Chhattisgarh,MP,North,307706,4G LTE,2044,71.7,1.6,0.94,98.4,False,Fibre
SITE0402454,Punjab,PB,North,455041,4G LTE,37907,64.9,10.4,0.31,78.2,False,Fibre
SITE0403650,Madhya Pradesh & Chhattisgarh,MP,North,365870,4G LTE,34346,38.1,14.4,1.09,65.0,False,Fibre
SITE0402663,Haryana,HR,North,637694,5G NSA,22306,23.0,6.5,0.23,105.4,False,Fibre
SITE0401925,Karnataka,KA,South,742866,5G SA,36293,9.3,10.8,0.1,92.6,False,Fibre
SITE0401173,Maharashtra & Goa,MH,West,755903,4G LTE,12200,27.6,6.4,1.3,120.3,False,Fibre
SITE0403102,Delhi NCR,DL,North,504251,4G LTE,27667,33.6,8.2,0.31,80.2,False,Microwave
SITE0402485,Maharashtra & Goa,MH,West,135689,4G LTE,9579,66.9,8.1,0.08,93.1,False,Fibre
SITE0400041,Kerala,KL,South,659587,4G LTE,11049,67.9,6.4,0.26,111.1,False,Fibre
SITE0403282,Madhya Pradesh & Chhattisgarh,MP,North,704515,4G LTE,7635,51.8,7.1,0.86,104.2,False,Fibre
SITE0402628,Kolkata,KO,East,809821,4G LTE,20937,65.4,7.9,0.38,113.6,False,Fibre
SITE0402951,Odisha,OR,East,837473,5G SA,21448,67.7,9.0,0.68,80.4,False,Fibre
SITE0403050,Bihar & Jharkhand,BH,East,687264,5G SA,7788,52.8,4.9,1.16,82.6,False,Fibre
SITE0402687,Uttar Pradesh East,UPE,North,165054,5G NSA,6072,99.0,5.9,0.26,15.2,True,Fibre
SITE0401394,Rajasthan,RJ,North,572257,5G SA,32757,62.9,3.4,0.44,58.0,False,Fibre
SITE0401982,Odisha,OR,East,829372,5G SA,18661,60.6,13.4,1.3,69.3,False,Fibre
SITE0400725,Haryana,HR,North,128588,5G SA,41083,59.1,12.9,0.16,62.9,False,Fibre
SITE0402700,Gujarat,GJ,West,357922,4G LTE,36182,49.8,8.7,0.49,93.6,False,Fibre
SITE0403598,Tamil Nadu,TN,South,735405,4G LTE,5581,59.9,9.8,0.15,49.9,False,Fibre
SITE0403213,Kerala,KL,South,555780,5G SA,6393,23.6,11.6,0.64,160.7,False,Fibre
SITE0403077,Maharashtra & Goa,MH,West,807314,4G LTE,11772,44.3,6.3,0.29,76.4,False,Microwave
SITE0400993,Maharashtra & Goa,MH,West,275526,5G NSA,16777,84.4,3.6,0.99,52.8,True,Fibre
SITE0400162,Bihar & Jharkhand,BH,East,497181,4G LTE,21112,35.5,10.1,0.56,83.2,False,Fibre
SITE0401288,Gujarat,GJ,West,668016,4G LTE,13065,27.5,9.5,0.48,132.3,False,Fibre
SITE0402241,Rajasthan,RJ,North,124235,5G SA,15810,46.0,8.8,0.25,84.0,False,Fibre
SITE0403780,Madhya Pradesh & Chhattisgarh,MP,North,328358,4G LTE,34444,64.5,9.7,1.33,113.6,False,Fibre
SITE0401612,Bihar & Jharkhand,BH,East,588212,5G SA,11839,69.1,11.8,1.28,58.0,False,Fibre
SITE0400395,Rajasthan,RJ,North,424402,5G NSA,23822,28.0,-1.9,0.69,82.6,False,Microwave
SITE0401227,Kerala,KL,South,263590,4G LTE,6502,33.3,5.3,0.68,155.1,False,Fibre
SITE0402438,Haryana,HR,North,543861,5G SA,23916,53.5,12.7,0.48,102.8,False,Microwave
SITE0400005,Maharashtra & Goa,MH,West,764623,4G LTE,14752,39.4,13.7,1.66,14.8,False,Fibre
SITE0400798,Uttar Pradesh East,UPE,North,199584,4G LTE,41880,29.1,14.0,2.22,68.7,False,Fibre
SITE0403830,Tamil Nadu,TN,South,199987,5G NSA,37458,30.0,8.1,0.23,121.8,False,Microwave
SITE0402259,Kerala,KL,South,477415,4G LTE,15721,42.5,17.7,0.3,136.8,False,Fibre
SITE0400045,Uttar Pradesh West,UPW,North,581773,5G NSA,41837,32.2,8.6,0.59,42.0,False,Fibre
SITE0403483,Maharashtra & Goa,MH,West,267402,5G NSA,19991,63.5,6.5,0.19,58.1,False,Microwave
SITE0403150,Karnataka,KA,South,448641,4G LTE,40142,24.3,16.5,0.89,158.1,False,Microwave
SITE0400412,Mumbai,MU,West,293099,5G SA,31013,19.9,7.4,0.64,88.9,False,Fibre
SITE0402841,Uttar Pradesh West,UPW,North,367899,5G NSA,18911,31.9,9.6,0.45,47.3,False,Microwave
SITE0400468,Delhi NCR,DL,North,828515,4G LTE,4423,15.3,9.8,0.29,178.6,False,Microwave
SITE0402734,Rajasthan,RJ,North,126361,5G NSA,24188,27.9,18.2,0.06,130.5,False,Microwave
SITE0400260,Andhra Pradesh & Telangana,AP,South,573975,5G NSA,13351,16.0,12.9,0.51,97.4,False,Fibre
SITE0403549,Karnataka,KA,South,116219,5G SA,15705,10.7,11.7,0.63,144.0,False,Fibre
SITE0401629,Andhra Pradesh & Telangana,AP,South,129865,5G SA,29670,50.3,13.3,0.95,112.4,False,Fibre
SITE0401640,Karnataka,KA,South,268233,4G LTE,23619,37.5,4.7,0.93,118.7,False,Fibre
SITE0403312,Madhya Pradesh & Chhattisgarh,MP,North,597329,5G NSA,35981,12.0,14.9,0.26,100.5,False,Fibre
SITE0403812,West Bengal,WB,East,188058,5G SA,31109,85.2,11.7,0.15,1.5,True,Fibre
SITE0402006,Rajasthan,RJ,North,313318,5G NSA,5756,11.2,8.6,0.61,125.9,False,Microwave
SITE0401106,Uttar Pradesh East,UPE,North,359774,5G SA,33174,26.5,18.9,1.52,130.5,False,Fibre
SITE0400228,Karnataka,KA,South,525978,4G LTE,9705,42.7,9.2,0.54,54.2,False,Fibre
SITE0400059,Tamil Nadu,TN,South,507137,5G NSA,27537,32.9,16.9,0.28,99.0,False,Fibre
SITE0400543,Rajasthan,RJ,North,756169,5G SA,35198,40.6,12.5,0.94,55.2,False,Fibre
SITE0402574,Andhra Pradesh & Telangana,AP,South,487998,4G LTE,19912,21.1,12.6,0.41,133.3,False,Fibre
SITE0401073,Tamil Nadu,TN,South,183888,4G LTE,18973,25.7,9.6,0.08,104.3,False,Fibre
SITE0402858,Uttar Pradesh East,UPE,North,354546,4G LTE,35738,16.7,12.9,0.55,43.3,False,Fibre
SITE0403216,Delhi NCR,DL,North,845747,4G LTE,38376,10.4,17.6,0.86,73.8,False,Microwave
SITE0401962,Madhya Pradesh & Chhattisgarh,MP,North,212377,5G SA,20805,50.1,13.6,0.61,109.3,False,Microwave
SITE0402657,Karnataka,KA,South,312525,4G LTE,4062,29.4,13.8,0.23,87.2,False,Fibre
SITE0402964,Karnataka,KA,South,151353,4G LTE,21664,19.2,6.3,0.3,21.2,False,Fibre
SITE0401874,Uttar Pradesh West,UPW,North,273710,4G LTE,13104,22.9,10.6,0.24,93.0,False,Fibre
SITE0403452,Gujarat,GJ,West,489434,4G LTE,8417,40.1,6.7,0.27,34.2,False,Fibre
SITE0403341,Andhra Pradesh & Telangana,AP,South,808746,5G NSA,23383,24.5,12.8,0.24,133.0,False,Microwave
SITE0402987,Punjab,PB,North,626873,4G LTE,2905,27.6,19.2,1.64,73.9,False,Fibre
SITE0402848,Tamil Nadu,TN,South,529865,4G LTE,40324,29.4,8.5,1.76,58.6,False,Microwave
SITE0403412,Kolkata,KO,East,685860,5G NSA,15692,34.7,9.5,0.02,72.8,False,Microwave
SITE0401711,West Bengal,WB,East,699584,4G LTE,19543,30.3,8.8,0.42,16.9,False,Fibre
SITE0401691,Mumbai,MU,West,158811,5G SA,32930,23.8,12.2,0.72,134.1,False,Fibre
SITE0400806,North East,NE,East,572997,4G LTE,33346,20.5,8.4,0.94,24.3,False,Fibre
SITE0402761,Gujarat,GJ,West,710875,5G SA,24172,45.9,5.9,0.13,39.5,False,Fibre
SITE0402342,Andhra Pradesh & Telangana,AP,South,160701,4G LTE,25173,26.0,9.9,0.57,61.4,False,Fibre
SITE0403475,Tamil Nadu,TN,South,850208,4G LTE,21993,37.5,10.8,0.28,109.8,False,Fibre
SITE0403767,Maharashtra & Goa,MH,West,216062,4G LTE,40012,28.2,15.0,0.94,113.0,False,Fibre
SITE0402263,Maharashtra & Goa,MH,West,304546,4G LTE,2880,36.8,16.2,0.31,93.1,False,Microwave
SITE0400935,Bihar & Jharkhand,BH,East,554755,4G LTE,41806,61.1,6.8,0.97,23.7,False,Fibre
SITE0400160,Uttar Pradesh East,UPE,North,686557,5G SA,13616,79.2,7.7,1.24,53.5,True,Fibre
SITE0400645,Kerala,KL,South,299313,5G SA,22614,41.0,14.0,0.32,39.6,False,Fibre
SITE0403343,Karnataka,KA,South,293042,5G NSA,19767,38.9,13.9,0.49,43.9,False,Fibre
SITE0402569,Karnataka,KA,South,762048,5G SA,34926,17.9,16.4,0.15,86.3,False,Fibre
SITE0402344,Mumbai,MU,West,741496,5G SA,4843,27.2,6.2,0.61,43.7,False,Microwave
SITE0400375,Bihar & Jharkhand,BH,East,549415,5G SA,22156,35.4,6.0,0.85,35.0,False,Microwave
SITE0403703,West Bengal,WB,East,375646,5G NSA,39043,68.5,3.2,0.74,59.2,False,Fibre
SITE0400438,Uttar Pradesh East,UPE,North,439700,5G NSA,38696,30.2,11.9,0.28,76.5,False,Fibre
SITE0402900,Tamil Nadu,TN,South,579569,5G SA,37383,31.4,13.7,0.19,59.7,False,Fibre
SITE0402691,Uttar Pradesh East,UPE,North,340847,5G SA,40270,68.4,5.1,0.8,60.8,False,Fibre
SITE0402258,Punjab,PB,North,768760,4G LTE,18082,71.8,11.6,0.21,117.6,False,Fibre
SITE0402735,Madhya Pradesh & Chhattisgarh,MP,North,385383,4G LTE,18178,56.1,15.0,0.72,49.0,False,Fibre
SITE0400950,Andhra Pradesh & Telangana,AP,South,796516,5G SA,13028,39.5,13.9,0.3,16.4,False,Fibre
SITE0401516,Bihar & Jharkhand,BH,East,158819,5G SA,11939,30.9,6.5,1.09,72.8,False,Fibre
SITE0403844,Madhya Pradesh & Chhattisgarh,MP,North,834685,5G NSA,14744,76.1,4.5,0.13,70.6,True,Fibre
SITE0402728,Madhya Pradesh & Chhattisgarh,MP,North,381064,5G NSA,2315,51.4,8.9,0.08,83.3,False,Fibre
SITE0402082,Punjab,PB,North,306682,5G SA,22144,12.5,9.4,0.46,175.7,False,Fibre
SITE0402461,Uttar Pradesh West,UPW,North,469558,5G SA,27846,22.9,10.3,0.61,168.2,False,Fibre
SITE0400997,Uttar Pradesh West,UPW,North,318131,4G LTE,27441,50.6,10.3,0.62,71.6,False,Microwave
SITE0402302,Punjab,PB,North,318389,5G NSA,3846,73.1,10.0,0.97,8.5,False,Fibre
SITE0402013,West Bengal,WB,East,445132,4G LTE,34486,16.5,6.5,0.54,62.9,False,Microwave
SITE0402877,Delhi NCR,DL,North,704796,4G LTE,38598,33.4,1.7,0.25,82.4,False,Microwave
SITE0403370,Karnataka,KA,South,775567,5G NSA,37171,57.3,5.0,0.31,117.6,False,Fibre
SITE0402422,Odisha,OR,East,182402,5G NSA,13846,72.8,12.7,0.5,33.1,False,Fibre
SITE0400600,Himachal Pradesh,HP,North,603567,5G NSA,2408,59.0,6.5,1.84,109.6,False,Fibre
SITE0401504,Karnataka,KA,South,430663,4G LTE,27045,29.0,12.8,0.55,142.7,False,Fibre
SITE0402180,Uttar Pradesh East,UPE,North,636997,4G LTE,35581,72.3,1.4,0.69,73.2,False,Fibre
SITE0402739,Gujarat,GJ,West,159078,4G LTE,34706,34.6,11.2,0.85,106.1,False,Fibre
SITE0401301,Uttar Pradesh East,UPE,North,757039,4G LTE,2113,43.9,7.7,0.44,80.2,False,Fibre
SITE0401807,Maharashtra & Goa,MH,West,642017,4G LTE,41861,45.2,16.6,0.51,78.2,False,Fibre
SITE0403694,Haryana,HR,North,325048,5G SA,6017,46.3,6.4,0.15,82.7,False,Fibre
SITE0402382,North East,NE,East,447123,4G LTE,19805,12.0,9.0,1.7,105.3,False,Fibre
SITE0403393,Maharashtra & Goa,MH,West,288859,5G SA,23116,33.4,8.3,0.5,76.0,False,Fibre
SITE0401779,Karnataka,KA,South,703668,4G LTE,18170,41.2,4.2,0.66,87.9,False,Fibre
SITE0400801,Rajasthan,RJ,North,590736,4G LTE,24592,15.4,20.6,0.75,164.4,False,Microwave
SITE0401197,Karnataka,KA,South,754211,4G LTE,38297,43.0,12.9,0.66,95.7,False,Microwave
SITE0403013,Uttar Pradesh East,UPE,North,549380,5G NSA,4533,20.6,10.3,0.79,115.6,False,Microwave
SITE0400396,Bihar & Jharkhand,BH,East,163719,4G LTE,4505,36.8,15.1,0.14,66.0,False,Fibre
SITE0401681,Uttar Pradesh East,UPE,North,532957,5G SA,7448,10.4,11.4,0.15,74.6,False,Microwave
SITE0401103,Rajasthan,RJ,North,421146,5G NSA,27609,64.7,6.2,0.18,40.6,False,Fibre
SITE0402886,West Bengal,WB,East,771106,5G NSA,9082,34.2,8.7,0.39,137.5,False,Fibre
SITE0400381,Uttar Pradesh East,UPE,North,377595,5G SA,8482,94.7,6.8,0.28,31.2,True,Fibre
SITE0400028,Mumbai,MU,West,483304,4G LTE,10713,46.4,9.0,0.13,133.3,False,Microwave
SITE0402307,Uttar Pradesh East,UPE,North,377903,4G LTE,42085,47.4,12.1,0.36,76.6,False,Fibre
SITE0402475,Rajasthan,RJ,North,225815,4G LTE,7851,11.9,11.5,0.22,131.5,False,Microwave
SITE0402733,Delhi NCR,DL,North,589839,4G LTE,5148,8.2,12.7,0.19,115.4,False,Fibre
SITE0403432,Tamil Nadu,TN,South,438304,4G LTE,24381,62.5,7.0,0.21,114.7,False,Fibre
SITE0401603,Kerala,KL,South,358692,5G SA,16652,31.4,12.4,0.96,144.7,False,Microwave
SITE0400127,Maharashtra & Goa,MH,West,266967,5G SA,33390,49.0,9.8,0.85,45.6,False,Microwave
SITE0400861,Maharashtra & Goa,MH,West,726200,4G LTE,10851,32.4,14.1,0.09,79.1,False,Fibre
SITE0401377,Jammu & Kashmir,JK,North,123151,4G LTE,11691,32.6,10.9,1.3,104.3,False,Fibre
SITE0400126,Kolkata,KO,East,522507,4G LTE,23014,38.4,12.4,0.25,31.8,False,Fibre
SITE0403744,Kerala,KL,South,812493,4G LTE,39013,58.9,4.1,0.17,66.0,False,Fibre
SITE0401850,Delhi NCR,DL,North,287824,4G LTE,11631,40.8,4.4,0.4,100.9,False,Fibre
SITE0400962,Gujarat,GJ,West,465556,4G LTE,2138,22.8,3.9,0.43,64.1,False,Fibre
SITE0403105,Kolkata,KO,East,542713,4G LTE,14017,13.1,10.4,0.9,121.0,False,Fibre
SITE0402612,Andhra Pradesh & Telangana,AP,South,839469,4G LTE,13569,78.0,9.9,0.05,71.9,True,Fibre
SITE0400759,Uttar Pradesh West,UPW,North,589743,4G LTE,36009,29.3,15.7,0.18,44.4,False,Microwave
SITE0402899,North East,NE,East,401897,4G LTE,7028,18.2,19.2,0.24,144.3,False,Fibre
SITE0400330,Uttar Pradesh West,UPW,North,732736,5G SA,22373,36.5,12.0,1.01,29.2,False,Fibre
SITE0400184,Karnataka,KA,South,167437,5G SA,8371,50.9,5.1,0.46,71.3,False,Fibre
SITE0400500,Tamil Nadu,TN,South,829386,4G LTE,33068,43.8,13.1,0.55,90.3,False,Microwave
SITE0403381,Uttar Pradesh West,UPW,North,425010,5G SA,26157,61.2,7.9,0.68,119.8,False,Fibre
SITE0401967,Uttar Pradesh East,UPE,North,740900,5G NSA,5796,59.8,3.2,0.68,87.1,False,Fibre
SITE0403236,Tamil Nadu,TN,South,644086,5G SA,2229,47.6,13.6,0.2,159.6,False,Fibre
SITE0400203,Andhra Pradesh & Telangana,AP,South,349036,5G SA,38229,7.3,16.5,0.34,125.3,False,Fibre
SITE0402387,Gujarat,GJ,West,335960,5G SA,38358,34.6,8.9,0.54,43.6,False,Fibre
SITE0403081,Madhya Pradesh & Chhattisgarh,MP,North,755452,5G NSA,9646,77.3,-5.0,0.01,114.4,True,Microwave
SITE0400402,Bihar & Jharkhand,BH,East,274906,5G SA,35617,59.0,6.1,0.15,93.8,False,Fibre
SITE0402136,Kerala,KL,South,707214,4G LTE,4095,35.1,6.6,0.38,71.5,False,Fibre
SITE0401305,Uttar Pradesh West,UPW,North,847963,5G SA,35144,49.6,11.8,0.32,158.1,False,Fibre
SITE0402794,Delhi NCR,DL,North,204876,4G LTE,40916,24.3,13.7,0.49,79.3,False,Microwave
SITE0400244,West Bengal,WB,East,421745,4G LTE,27827,24.0,10.5,0.41,98.9,False,Fibre
SITE0401397,Haryana,HR,North,199772,5G NSA,18417,10.0,22.7,0.52,150.0,False,Fibre
SITE0403051,Uttar Pradesh West,UPW,North,724590,5G SA,12602,73.4,14.9,0.25,83.8,False,Fibre
SITE0402050,Karnataka,KA,South,172695,5G NSA,12171,64.7,5.9,0.86,71.6,False,Fibre
SITE0401074,Uttar Pradesh East,UPE,North,803410,5G SA,24135,24.7,10.6,0.17,106.1,False,Fibre
SITE0402736,Haryana,HR,North,781970,5G SA,16619,59.4,14.9,0.69,62.6,False,Fibre
SITE0400117,Haryana,HR,North,737265,5G NSA,11270,62.4,6.5,0.53,13.9,False,Fibre
SITE0401083,Bihar & Jharkhand,BH,East,525430,5G SA,30562,44.1,12.8,0.91,140.4,False,Microwave
SITE0400931,Haryana,HR,North,118740,5G NSA,40283,34.3,14.4,0.34,68.2,False,Fibre
SITE0400196,Madhya Pradesh & Chhattisgarh,MP,North,213642,5G SA,4418,21.4,18.6,0.25,77.7,False,Fibre
SITE0400202,Bihar & Jharkhand,BH,East,617151,5G SA,42000,51.9,7.0,1.53,32.4,False,Fibre
SITE0401562,Uttar Pradesh West,UPW,North,474474,5G NSA,10461,26.6,10.9,0.42,103.1,False,Fibre
SITE0403052,Karnataka,KA,South,525558,5G SA,39171,41.8,13.3,0.58,60.9,False,Fibre
SITE0403612,Tamil Nadu,TN,South,671787,5G SA,28563,51.7,2.4,0.3,93.0,False,Fibre
SITE0403368,Gujarat,GJ,West,797889,5G SA,10364,31.4,11.0,0.46,99.7,False,Fibre
SITE0402176,Mumbai,MU,West,449008,5G SA,26085,33.4,3.4,0.25,43.4,False,Fibre
SITE0403644,Kerala,KL,South,729518,5G NSA,27051,21.1,14.6,0.3,68.4,False,Fibre
SITE0402479,Uttar Pradesh East,UPE,North,416130,4G LTE,36570,46.8,3.5,1.61,82.7,False,Microwave
SITE0401841,Karnataka,KA,South,187617,4G LTE,37770,47.4,7.1,0.32,107.9,False,Fibre
SITE0403493,Haryana,HR,North,332263,4G LTE,6009,48.5,10.5,0.22,79.7,False,Fibre
SITE0400222,Uttar Pradesh East,UPE,North,548345,5G NSA,19592,48.1,0.4,0.73,50.8,False,Fibre
SITE0402441,Tamil Nadu,TN,South,393902,5G NSA,26153,34.7,13.7,0.36,135.9,False,Fibre
SITE0401254,Bihar & Jharkhand,BH,East,727275,4G LTE,25433,26.6,12.7,0.79,106.6,False,Fibre
SITE0401663,Punjab,PB,North,207029,5G SA,14735,56.2,4.7,1.03,100.8,False,Fibre
SITE0401100,Bihar & Jharkhand,BH,East,120498,4G LTE,10047,94.6,4.1,0.25,52.1,True,Fibre
SITE0401749,Karnataka,KA,South,211113,5G SA,6116,38.4,7.9,0.45,76.8,False,Fibre
SITE0400391,Haryana,HR,North,608386,4G LTE,12170,37.7,12.6,0.79,135.7,False,Fibre
SITE0401027,Bihar & Jharkhand,BH,East,839481,4G LTE,40862,99.0,9.1,0.79,42.7,True,Microwave
SITE0402571,Tamil Nadu,TN,South,651912,5G SA,17020,21.7,15.0,0.11,133.2,False,Fibre
SITE0403794,Kerala,KL,South,232062,5G SA,19510,45.3,12.8,0.07,93.5,False,Microwave
SITE0402375,Tamil Nadu,TN,South,657142,4G LTE,20531,26.6,13.0,0.42,80.9,False,Fibre
SITE0400404,Bihar & Jharkhand,BH,East,157980,4G LTE,11695,45.4,6.8,2.88,94.4,False,Fibre
SITE0402862,Assam,AS,East,602481,4G LTE,8458,34.7,1.3,0.51,64.1,False,Fibre
SITE0400872,Karnataka,KA,South,313120,5G NSA,37269,38.2,7.6,0.83,55.0,False,Fibre
SITE0401161,Bihar & Jharkhand,BH,East,201790,4G LTE,18839,91.8,7.9,0.92,79.8,True,Microwave
SITE0400497,Bihar & Jharkhand,BH,East,630694,5G SA,22181,65.7,6.5,0.39,48.3,False,Fibre
SITE0400289,Uttar Pradesh East,UPE,North,698944,5G SA,8885,73.6,14.5,0.65,25.5,False,Fibre
SITE0401510,Maharashtra & Goa,MH,West,267446,4G LTE,19540,34.2,16.3,0.6,65.9,False,Fibre
SITE0403115,Odisha,OR,East,167312,4G LTE,37808,34.5,7.4,1.06,114.8,False,Fibre
SITE0402049,Tamil Nadu,TN,South,393538,5G NSA,3435,15.4,17.0,0.36,116.8,False,Fibre
SITE0403477,Tamil Nadu,TN,South,564679,5G NSA,19318,42.1,10.0,0.21,53.6,False,Fibre
SITE0402288,Karnataka,KA,South,612247,4G LTE,39738,22.1,13.6,0.37,85.8,False,Fibre
SITE0401836,Gujarat,GJ,West,331037,5G SA,15430,54.2,13.1,0.2,67.5,False,Fibre
SITE0402973,Delhi NCR,DL,North,707429,4G LTE,22555,40.1,13.6,0.49,77.1,False,Fibre
SITE0400281,West Bengal,WB,East,393394,5G SA,34505,65.6,12.2,0.73,82.4,False,Fibre
SITE0400437,Assam,AS,East,276795,5G NSA,19747,58.7,6.4,1.62,41.4,False,Fibre
SITE0401241,Madhya Pradesh & Chhattisgarh,MP,North,651760,5G SA,28443,82.7,10.2,0.53,97.5,True,Fibre
SITE0401870,Andhra Pradesh & Telangana,AP,South,204147,5G NSA,42594,33.1,15.8,0.51,88.0,False,Fibre
SITE0402850,Kerala,KL,South,571980,4G LTE,38908,30.3,8.6,0.64,93.9,False,Fibre
SITE0403721,Assam,AS,East,567078,4G LTE,41533,34.8,9.7,0.19,71.5,False,Microwave
SITE0400078,Bihar & Jharkhand,BH,East,635633,4G LTE,10362,75.3,4.3,0.83,67.7,True,Fibre
SITE0402032,Uttar Pradesh West,UPW,North,435997,5G SA,13389,26.2,11.3,1.05,85.2,False,Fibre
SITE0400596,Mumbai,MU,West,360391,5G NSA,12288,48.7,2.8,0.33,66.0,False,Fibre
SITE0400012,Tamil Nadu,TN,South,292429,5G NSA,25724,50.2,12.8,0.17,110.5,False,Microwave
SITE0402493,Maharashtra & Goa,MH,West,751218,4G LTE,29508,32.2,9.1,1.25,121.5,False,Fibre
SITE0400257,Karnataka,KA,South,175799,5G NSA,14187,54.9,5.4,0.46,94.0,False,Microwave
SITE0401817,Jammu & Kashmir,JK,North,281007,5G SA,36993,19.5,2.1,0.14,82.8,False,Fibre
SITE0401450,Rajasthan,RJ,North,570799,4G LTE,3567,19.3,11.2,0.66,123.8,False,Fibre
SITE0401271,Rajasthan,RJ,North,570429,5G NSA,18178,55.1,4.6,0.11,81.3,False,Microwave
SITE0400850,Bihar & Jharkhand,BH,East,377561,4G LTE,5584,24.4,9.3,0.21,164.1,False,Fibre
SITE0402595,Andhra Pradesh & Telangana,AP,South,626375,5G SA,26938,23.5,6.3,0.95,94.3,False,Fibre
SITE0403573,Andhra Pradesh & Telangana,AP,South,664027,4G LTE,15085,30.7,4.8,0.76,78.2,False,Fibre
SITE0402542,Uttar Pradesh East,UPE,North,442538,5G NSA,28715,49.9,9.0,0.9,105.2,False,Fibre
SITE0402553,Andhra Pradesh & Telangana,AP,South,760878,5G SA,25814,63.1,6.5,0.75,55.1,False,Microwave
SITE0403099,Rajasthan,RJ,North,321200,4G LTE,20441,29.9,9.7,0.55,149.6,False,Fibre
SITE0401858,Uttar Pradesh East,UPE,North,747266,5G NSA,3824,60.8,6.5,1.07,53.0,False,Fibre
SITE0402385,West Bengal,WB,East,451144,5G NSA,20822,48.3,12.8,0.64,115.8,False,Fibre
SITE0401011,West Bengal,WB,East,253241,5G NSA,4912,82.3,-3.7,0.42,58.2,True,Fibre
SITE0401576,Odisha,OR,East,256005,4G LTE,37489,48.4,4.2,0.6,85.0,False,Fibre
SITE0402290,Mumbai,MU,West,642804,5G SA,35614,35.7,12.3,0.66,144.6,False,Microwave
SITE0401508,Kerala,KL,South,850558,4G LTE,39696,35.5,15.3,0.63,137.2,False,Microwave
SITE0401638,Kolkata,KO,East,625434,5G NSA,34364,20.7,7.8,0.31,83.7,False,Microwave
SITE0403710,Uttar Pradesh West,UPW,North,480372,5G NSA,7450,76.0,6.9,0.28,63.4,True,Fibre
SITE0400508,Odisha,OR,East,282650,5G SA,25139,61.3,7.7,0.49,75.9,False,Microwave
SITE0401480,Kerala,KL,South,849264,5G SA,35524,41.0,8.7,0.75,34.9,False,Fibre
SITE0402162,Kerala,KL,South,431000,5G SA,36683,27.4,21.1,0.47,71.2,False,Fibre
SITE0401957,Delhi NCR,DL,North,192746,5G NSA,4351,15.3,8.3,0.13,26.8,False,Fibre
SITE0400251,Maharashtra & Goa,MH,West,567272,4G LTE,28711,4.6,14.6,1.18,13.7,False,Fibre
SITE0400233,Gujarat,GJ,West,663197,4G LTE,35638,26.0,11.1,0.08,39.5,False,Microwave
SITE0403468,Bihar & Jharkhand,BH,East,685334,4G LTE,23201,53.0,12.3,0.27,78.5,False,Fibre
SITE0401792,Bihar & Jharkhand,BH,East,374252,5G SA,31530,53.7,2.5,0.32,46.9,False,Fibre
SITE0401208,Andhra Pradesh & Telangana,AP,South,331932,5G SA,3380,46.6,7.4,0.53,97.1,False,Fibre
SITE0402527,Madhya Pradesh & Chhattisgarh,MP,North,145097,4G LTE,15092,90.4,7.0,0.98,34.1,True,Fibre
SITE0401247,Haryana,HR,North,772336,5G SA,40873,50.0,13.3,0.85,111.7,False,Fibre
SITE0403824,Uttar Pradesh West,UPW,North,167488,5G NSA,11034,64.0,5.2,0.1,83.0,False,Fibre
SITE0401546,Kerala,KL,South,417002,5G SA,16757,49.3,8.5,0.54,33.0,False,Fibre
SITE0403503,Andhra Pradesh & Telangana,AP,South,286041,5G SA,31559,54.0,5.7,0.76,29.8,False,Microwave
SITE0401234,Assam,AS,East,287783,4G LTE,3528,30.2,9.6,1.34,49.9,False,Fibre
SITE0403603,Andhra Pradesh & Telangana,AP,South,294186,4G LTE,28722,33.6,5.0,0.28,14.4,False,Fibre
SITE0401356,Haryana,HR,North,528870,4G LTE,41917,19.2,5.2,0.17,124.1,False,Fibre
SITE0402088,Rajasthan,RJ,North,579221,5G SA,22707,27.7,6.4,0.21,125.9,False,Fibre
SITE0400917,Assam,AS,East,409987,5G SA,35055,46.8,10.0,0.05,83.7,False,Fibre
SITE0402197,Bihar & Jharkhand,BH,East,490822,5G SA,19814,50.7,8.8,0.48,95.7,False,Fibre
SITE0403275,Andhra Pradesh & Telangana,AP,South,681895,5G SA,38952,32.8,11.9,2.4,98.2,False,Fibre
SITE0402613,Tamil Nadu,TN,South,618538,4G LTE,41805,29.4,11.0,0.46,88.2,False,Fibre
SITE0401631,Rajasthan,RJ,North,444210,5G SA,40200,71.9,4.1,0.34,71.4,False,Fibre
SITE0400247,Tamil Nadu,TN,South,473789,5G SA,3198,40.0,7.3,0.16,101.2,False,Fibre
SITE0400061,Odisha,OR,East,217359,5G NSA,1868,46.8,7.7,0.23,38.1,False,Fibre
SITE0401322,Rajasthan,RJ,North,553031,4G LTE,12063,32.3,8.3,0.31,64.2,False,Fibre
SITE0402234,Assam,AS,East,819580,4G LTE,29088,58.8,6.0,1.01,39.5,False,Fibre
SITE0403195,Uttar Pradesh East,UPE,North,818973,5G NSA,9930,69.6,7.0,1.3,97.0,False,Fibre
SITE0403158,Madhya Pradesh & Chhattisgarh,MP,North,472824,4G LTE,37470,69.7,8.6,0.85,93.0,False,Fibre
SITE0402519,Uttar Pradesh East,UPE,North,205937,4G LTE,42004,40.0,6.6,1.0,75.0,False,Fibre
SITE0402281,Bihar & Jharkhand,BH,East,629002,5G SA,4075,49.4,15.3,1.25,66.6,False,Fibre
SITE0402776,Madhya Pradesh & Chhattisgarh,MP,North,220051,4G LTE,18389,35.7,14.7,0.25,96.7,False,Fibre
SITE0403563,Haryana,HR,North,231772,4G LTE,15505,53.7,14.2,0.6,76.7,False,Microwave
SITE0403332,Bihar & Jharkhand,BH,East,135075,4G LTE,14256,54.5,14.5,0.82,48.6,False,Microwave
SITE0403702,Madhya Pradesh & Chhattisgarh,MP,North,621466,4G LTE,24269,72.2,9.9,1.63,52.1,False,Microwave
SITE0400030,Karnataka,KA,South,748648,4G LTE,11972,11.3,7.7,0.75,30.0,False,Microwave
SITE0400943,Madhya Pradesh & Chhattisgarh,MP,North,206608,4G LTE,16258,67.4,6.5,0.69,77.0,False,Fibre
SITE0402837,Bihar & Jharkhand,BH,East,507481,5G NSA,11495,99.0,0.0,0.08,33.5,True,Fibre
SITE0402710,Tamil Nadu,TN,South,163077,5G NSA,10893,58.6,10.4,0.54,43.5,False,Fibre
SITE0401297,Kerala,KL,South,724406,5G SA,38865,19.7,13.1,0.54,140.0,False,Fibre
SITE0402318,Punjab,PB,North,187726,4G LTE,5976,53.3,5.4,0.96,10.6,False,Fibre
SITE0402146,Karnataka,KA,South,620067,5G NSA,4776,67.4,7.5,0.54,49.0,False,Fibre
SITE0401079,Tamil Nadu,TN,South,361880,4G LTE,11879,48.9,6.9,0.77,83.3,False,Fibre
SITE0402080,Bihar & Jharkhand,BH,East,591301,5G SA,19276,30.5,13.2,2.19,92.4,False,Fibre
SITE0402529,Gujarat,GJ,West,691354,5G SA,7827,8.6,14.4,0.3,50.1,False,Microwave
SITE0402653,Karnataka,KA,South,645620,5G SA,3198,15.3,2.9,1.19,217.4,False,Fibre
SITE0401532,Bihar & Jharkhand,BH,East,411534,4G LTE,33137,59.2,9.8,1.32,95.7,False,Fibre
SITE0400299,Uttar Pradesh East,UPE,North,810762,4G LTE,23941,35.6,7.3,0.98,89.4,False,Fibre
SITE0402984,Madhya Pradesh & Chhattisgarh,MP,North,838337,5G NSA,40507,64.3,14.5,1.43,67.7,False,Microwave
SITE0402637,Odisha,OR,East,438667,5G SA,2411,15.8,13.7,0.47,146.0,False,Fibre
SITE0400728,Karnataka,KA,South,233607,5G SA,35434,32.4,9.1,0.42,30.2,False,Fibre
SITE0403038,Madhya Pradesh & Chhattisgarh,MP,North,673659,5G SA,39024,54.0,-0.5,0.59,79.3,False,Fibre
SITE0402216,Andhra Pradesh & Telangana,AP,South,292642,4G LTE,24606,21.8,10.3,0.31,121.0,False,Fibre
SITE0402974,Maharashtra & Goa,MH,West,162497,5G NSA,29314,32.6,14.1,0.32,67.8,False,Microwave
SITE0401543,Maharashtra & Goa,MH,West,215408,4G LTE,15693,26.6,5.9,1.0,39.7,False,Fibre
SITE0403689,Gujarat,GJ,West,155414,4G LTE,6954,76.2,11.2,0.91,58.2,True,Microwave
SITE0401207,Tamil Nadu,TN,South,259021,4G LTE,29377,52.8,9.7,1.0,57.9,False,Fibre
SITE0401194,Bihar & Jharkhand,BH,East,739621,5G SA,12023,36.0,7.6,0.3,92.3,False,Fibre
SITE0400928,Bihar & Jharkhand,BH,East,261522,4G LTE,10051,99.0,9.1,0.5,47.9,True,Microwave
SITE0400433,Uttar Pradesh East,UPE,North,646147,4G LTE,28574,66.8,13.3,0.46,90.7,False,Microwave
SITE0401398,Kerala,KL,South,417172,5G NSA,36263,24.8,4.0,0.75,133.9,False,Fibre
SITE0401261,Andhra Pradesh & Telangana,AP,South,665619,5G NSA,29745,31.9,4.2,1.09,98.8,False,Microwave
SITE0403180,Bihar & Jharkhand,BH,East,732081,4G LTE,14447,60.0,3.1,0.69,84.5,False,Microwave
SITE0400060,Uttar Pradesh West,UPW,North,273346,5G NSA,6979,34.6,6.9,0.88,65.4,False,Fibre
SITE0401672,Punjab,PB,North,467107,5G SA,32317,34.0,4.5,0.96,98.6,False,Fibre
SITE0402152,Punjab,PB,North,640429,5G SA,39873,71.4,10.7,0.48,60.5,False,Fibre
SITE0401351,Rajasthan,RJ,North,600838,5G SA,6066,19.5,12.2,1.24,96.7,False,Fibre
SITE0403455,Andhra Pradesh & Telangana,AP,South,804992,5G SA,23814,47.8,5.2,1.56,112.4,False,Fibre
SITE0402138,Madhya Pradesh & Chhattisgarh,MP,North,439648,4G LTE,21779,64.2,10.7,0.7,59.8,False,Microwave
SITE0400579,Gujarat,GJ,West,434623,4G LTE,26415,46.5,14.5,0.51,98.3,False,Fibre
SITE0403764,Madhya Pradesh & Chhattisgarh,MP,North,417781,4G LTE,39237,53.8,8.0,1.19,64.8,False,Fibre
SITE0401821,Karnataka,KA,South,201237,5G SA,35668,23.2,11.2,0.37,121.1,False,Fibre
SITE0400274,Jammu & Kashmir,JK,North,275114,5G SA,38812,50.9,10.1,0.39,66.8,False,Fibre
SITE0400737,Andhra Pradesh & Telangana,AP,South,618412,5G NSA,40309,31.8,9.0,0.36,71.7,False,Fibre
SITE0402502,Punjab,PB,North,622728,4G LTE,40961,43.5,6.4,0.5,121.6,False,Fibre
SITE0402642,Maharashtra & Goa,MH,West,555340,4G LTE,37179,37.3,9.8,0.44,132.2,False,Fibre
SITE0400803,Uttar Pradesh West,UPW,North,558962,4G LTE,40903,64.6,8.9,0.65,29.2,False,Fibre
SITE0403566,Madhya Pradesh & Chhattisgarh,MP,North,732328,4G LTE,32253,40.5,2.6,0.28,136.6,False,Fibre
SITE0403827,Gujarat,GJ,West,683428,5G NSA,13140,40.4,11.3,0.45,65.4,False,Fibre
SITE0401670,Odisha,OR,East,602084,5G SA,19100,47.8,13.4,0.62,66.0,False,Fibre
SITE0401152,Uttar Pradesh East,UPE,North,517416,5G SA,8075,74.5,0.3,0.16,94.8,True,Fibre
SITE0400946,Kerala,KL,South,111609,5G NSA,20684,22.5,6.9,0.49,72.8,False,Fibre
SITE0402864,Kolkata,KO,East,443301,4G LTE,28766,20.7,6.9,0.3,13.6,False,Fibre
SITE0400932,Uttar Pradesh West,UPW,North,163908,4G LTE,23005,66.0,5.0,0.3,68.7,False,Fibre
SITE0402368,Punjab,PB,North,412644,5G SA,32963,58.0,6.0,0.74,42.0,False,Fibre
SITE0402833,Madhya Pradesh & Chhattisgarh,MP,North,721883,4G LTE,42096,99.0,10.5,0.11,64.5,True,Fibre
SITE0403373,Gujarat,GJ,West,828900,4G LTE,23728,70.8,2.0,0.34,59.2,False,Fibre
SITE0403260,Rajasthan,RJ,North,177655,5G NSA,7260,38.5,17.3,0.73,63.0,False,Fibre
SITE0400740,Madhya Pradesh & Chhattisgarh,MP,North,588741,5G SA,25330,89.0,6.1,0.81,43.2,True,Fibre
SITE0403117,Uttar Pradesh East,UPE,North,493757,5G NSA,39916,78.8,6.2,0.21,62.5,True,Fibre
SITE0403197,Uttar Pradesh East,UPE,North,265395,5G SA,15919,28.4,12.9,0.38,60.5,False,Fibre
SITE0403245,Delhi NCR,DL,North,116716,4G LTE,28651,22.2,10.1,0.88,94.4,False,Microwave
SITE0402356,Mumbai,MU,West,210347,5G SA,27995,17.6,11.3,0.47,52.0,False,Fibre
SITE0401127,Assam,AS,East,670097,4G LTE,3784,25.6,8.2,0.72,74.8,False,Microwave
SITE0400373,Bihar & Jharkhand,BH,East,632049,5G SA,36201,39.3,15.0,1.01,25.1,False,Fibre
SITE0401042,Gujarat,GJ,West,254351,5G SA,37306,45.3,18.3,0.53,60.7,False,Fibre
SITE0400181,Kerala,KL,South,737332,4G LTE,25778,50.0,9.5,0.07,90.0,False,Fibre
SITE0403395,Delhi NCR,DL,North,556144,5G SA,33400,31.6,7.1,0.76,75.8,False,Microwave
SITE0400920,Mumbai,MU,West,184404,5G SA,40414,29.0,-0.1,0.3,70.4,False,Fibre
SITE0400587,Mumbai,MU,West,156096,5G SA,33100,45.0,5.9,0.12,144.5,False,Microwave
SITE0401697,Delhi NCR,DL,North,189247,5G NSA,23128,58.2,10.3,0.46,65.0,False,Fibre
SITE0400616,Uttar Pradesh East,UPE,North,386668,4G LTE,23987,14.2,15.9,0.23,89.0,False,Microwave
SITE0402195,Delhi NCR,DL,North,193767,4G LTE,41501,39.1,6.6,0.44,47.6,False,Fibre
SITE0402253,Gujarat,GJ,West,812746,4G LTE,34129,33.5,9.7,0.81,55.0,False,Microwave
SITE0403793,Gujarat,GJ,West,592626,4G LTE,5463,24.9,9.2,2.01,80.6,False,Fibre
SITE0400530,Maharashtra & Goa,MH,West,601570,5G NSA,10253,36.9,15.5,0.06,73.5,False,Fibre
SITE0400271,Andhra Pradesh & Telangana,AP,South,129193,4G LTE,28057,33.6,15.4,0.97,98.2,False,Fibre
SITE0400194,Bihar & Jharkhand,BH,East,696845,5G SA,41899,23.3,11.0,0.79,68.3,False,Microwave
SITE0400998,Assam,AS,East,156840,4G LTE,18975,70.1,6.3,0.35,79.9,False,Fibre
SITE0403682,Uttar Pradesh West,UPW,North,728205,5G SA,28783,80.1,4.1,0.97,75.7,True,Fibre
SITE0401457,Uttar Pradesh West,UPW,North,505430,5G NSA,16144,45.9,9.7,0.43,74.3,False,Fibre
SITE0403691,Tamil Nadu,TN,South,736124,4G LTE,18524,38.5,10.3,1.59,94.2,False,Fibre
SITE0400851,Karnataka,KA,South,609451,5G NSA,32281,48.2,8.7,0.89,65.7,False,Fibre
SITE0401035,Bihar & Jharkhand,BH,East,255498,5G NSA,35827,99.0,0.9,0.75,76.0,True,Fibre
SITE0400774,Rajasthan,RJ,North,735988,5G NSA,7703,61.2,-1.0,0.07,42.4,False,Fibre
SITE0400188,Maharashtra & Goa,MH,West,357737,5G NSA,31714,54.0,7.7,0.13,63.1,False,Microwave
SITE0402105,Karnataka,KA,South,234797,4G LTE,36237,41.5,12.6,0.13,75.8,False,Microwave
SITE0401258,Gujarat,GJ,West,839081,4G LTE,7312,41.9,1.4,1.02,48.2,False,Fibre
SITE0400153,Tamil Nadu,TN,South,710058,4G LTE,24364,55.3,5.3,0.09,88.7,False,Microwave
SITE0402157,Uttar Pradesh East,UPE,North,169424,5G NSA,6681,96.7,4.8,0.45,58.7,True,Fibre
SITE0402758,Haryana,HR,North,757119,4G LTE,7231,48.4,10.2,1.25,96.6,False,Fibre
SITE0402839,Maharashtra & Goa,MH,West,293654,5G SA,7605,25.1,15.6,0.64,80.6,False,Microwave
SITE0403471,Karnataka,KA,South,299007,5G NSA,18360,66.8,13.0,0.13,115.5,False,Fibre
SITE0400672,Punjab,PB,North,708525,5G NSA,25299,62.3,10.0,1.0,91.4,False,Fibre
SITE0402868,Uttar Pradesh East,UPE,North,126967,5G NSA,23768,99.0,7.1,0.32,79.2,True,Microwave
SITE0403728,West Bengal,WB,East,764115,5G NSA,17226,21.8,14.5,0.49,82.7,False,Fibre
SITE0400407,Uttar Pradesh East,UPE,North,318848,4G LTE,16142,44.5,5.2,0.34,109.8,False,Microwave
SITE0401005,Uttar Pradesh West,UPW,North,155796,5G NSA,39451,87.3,4.7,0.54,110.9,True,Microwave
SITE0403274,Uttar Pradesh West,UPW,North,499843,5G SA,38341,64.3,6.1,1.42,35.5,False,Fibre
SITE0402169,Gujarat,GJ,West,733047,5G NSA,40208,25.4,7.9,0.48,115.6,False,Fibre
SITE0403839,Mumbai,MU,West,834328,5G NSA,28122,67.0,1.9,0.3,55.7,False,Fibre
SITE0401915,West Bengal,WB,East,335867,5G SA,12011,19.9,10.4,1.22,125.3,False,Fibre
SITE0402214,Bihar & Jharkhand,BH,East,432822,4G LTE,24301,50.4,8.7,0.74,111.8,False,Fibre
SITE0401928,Mumbai,MU,West,690654,4G LTE,26183,44.9,13.9,0.07,27.6,False,Microwave
SITE0400049,Karnataka,KA,South,609673,5G NSA,22304,52.4,13.6,0.32,60.3,False,Fibre
SITE0401541,Uttar Pradesh West,UPW,North,770601,5G NSA,10679,58.6,8.0,0.44,44.7,False,Microwave
SITE0403305,Kerala,KL,South,699087,4G LTE,24787,76.5,1.9,0.37,66.1,True,Fibre
SITE0402248,Jammu & Kashmir,JK,North,696543,5G NSA,17643,52.1,4.5,0.37,39.4,False,Fibre
SITE0400901,Uttar Pradesh East,UPE,North,801405,4G LTE,31408,20.1,10.5,0.24,77.9,False,Fibre
SITE0400377,West Bengal,WB,East,219329,5G SA,3077,32.9,5.9,0.41,144.0,False,Fibre
SITE0401049,Uttar Pradesh East,UPE,North,157015,5G NSA,6644,76.5,14.8,0.15,35.1,True,Microwave
SITE0401783,Odisha,OR,East,512270,5G SA,1862,82.9,5.5,0.4,85.3,True,Microwave
SITE0400940,Kerala,KL,South,554894,4G LTE,35170,16.6,22.7,0.06,110.6,False,Microwave
SITE0403196,Karnataka,KA,South,177017,5G NSA,3833,47.5,10.6,1.92,85.6,False,Microwave
SITE0403209,Tamil Nadu,TN,South,430817,5G SA,19069,58.0,13.5,1.38,92.4,False,Fibre
SITE0400936,Andhra Pradesh & Telangana,AP,South,233564,4G LTE,20513,59.4,10.1,1.51,143.1,False,Fibre
SITE0401972,Madhya Pradesh & Chhattisgarh,MP,North,841356,5G SA,30685,98.5,-0.1,1.29,79.3,True,Fibre
SITE0402256,Uttar Pradesh West,UPW,North,368227,5G NSA,7089,24.8,9.2,0.63,131.6,False,Microwave
SITE0403290,Uttar Pradesh East,UPE,North,300328,5G NSA,33192,84.1,-2.7,3.89,118.0,True,Microwave
SITE0402605,Karnataka,KA,South,333625,4G LTE,23438,66.5,3.7,0.76,49.4,False,Microwave
SITE0403212,Tamil Nadu,TN,South,368020,5G NSA,38065,20.5,6.4,0.56,92.9,False,Microwave
SITE0402780,Gujarat,GJ,West,420504,4G LTE,12255,56.9,9.7,0.81,80.4,False,Fibre
SITE0400134,Gujarat,GJ,West,185045,4G LTE,28997,39.0,6.0,0.22,41.5,False,Fibre
SITE0401193,Delhi NCR,DL,North,169805,5G NSA,11230,34.1,3.2,0.59,68.8,False,Fibre
SITE0400432,West Bengal,WB,East,655378,4G LTE,16506,43.5,9.7,0.81,58.3,False,Fibre
SITE0401757,Maharashtra & Goa,MH,West,748032,4G LTE,10202,58.6,9.5,0.45,60.4,False,Fibre
SITE0400393,Delhi NCR,DL,North,401754,4G LTE,32674,41.4,13.9,0.89,96.4,False,Fibre
SITE0401623,Madhya Pradesh & Chhattisgarh,MP,North,505036,5G SA,29622,54.0,3.5,0.48,81.6,False,Fibre
SITE0401990,Rajasthan,RJ,North,852635,4G LTE,13727,27.8,9.9,0.22,105.7,False,Fibre
SITE0403424,Gujarat,GJ,West,475167,5G NSA,42578,58.6,10.8,1.4,55.2,False,Fibre
SITE0400937,West Bengal,WB,East,848942,5G SA,33574,70.8,2.7,0.83,105.7,False,Fibre
SITE0401278,Maharashtra & Goa,MH,West,773646,4G LTE,1866,16.9,11.2,0.42,62.2,False,Fibre
SITE0402649,Andhra Pradesh & Telangana,AP,South,614766,4G LTE,19810,65.1,10.1,0.12,115.5,False,Fibre
SITE0400591,Gujarat,GJ,West,660155,5G NSA,29563,44.7,8.9,0.28,60.6,False,Fibre
SITE0400824,Assam,AS,East,265612,5G SA,27371,11.7,11.6,0.27,39.8,False,Fibre
SITE0403623,Tamil Nadu,TN,South,584116,5G SA,24414,36.8,10.0,0.57,76.5,False,Microwave
SITE0403743,Maharashtra & Goa,MH,West,789125,5G SA,36987,47.3,14.5,0.56,101.6,False,Microwave
SITE0400197,Uttar Pradesh East,UPE,North,169819,5G SA,33858,37.8,12.0,0.26,84.0,False,Microwave
SITE0403369,Uttar Pradesh West,UPW,North,448873,5G SA,35909,45.9,15.5,1.13,47.6,False,Fibre
SITE0403792,Bihar & Jharkhand,BH,East,507132,5G SA,33435,74.4,10.1,1.21,31.5,True,Fibre
SITE0402678,Andhra Pradesh & Telangana,AP,South,500502,5G NSA,20690,37.0,6.3,0.73,116.5,False,Fibre
SITE0402295,Karnataka,KA,South,536053,5G NSA,25757,50.7,5.1,0.56,47.3,False,Fibre
SITE0402756,Uttar Pradesh East,UPE,North,492045,5G NSA,19993,29.6,8.3,0.49,64.5,False,Fibre
SITE0400218,Uttar Pradesh East,UPE,North,674686,5G SA,38667,86.1,8.3,0.14,1.5,True,Microwave
SITE0402763,Kerala,KL,South,574547,4G LTE,39096,40.3,9.0,0.92,111.4,False,Fibre
SITE0400020,Rajasthan,RJ,North,787081,5G SA,8674,86.6,10.1,0.4,33.0,True,Fibre
SITE0400995,Mumbai,MU,West,427600,4G LTE,19609,8.2,20.4,0.08,112.2,False,Fibre
SITE0403672,Uttar Pradesh East,UPE,North,255388,5G NSA,30578,34.0,1.1,0.73,52.4,False,Fibre
SITE0403516,Odisha,OR,East,376309,5G NSA,38157,69.1,0.8,0.96,63.2,False,Fibre
SITE0403745,Karnataka,KA,South,625036,5G SA,2972,22.1,7.6,0.62,125.0,False,Fibre
SITE0402995,Rajasthan,RJ,North,834718,4G LTE,24110,69.2,6.1,0.48,39.2,False,Fibre
SITE0403316,West Bengal,WB,East,797208,4G LTE,42191,50.1,7.1,0.67,81.4,False,Fibre
SITE0401416,Odisha,OR,East,489518,4G LTE,2814,60.7,7.1,0.61,56.7,False,Fibre
SITE0400585,Punjab,PB,North,756357,4G LTE,4109,25.3,4.4,0.49,126.0,False,Microwave
SITE0401930,Mumbai,MU,West,459323,5G NSA,13801,34.0,18.2,0.31,126.4,False,Fibre
SITE0401563,Odisha,OR,East,557239,5G NSA,40696,43.3,3.3,0.15,165.4,False,Microwave
SITE0401769,Gujarat,GJ,West,655457,4G LTE,26307,65.4,3.4,0.99,69.9,False,Microwave
SITE0403760,Maharashtra & Goa,MH,West,485306,4G LTE,21325,59.4,5.1,0.93,34.3,False,Fibre
SITE0402688,Odisha,OR,East,634108,4G LTE,3483,65.9,17.7,0.96,50.3,False,Fibre
SITE0403299,Gujarat,GJ,West,573556,5G SA,17014,20.0,8.3,0.61,152.4,False,Fibre
SITE0400108,Uttar Pradesh East,UPE,North,731240,4G LTE,40373,69.9,3.5,0.49,90.1,False,Fibre
SITE0400812,Andhra Pradesh & Telangana,AP,South,194320,5G SA,31596,43.1,11.4,0.39,79.1,False,Fibre
SITE0401059,Bihar & Jharkhand,BH,East,767372,5G NSA,24180,22.9,7.2,0.05,88.5,False,Microwave
SITE0402041,Gujarat,GJ,West,603772,4G LTE,28980,42.0,7.8,0.32,69.9,False,Fibre
SITE0401737,West Bengal,WB,East,555187,5G SA,14630,56.7,9.8,0.76,95.3,False,Fibre
SITE0400138,Kerala,KL,South,203319,5G SA,39832,47.2,10.1,0.46,76.9,False,Fibre
SITE0402150,North East,NE,East,785469,5G SA,10085,52.5,6.7,0.63,26.6,False,Fibre
SITE0400384,Uttar Pradesh East,UPE,North,690216,4G LTE,19196,46.3,8.5,1.59,73.7,False,Fibre
SITE0403320,Haryana,HR,North,658100,4G LTE,10608,60.3,8.5,1.04,79.2,False,Fibre
SITE0403385,West Bengal,WB,East,453795,5G NSA,15391,40.2,11.4,1.04,56.0,False,Fibre
SITE0402782,Gujarat,GJ,West,214327,4G LTE,21855,14.8,16.0,1.35,25.8,False,Fibre
SITE0402257,Bihar & Jharkhand,BH,East,374574,5G SA,24269,75.7,15.9,0.2,8.6,True,Fibre
SITE0401378,Karnataka,KA,South,830899,4G LTE,5566,29.2,14.2,0.29,100.7,False,Fibre
SITE0401884,Odisha,OR,East,791460,5G SA,31549,21.4,12.0,0.17,91.5,False,Fibre
SITE0400499,Tamil Nadu,TN,South,847404,5G SA,15416,39.2,10.3,0.11,50.7,False,Fibre
SITE0402673,Maharashtra & Goa,MH,West,551206,5G NSA,42063,25.9,9.9,0.08,96.3,False,Fibre
SITE0402971,Madhya Pradesh & Chhattisgarh,MP,North,460210,4G LTE,37661,99.0,2.8,1.29,91.5,True,Fibre
SITE0402721,West Bengal,WB,East,162774,5G SA,35376,63.9,14.0,0.8,55.6,False,Microwave
SITE0402337,Tamil Nadu,TN,South,628137,5G NSA,7542,66.9,0.4,0.5,49.2,False,Microwave
SITE0402497,Odisha,OR,East,255716,5G NSA,14680,77.4,13.1,0.23,130.2,True,Fibre
SITE0400613,Uttar Pradesh East,UPE,North,638126,5G SA,11286,33.4,15.8,1.27,25.4,False,Fibre
SITE0400389,Delhi NCR,DL,North,754765,4G LTE,8134,45.8,3.8,0.33,69.3,False,Fibre
SITE0402192,Mumbai,MU,West,844568,5G NSA,37657,24.4,11.5,0.64,162.2,False,Fibre
SITE0401745,Andhra Pradesh & Telangana,AP,South,714357,5G NSA,36318,64.0,3.5,0.84,106.4,False,Microwave
SITE0402115,Andhra Pradesh & Telangana,AP,South,502497,5G NSA,6572,4.5,8.0,0.43,138.0,False,Fibre
SITE0401339,Bihar & Jharkhand,BH,East,536104,5G SA,20862,18.5,7.1,0.63,67.4,False,Fibre
SITE0403176,Delhi NCR,DL,North,547083,4G LTE,24933,22.9,29.0,0.63,108.6,False,Fibre
SITE0402483,Uttar Pradesh East,UPE,North,748292,5G NSA,21293,64.3,7.6,0.82,76.9,False,Microwave
SITE0400400,Delhi NCR,DL,North,316881,4G LTE,25044,34.7,10.9,0.21,74.0,False,Fibre
SITE0402797,Uttar Pradesh East,UPE,North,732022,5G SA,4835,66.7,1.8,0.42,71.8,False,Fibre
SITE0400817,Madhya Pradesh & Chhattisgarh,MP,North,826640,4G LTE,24127,22.2,10.2,0.87,94.0,False,Fibre
SITE0400183,Rajasthan,RJ,North,478426,5G SA,30160,23.7,14.5,0.01,1.5,False,Fibre
SITE0402482,Haryana,HR,North,261253,5G SA,37445,42.0,10.1,1.83,141.0,False,Fibre
SITE0403595,Karnataka,KA,South,250086,4G LTE,18860,41.7,9.7,0.91,95.1,False,Microwave
SITE0402022,Rajasthan,RJ,North,203184,4G LTE,15274,9.1,12.1,0.88,78.3,False,Fibre
SITE0401409,Uttar Pradesh West,UPW,North,457093,5G NSA,29122,73.3,0.6,0.2,35.8,False,Fibre
SITE0400146,Assam,AS,East,596822,5G SA,26821,34.0,5.5,1.51,52.6,False,Microwave
SITE0400129,Bihar & Jharkhand,BH,East,157910,5G SA,40191,77.4,5.6,0.16,40.7,True,Fibre
SITE0401472,Uttar Pradesh East,UPE,North,631178,5G SA,22544,43.2,9.2,1.16,65.8,False,Fibre
SITE0401993,Karnataka,KA,South,398844,4G LTE,32268,61.1,6.7,0.85,66.4,False,Microwave
SITE0400363,Madhya Pradesh & Chhattisgarh,MP,North,461497,4G LTE,9151,17.0,13.0,0.64,105.8,False,Fibre
SITE0402822,Rajasthan,RJ,North,268092,5G NSA,17841,34.4,7.0,0.32,105.2,False,Fibre
SITE0403622,Haryana,HR,North,539484,5G NSA,33301,38.5,9.2,0.89,82.3,False,Fibre
SITE0403481,Maharashtra & Goa,MH,West,267788,4G LTE,36188,67.3,7.0,0.28,48.2,False,Fibre
SITE0401936,Gujarat,GJ,West,685312,4G LTE,9793,31.1,2.7,0.18,55.6,False,Microwave
SITE0403390,Madhya Pradesh & Chhattisgarh,MP,North,772777,5G SA,4515,22.6,9.1,0.59,54.8,False,Fibre
SITE0402876,Punjab,PB,North,226217,5G NSA,9622,51.4,6.1,0.44,33.9,False,Fibre
SITE0402489,North East,NE,East,409725,5G SA,3440,47.6,9.6,0.92,97.9,False,Fibre
SITE0402856,Andhra Pradesh & Telangana,AP,South,773829,5G SA,11892,78.1,9.4,0.68,44.2,True,Fibre
SITE0401565,Andhra Pradesh & Telangana,AP,South,569911,5G SA,7431,38.1,13.8,0.17,105.5,False,Fibre
SITE0401285,Kerala,KL,South,623998,4G LTE,9569,24.0,7.9,0.54,101.1,False,Fibre
SITE0403414,Delhi NCR,DL,North,416468,5G SA,7123,55.2,0.8,0.63,123.4,False,Fibre
SITE0403557,Andhra Pradesh & Telangana,AP,South,489914,5G SA,40623,31.3,8.3,0.61,98.2,False,Fibre
SITE0403476,Assam,AS,East,830900,5G SA,41549,26.0,16.2,0.37,10.3,False,Fibre
SITE0402759,Delhi NCR,DL,North,746693,4G LTE,29957,37.4,12.5,0.38,73.3,False,Microwave
SITE0401575,Himachal Pradesh,HP,North,200742,5G SA,31663,52.5,6.7,0.56,65.1,False,Microwave
SITE0400782,Maharashtra & Goa,MH,West,149866,4G LTE,5453,33.9,8.5,0.86,180.0,False,Fibre
SITE0400107,Bihar & Jharkhand,BH,East,388854,5G NSA,3510,58.1,6.0,0.15,67.8,False,Microwave
SITE0401844,Andhra Pradesh & Telangana,AP,South,611404,5G SA,12362,59.2,10.3,0.44,59.9,False,Fibre
SITE0403704,Gujarat,GJ,West,234792,5G NSA,17737,17.4,10.3,0.17,109.7,False,Fibre
SITE0403227,Maharashtra & Goa,MH,West,227345,5G SA,4310,41.3,9.8,1.21,100.2,False,Fibre
SITE0401650,Punjab,PB,North,617073,4G LTE,5458,38.8,6.1,0.22,63.0,False,Fibre
SITE0400970,Andhra Pradesh & Telangana,AP,South,449068,4G LTE,26456,53.0,6.0,0.42,12.6,False,Fibre
SITE0400930,Karnataka,KA,South,228560,4G LTE,12186,38.4,9.2,0.09,47.0,False,Fibre
SITE0401224,Tamil Nadu,TN,South,301691,5G SA,9942,69.6,11.7,0.46,101.9,False,Fibre
SITE0401349,West Bengal,WB,East,112005,4G LTE,8559,51.9,3.2,0.56,37.2,False,Fibre
SITE0401091,Uttar Pradesh East,UPE,North,550391,4G LTE,21219,51.6,3.7,0.41,84.6,False,Fibre
SITE0403642,Bihar & Jharkhand,BH,East,362600,5G NSA,28310,53.3,3.1,0.63,56.2,False,Fibre
SITE0401354,Karnataka,KA,South,614548,4G LTE,14391,54.4,7.5,0.55,58.5,False,Microwave
SITE0401571,Uttar Pradesh East,UPE,North,554233,4G LTE,40000,93.0,3.8,0.83,54.3,True,Fibre
SITE0401344,Madhya Pradesh & Chhattisgarh,MP,North,696125,4G LTE,25531,8.0,12.3,0.02,93.0,False,Fibre
SITE0401222,Uttar Pradesh East,UPE,North,417817,4G LTE,23033,47.9,18.2,0.02,71.8,False,Microwave
SITE0400845,Bihar & Jharkhand,BH,East,852308,4G LTE,6369,66.7,7.3,0.6,107.2,False,Fibre
SITE0400513,Karnataka,KA,South,499871,4G LTE,11831,27.1,14.7,0.6,75.7,False,Fibre
SITE0400732,Madhya Pradesh & Chhattisgarh,MP,North,307932,5G SA,9142,99.0,1.4,3.38,55.0,True,Fibre
SITE0400210,Andhra Pradesh & Telangana,AP,South,627989,5G NSA,14886,57.5,11.2,0.39,87.6,False,Microwave
SITE0403273,Punjab,PB,North,111656,4G LTE,11989,51.7,11.4,1.05,120.3,False,Fibre
SITE0403553,Assam,AS,East,458554,5G SA,13507,28.7,19.3,0.96,86.8,False,Fibre
SITE0401424,Haryana,HR,North,651263,5G SA,21218,30.3,12.2,0.26,63.2,False,Fibre
SITE0402221,Bihar & Jharkhand,BH,East,397484,4G LTE,20248,62.4,-1.2,0.5,71.1,False,Fibre
SITE0403634,Tamil Nadu,TN,South,841775,4G LTE,27326,32.2,2.8,0.16,68.3,False,Fibre
SITE0403442,West Bengal,WB,East,405093,5G SA,6909,42.2,14.1,1.11,68.9,False,Fibre
SITE0400586,Madhya Pradesh & Chhattisgarh,MP,North,753900,4G LTE,3170,38.6,8.9,0.51,88.4,False,Fibre
SITE0400685,Kerala,KL,South,205028,5G SA,10556,22.6,7.7,0.34,94.6,False,Fibre
SITE0402455,Haryana,HR,North,850456,4G LTE,20107,54.7,0.8,0.67,111.2,False,Fibre
SITE0402168,Uttar Pradesh East,UPE,North,322428,5G SA,29886,99.0,1.6,0.43,32.3,True,Fibre
SITE0400735,Andhra Pradesh & Telangana,AP,South,463385,4G LTE,31354,36.0,15.9,0.28,107.8,False,Microwave
SITE0401274,Delhi NCR,DL,North,757616,5G SA,39292,36.9,6.0,1.12,104.2,False,Fibre
SITE0400985,Rajasthan,RJ,North,575727,5G NSA,40953,30.2,11.2,0.39,101.1,False,Fibre
SITE0400084,Jammu & Kashmir,JK,North,345411,4G LTE,2079,35.2,9.7,0.82,126.5,False,Microwave
SITE0402720,Bihar & Jharkhand,BH,East,730797,4G LTE,39871,45.2,14.3,1.06,88.0,False,Fibre
SITE0400159,Rajasthan,RJ,North,197324,5G NSA,26296,10.3,14.5,0.94,143.1,False,Microwave
SITE0400772,Odisha,OR,East,248846,5G SA,23208,34.1,8.1,0.46,63.6,False,Fibre
SITE0401065,Uttar Pradesh East,UPE,North,653251,4G LTE,41901,99.0,8.8,0.11,61.7,True,Fibre
SITE0402433,West Bengal,WB,East,686023,5G SA,37567,67.4,14.8,0.95,78.7,False,Microwave
SITE0401868,Delhi NCR,DL,North,529525,5G SA,3592,19.9,1.7,0.97,109.6,False,Fibre
SITE0400092,Bihar & Jharkhand,BH,East,379380,5G SA,22347,38.5,8.4,1.04,126.8,False,Fibre
SITE0403070,Andhra Pradesh & Telangana,AP,South,396085,5G SA,8160,59.3,2.7,0.35,38.3,False,Fibre
SITE0403008,Gujarat,GJ,West,717005,5G NSA,15072,36.5,14.7,0.06,61.1,False,Fibre
SITE0403562,Maharashtra & Goa,MH,West,118989,5G NSA,7162,32.8,13.1,1.64,102.9,False,Fibre
SITE0402045,Maharashtra & Goa,MH,West,740810,4G LTE,8036,10.6,11.5,1.12,51.0,False,Fibre
SITE0400856,Uttar Pradesh West,UPW,North,669389,5G SA,25216,56.1,13.3,0.66,69.0,False,Fibre
SITE0400446,Karnataka,KA,South,523939,4G LTE,18318,45.7,10.0,0.41,85.3,False,Fibre
SITE0401693,Punjab,PB,North,626284,5G NSA,37710,43.7,7.1,0.64,79.6,False,Fibre
SITE0402255,Uttar Pradesh East,UPE,North,402470,4G LTE,20725,37.3,4.6,0.26,115.2,False,Fibre
SITE0402275,Tamil Nadu,TN,South,754044,4G LTE,5275,29.0,14.9,0.49,62.5,False,Fibre
SITE0401515,Andhra Pradesh & Telangana,AP,South,452425,5G SA,41676,46.7,7.8,0.29,40.7,False,Fibre
SITE0402298,Uttar Pradesh East,UPE,North,274748,5G SA,10670,12.3,15.4,0.57,13.8,False,Fibre
SITE0402347,Bihar & Jharkhand,BH,East,404408,5G SA,13708,38.8,10.7,0.33,175.9,False,Fibre
SITE0401015,Kerala,KL,South,141451,5G NSA,35871,48.0,7.2,0.07,68.6,False,Fibre
SITE0400565,Bihar & Jharkhand,BH,East,117109,4G LTE,37314,38.0,13.7,0.55,128.6,False,Fibre
SITE0401867,Odisha,OR,East,616546,5G SA,12210,51.6,11.2,0.57,66.4,False,Fibre
SITE0401615,Uttar Pradesh East,UPE,North,426765,4G LTE,5233,46.8,10.8,0.86,77.0,False,Fibre
SITE0402218,West Bengal,WB,East,414737,4G LTE,38860,44.4,8.3,0.21,63.3,False,Fibre
SITE0403333,Madhya Pradesh & Chhattisgarh,MP,North,257844,5G SA,22258,13.4,19.8,0.17,100.9,False,Fibre
SITE0401716,Uttar Pradesh East,UPE,North,369182,5G NSA,36471,61.5,10.8,0.79,78.0,False,Fibre
SITE0401598,Karnataka,KA,South,402346,4G LTE,41578,33.2,16.4,0.27,31.6,False,Fibre
SITE0403496,Odisha,OR,East,333013,5G SA,6073,30.9,12.4,0.3,64.0,False,Microwave
SITE0401861,Uttar Pradesh East,UPE,North,792623,5G SA,26831,77.9,0.1,0.36,60.4,True,Fibre
SITE0403161,Mumbai,MU,West,461642,4G LTE,37074,21.5,6.6,0.16,99.3,False,Microwave
SITE0402565,Tamil Nadu,TN,South,773025,4G LTE,7812,27.9,3.5,0.21,139.9,False,Fibre
SITE0403071,Uttar Pradesh East,UPE,North,138502,5G SA,28361,99.0,1.4,0.37,93.6,True,Fibre
SITE0403423,West Bengal,WB,East,705000,4G LTE,12090,44.7,10.2,0.19,121.7,False,Microwave
SITE0400034,Odisha,OR,East,513754,4G LTE,5163,60.1,7.7,0.4,104.8,False,Fibre
SITE0400683,Maharashtra & Goa,MH,West,155670,4G LTE,4956,43.2,8.7,0.08,64.6,False,Microwave
SITE0401812,Karnataka,KA,South,683072,5G SA,39898,22.6,6.5,1.3,1.5,False,Microwave
SITE0401321,Rajasthan,RJ,North,346039,4G LTE,37444,24.1,13.5,0.66,96.5,False,Fibre
SITE0402931,Punjab,PB,North,433764,5G NSA,38190,47.6,12.8,0.19,65.6,False,Fibre
SITE0402867,Madhya Pradesh & Chhattisgarh,MP,North,566518,4G LTE,17419,41.0,9.2,0.44,105.3,False,Microwave
SITE0402077,Gujarat,GJ,West,429811,5G NSA,31606,29.9,12.9,0.7,46.8,False,Microwave
SITE0401952,Bihar & Jharkhand,BH,East,656825,4G LTE,34898,73.7,9.6,1.77,89.7,False,Fibre
SITE0401423,Rajasthan,RJ,North,367715,5G SA,25938,25.5,10.0,0.49,61.3,False,Fibre
SITE0400296,Odisha,OR,East,146491,5G NSA,4206,24.5,19.7,0.38,106.4,False,Microwave
SITE0403585,Andhra Pradesh & Telangana,AP,South,413976,5G SA,6632,19.8,13.1,0.57,161.6,False,Fibre
SITE0400760,Uttar Pradesh East,UPE,North,171581,5G SA,12649,37.0,15.5,0.55,79.9,False,Fibre
SITE0402490,Uttar Pradesh West,UPW,North,348771,5G NSA,34142,19.1,6.9,2.45,101.9,False,Fibre
SITE0402596,Bihar & Jharkhand,BH,East,392966,5G SA,21424,42.1,13.8,0.18,89.8,False,Microwave
SITE0400449,Rajasthan,RJ,North,305796,4G LTE,25701,70.0,11.5,1.08,57.0,False,Fibre
SITE0402202,Uttar Pradesh East,UPE,North,777017,4G LTE,33617,22.8,13.4,1.38,173.0,False,Microwave
SITE0401712,Maharashtra & Goa,MH,West,255732,5G NSA,25523,25.0,7.2,0.63,122.8,False,Fibre
SITE0402035,Madhya Pradesh & Chhattisgarh,MP,North,392759,5G NSA,29490,82.7,6.9,0.69,52.3,True,Fibre
SITE0400317,Uttar Pradesh East,UPE,North,732949,4G LTE,27930,20.6,11.1,1.02,111.0,False,Fibre
SITE0400822,Bihar & Jharkhand,BH,East,509767,5G SA,27929,38.9,12.2,0.31,30.1,False,Microwave
SITE0400727,Andhra Pradesh & Telangana,AP,South,777821,4G LTE,26311,36.4,10.1,0.15,81.8,False,Fibre
SITE0400341,Bihar & Jharkhand,BH,East,634608,4G LTE,21670,54.5,11.2,0.6,46.8,False,Fibre
SITE0400512,Kerala,KL,South,283042,4G LTE,23041,48.7,11.0,0.38,73.0,False,Fibre
SITE0403287,Uttar Pradesh East,UPE,North,475024,4G LTE,8977,29.6,7.2,0.61,115.2,False,Fibre
SITE0402895,Karnataka,KA,South,504368,4G LTE,35722,19.6,13.5,0.04,110.1,False,Fibre
SITE0402546,Uttar Pradesh West,UPW,North,234326,5G SA,19602,23.7,8.8,0.15,106.7,False,Fibre
SITE0402712,Odisha,OR,East,346250,5G SA,6078,53.4,12.8,0.6,47.3,False,Fibre
SITE0401118,Maharashtra & Goa,MH,West,826720,4G LTE,17453,30.9,7.7,0.69,3.3,False,Fibre
SITE0401335,Rajasthan,RJ,North,495538,4G LTE,13417,56.7,17.7,0.3,43.9,False,Fibre
SITE0401582,Assam,AS,East,537961,5G SA,25549,26.5,6.2,0.41,65.3,False,Microwave
SITE0403033,Andhra Pradesh & Telangana,AP,South,361165,5G SA,41582,45.0,2.9,0.14,1.5,False,Fibre
SITE0402925,Tamil Nadu,TN,South,299819,4G LTE,13270,7.8,22.0,0.41,37.6,False,Fibre
SITE0400428,Maharashtra & Goa,MH,West,854245,4G LTE,8407,71.6,9.4,0.22,83.8,False,Fibre
SITE0401869,Kolkata,KO,East,678240,5G SA,10844,22.9,16.7,0.45,99.9,False,Fibre
SITE0400255,Uttar Pradesh East,UPE,North,239057,5G SA,24200,35.5,11.4,0.54,29.2,False,Fibre
SITE0402812,Uttar Pradesh East,UPE,North,703540,5G NSA,26031,28.2,12.8,0.85,87.5,False,Fibre
SITE0403181,Madhya Pradesh & Chhattisgarh,MP,North,757519,4G LTE,21478,48.7,6.3,0.53,36.7,False,Fibre
SITE0401548,Madhya Pradesh & Chhattisgarh,MP,North,605008,4G LTE,3681,36.7,6.2,0.22,8.7,False,Fibre
SITE0401191,Uttar Pradesh East,UPE,North,265717,5G SA,19227,63.5,4.7,0.8,132.2,False,Fibre
SITE0401572,Uttar Pradesh East,UPE,North,607480,4G LTE,38559,92.6,12.5,0.33,19.1,True,Fibre
SITE0402541,Uttar Pradesh East,UPE,North,275208,5G SA,31669,12.3,16.3,0.82,94.3,False,Fibre
SITE0401873,Mumbai,MU,West,362700,4G LTE,40839,38.1,9.8,0.82,52.4,False,Fibre
SITE0400538,Madhya Pradesh & Chhattisgarh,MP,North,732991,5G SA,3162,35.7,12.3,0.23,1.5,False,Fibre
SITE0402750,Haryana,HR,North,365475,4G LTE,6821,46.8,11.6,0.1,130.6,False,Fibre
SITE0403687,Andhra Pradesh & Telangana,AP,South,497292,4G LTE,23978,31.2,13.0,0.4,107.5,False,Fibre
SITE0400706,Punjab,PB,North,799815,4G LTE,26513,61.3,7.6,0.85,6.4,False,Microwave
SITE0402764,Delhi NCR,DL,North,549334,5G SA,38269,58.0,4.3,0.48,83.1,False,Microwave
SITE0400593,Rajasthan,RJ,North,164780,5G SA,15109,34.5,6.2,1.56,72.1,False,Fibre
SITE0401420,Gujarat,GJ,West,615962,4G LTE,11989,54.8,2.7,0.42,95.8,False,Microwave
SITE0402669,Bihar & Jharkhand,BH,East,626638,4G LTE,12145,99.0,-3.9,0.95,91.5,True,Fibre
SITE0401843,Odisha,OR,East,198066,4G LTE,10580,38.8,6.4,0.79,43.1,False,Microwave
SITE0402210,Karnataka,KA,South,626480,5G SA,10453,28.4,10.1,0.67,46.3,False,Microwave
SITE0403777,Bihar & Jharkhand,BH,East,502183,4G LTE,25194,45.5,10.4,0.08,84.4,False,Fibre
SITE0400423,Haryana,HR,North,213312,5G SA,17760,50.2,5.8,0.63,52.6,False,Fibre
SITE0402538,Uttar Pradesh East,UPE,North,337981,4G LTE,15565,68.9,13.6,0.74,48.8,False,Fibre
SITE0401146,Maharashtra & Goa,MH,West,846823,5G SA,4020,38.7,11.8,0.24,82.3,False,Fibre
SITE0402539,Uttar Pradesh West,UPW,North,380315,4G LTE,15860,48.1,12.4,0.39,109.9,False,Fibre
SITE0400895,Karnataka,KA,South,488421,5G SA,31853,27.2,11.4,0.32,120.7,False,Fibre
SITE0403611,Madhya Pradesh & Chhattisgarh,MP,North,135294,4G LTE,32305,74.1,3.7,0.49,53.5,True,Fibre
SITE0400984,Andhra Pradesh & Telangana,AP,South,698165,5G SA,26691,26.4,6.6,1.27,21.3,False,Fibre
SITE0401352,Assam,AS,East,643253,5G SA,9290,19.3,8.5,0.48,92.2,False,Microwave
SITE0401329,Rajasthan,RJ,North,562577,4G LTE,29151,70.4,9.8,0.17,72.3,False,Fibre
SITE0401830,North East,NE,East,325966,5G SA,31575,51.7,10.6,1.03,98.2,False,Fibre
SITE0403289,Delhi NCR,DL,North,362340,5G NSA,42053,46.4,14.1,0.51,50.3,False,Microwave
SITE0402140,Tamil Nadu,TN,South,608269,5G NSA,37617,38.4,8.5,0.31,61.2,False,Fibre
SITE0402297,Rajasthan,RJ,North,230211,5G SA,5170,63.2,4.9,0.42,122.8,False,Fibre
SITE0400695,Maharashtra & Goa,MH,West,580501,4G LTE,34741,24.0,9.9,0.16,67.8,False,Microwave
SITE0402522,Odisha,OR,East,245504,4G LTE,3954,40.4,7.9,0.96,74.7,False,Microwave
SITE0400013,Himachal Pradesh,HP,North,124071,4G LTE,29261,48.0,3.8,0.98,53.8,False,Fibre
SITE0401768,Madhya Pradesh & Chhattisgarh,MP,North,749040,5G SA,36177,9.8,6.9,0.71,128.7,False,Microwave
SITE0401822,Bihar & Jharkhand,BH,East,831034,5G SA,39483,27.6,10.0,0.3,88.9,False,Fibre
SITE0400004,Bihar & Jharkhand,BH,East,607980,5G SA,6053,28.9,2.2,0.25,77.9,False,Fibre
SITE0401832,Uttar Pradesh East,UPE,North,393508,4G LTE,22258,76.1,10.4,0.45,91.4,True,Fibre
SITE0400621,Uttar Pradesh West,UPW,North,123763,4G LTE,5078,31.7,13.7,0.82,87.9,False,Fibre
SITE0402397,Delhi NCR,DL,North,342808,5G NSA,42173,41.3,11.5,0.46,122.4,False,Fibre
SITE0403241,Madhya Pradesh & Chhattisgarh,MP,North,318501,4G LTE,31771,14.4,9.7,1.02,146.5,False,Fibre
SITE0401818,Andhra Pradesh & Telangana,AP,South,278763,4G LTE,4345,51.6,4.5,0.05,87.3,False,Fibre
SITE0403386,Madhya Pradesh & Chhattisgarh,MP,North,648199,4G LTE,1946,65.4,14.5,1.6,14.4,False,Microwave
SITE0403399,Delhi NCR,DL,North,684149,5G SA,7645,24.9,13.3,0.18,57.2,False,Fibre
SITE0402592,Uttar Pradesh East,UPE,North,785573,5G NSA,22732,38.8,2.9,0.64,132.8,False,Fibre
SITE0403001,Uttar Pradesh East,UPE,North,468687,5G SA,3501,84.5,3.6,2.13,61.5,True,Fibre
SITE0401608,Kerala,KL,South,809729,4G LTE,32386,35.8,9.4,0.3,105.1,False,Microwave
SITE0400495,Uttar Pradesh East,UPE,North,379743,4G LTE,17456,99.0,1.9,1.94,86.1,True,Fibre
SITE0400786,Gujarat,GJ,West,240960,4G LTE,38609,34.6,14.6,0.53,140.6,False,Fibre
SITE0402654,Assam,AS,East,788808,5G SA,36185,58.9,9.8,0.47,78.8,False,Fibre
SITE0401175,Uttar Pradesh West,UPW,North,531220,5G SA,37807,99.0,7.7,1.02,45.8,True,Fibre
SITE0400906,Bihar & Jharkhand,BH,East,363591,4G LTE,3405,21.0,5.5,2.04,97.2,False,Fibre
SITE0400770,Uttar Pradesh East,UPE,North,377010,5G NSA,39829,64.0,7.4,0.51,44.9,False,Fibre
SITE0400051,Gujarat,GJ,West,509509,4G LTE,9174,52.2,14.5,0.21,61.8,False,Fibre
SITE0401143,Rajasthan,RJ,North,399432,5G SA,37142,46.3,1.7,0.56,84.3,False,Fibre
SITE0400306,Madhya Pradesh & Chhattisgarh,MP,North,670316,4G LTE,39355,54.6,5.8,0.54,63.9,False,Microwave
SITE0400897,Andhra Pradesh & Telangana,AP,South,704681,5G SA,32704,21.3,11.4,0.65,71.7,False,Fibre
SITE0401953,Andhra Pradesh & Telangana,AP,South,671112,5G SA,26245,6.6,6.3,0.27,105.9,False,Fibre
SITE0400342,Maharashtra & Goa,MH,West,613009,5G NSA,3881,33.6,11.8,0.13,101.2,False,Fibre
SITE0403152,Rajasthan,RJ,North,216121,5G NSA,19221,77.6,4.5,0.86,77.2,True,Microwave
SITE0400843,Andhra Pradesh & Telangana,AP,South,699118,5G NSA,5095,35.4,8.6,0.32,133.2,False,Fibre
SITE0400095,Gujarat,GJ,West,827491,5G NSA,37491,18.6,7.2,0.65,45.0,False,Microwave
SITE0402165,Haryana,HR,North,163105,5G SA,28270,7.9,13.3,1.5,130.9,False,Microwave
SITE0402010,Uttar Pradesh East,UPE,North,425765,5G SA,7490,15.7,7.9,0.45,162.5,False,Microwave
SITE0401717,West Bengal,WB,East,673953,4G LTE,37392,79.9,2.1,0.28,41.6,True,Fibre
SITE0402969,Uttar Pradesh East,UPE,North,148839,5G SA,41376,52.0,9.2,0.23,56.3,False,Fibre
SITE0402880,West Bengal,WB,East,737508,5G SA,28938,6.8,6.7,0.52,84.6,False,Fibre
SITE0400185,Kerala,KL,South,208934,5G SA,15827,10.2,8.0,0.36,43.0,False,Fibre
SITE0402223,Tamil Nadu,TN,South,832824,4G LTE,39188,20.1,8.5,0.6,80.3,False,Fibre
SITE0402067,Uttar Pradesh West,UPW,North,558170,5G SA,40880,70.5,8.1,0.86,64.5,False,Fibre
SITE0403141,Himachal Pradesh,HP,North,238132,4G LTE,18418,25.4,6.2,1.5,106.4,False,Fibre
SITE0402204,Gujarat,GJ,West,723312,5G NSA,2832,47.2,13.2,0.63,110.1,False,Fibre
SITE0403699,Madhya Pradesh & Chhattisgarh,MP,North,671472,5G NSA,31373,39.7,4.9,0.89,115.8,False,Microwave
SITE0403588,Uttar Pradesh West,UPW,North,634497,5G NSA,30952,87.8,5.6,1.08,55.4,True,Microwave
SITE0401644,Karnataka,KA,South,811935,5G SA,37937,38.7,3.9,0.23,97.4,False,Microwave
SITE0401505,Jammu & Kashmir,JK,North,282686,4G LTE,22336,86.4,6.1,0.37,63.3,True,Fibre
SITE0400430,Andhra Pradesh & Telangana,AP,South,297725,5G SA,40102,30.7,12.3,0.96,95.5,False,Fibre
SITE0400006,Uttar Pradesh East,UPE,North,367132,4G LTE,5807,99.0,8.1,0.62,37.1,True,Fibre
SITE0403770,Uttar Pradesh East,UPE,North,216770,5G SA,14963,65.6,10.4,0.35,66.0,False,Fibre
SITE0401431,Odisha,OR,East,362322,5G NSA,18531,71.6,8.4,0.85,61.8,False,Fibre
SITE0402249,Jammu & Kashmir,JK,North,620061,5G NSA,3978,64.4,10.4,0.1,69.2,False,Fibre
SITE0402646,Punjab,PB,North,601026,4G LTE,14991,43.0,6.0,0.31,64.2,False,Fibre
SITE0400560,Rajasthan,RJ,North,525465,5G SA,4571,14.2,18.2,0.54,50.6,False,Microwave
SITE0403420,Uttar Pradesh East,UPE,North,439696,5G NSA,3207,36.9,9.5,1.56,128.9,False,Fibre
SITE0400780,Uttar Pradesh East,UPE,North,262104,5G SA,39151,28.7,12.9,0.53,72.9,False,Fibre
SITE0400248,Andhra Pradesh & Telangana,AP,South,574642,5G SA,15501,43.0,6.7,0.09,40.6,False,Fibre
SITE0403122,Uttar Pradesh East,UPE,North,753094,5G SA,40375,51.1,2.9,0.53,71.3,False,Fibre
SITE0401467,Rajasthan,RJ,North,115781,5G NSA,35603,71.2,5.9,1.21,110.4,False,Microwave
SITE0400019,Kerala,KL,South,780196,5G SA,10174,61.1,8.1,0.44,60.1,False,Fibre
SITE0401798,Karnataka,KA,South,635569,4G LTE,29473,21.7,14.8,0.57,100.4,False,Microwave
SITE0402369,Haryana,HR,North,583250,4G LTE,4936,56.0,2.7,0.76,52.0,False,Fibre
SITE0400320,West Bengal,WB,East,320850,4G LTE,41878,55.9,13.7,0.12,152.9,False,Fibre
SITE0400762,Punjab,PB,North,355033,5G NSA,20256,82.5,10.9,0.5,56.6,True,Fibre
SITE0402026,Bihar & Jharkhand,BH,East,115843,5G SA,17717,33.9,9.4,1.38,70.0,False,Fibre
SITE0400667,Maharashtra & Goa,MH,West,754739,5G SA,28988,53.7,8.8,0.37,96.2,False,Fibre
SITE0400968,Kerala,KL,South,389455,5G NSA,32130,50.0,7.6,0.07,66.8,False,Fibre
SITE0402547,Andhra Pradesh & Telangana,AP,South,317717,4G LTE,29416,32.5,7.1,0.07,22.2,False,Fibre
SITE0400254,Delhi NCR,DL,North,784299,5G NSA,25170,28.2,10.1,0.92,63.0,False,Fibre
SITE0401741,Bihar & Jharkhand,BH,East,254199,4G LTE,22176,66.4,5.0,0.3,46.3,False,Fibre
SITE0402025,Rajasthan,RJ,North,468065,4G LTE,17053,49.1,12.2,1.01,87.9,False,Fibre
SITE0402097,Uttar Pradesh East,UPE,North,365186,5G NSA,4852,99.0,13.0,1.01,73.1,True,Fibre
SITE0401242,Kolkata,KO,East,521068,4G LTE,15680,41.9,13.1,0.31,78.2,False,Fibre
SITE0402002,Tamil Nadu,TN,South,477217,5G SA,38553,25.0,4.6,0.34,89.7,False,Fibre
SITE0401280,Maharashtra & Goa,MH,West,748263,4G LTE,35683,29.6,17.6,0.99,139.5,False,Microwave
SITE0401181,Bihar & Jharkhand,BH,East,381066,5G SA,35780,68.3,14.3,0.97,87.2,False,Microwave
SITE0400623,Bihar & Jharkhand,BH,East,698309,5G SA,40075,43.3,8.6,0.29,56.7,False,Fibre
SITE0403799,Maharashtra & Goa,MH,West,427616,4G LTE,5093,48.2,20.8,0.82,97.8,False,Microwave
SITE0402884,Rajasthan,RJ,North,833608,4G LTE,26108,59.3,10.8,0.81,56.0,False,Fibre
SITE0400791,Tamil Nadu,TN,South,620284,5G NSA,14781,22.1,12.3,0.19,109.8,False,Fibre
SITE0401649,Delhi NCR,DL,North,370139,5G SA,9586,39.6,11.7,0.21,61.1,False,Fibre
SITE0403727,Gujarat,GJ,West,271157,4G LTE,23184,36.5,9.4,0.44,107.3,False,Fibre
SITE0401634,Uttar Pradesh East,UPE,North,172403,5G NSA,17193,72.5,0.6,2.34,67.4,False,Fibre
SITE0403831,North East,NE,East,340721,5G SA,37837,59.1,7.1,0.78,64.0,False,Microwave
SITE0400113,Haryana,HR,North,572673,4G LTE,30535,19.5,4.6,0.77,77.8,False,Fibre
SITE0401488,Tamil Nadu,TN,South,467135,5G SA,26348,9.5,14.0,0.52,166.3,False,Fibre
SITE0402513,Uttar Pradesh East,UPE,North,770616,5G SA,20003,21.9,16.7,0.03,89.6,False,Fibre
SITE0402903,Tamil Nadu,TN,South,727723,5G NSA,10450,52.9,10.1,0.17,46.4,False,Microwave
SITE0402173,Uttar Pradesh West,UPW,North,564167,5G SA,25311,42.2,7.4,0.04,139.7,False,Fibre
SITE0400003,Punjab,PB,North,758352,5G NSA,36177,28.0,9.2,1.18,113.3,False,Fibre
SITE0402346,Andhra Pradesh & Telangana,AP,South,839613,5G NSA,33306,20.6,5.2,1.03,93.9,False,Fibre
SITE0400961,Assam,AS,East,252505,5G SA,19103,46.6,3.7,0.19,57.1,False,Fibre
SITE0401932,Odisha,OR,East,222942,5G SA,22424,31.6,5.7,0.35,107.5,False,Fibre
SITE0400521,Rajasthan,RJ,North,435212,5G SA,23460,63.2,16.7,0.98,77.7,False,Fibre
SITE0403376,Uttar Pradesh West,UPW,North,595114,5G SA,5173,48.7,12.9,0.76,101.8,False,Fibre
SITE0403244,Maharashtra & Goa,MH,West,457698,4G LTE,35039,27.8,15.0,0.35,78.9,False,Fibre
SITE0401570,Tamil Nadu,TN,South,499819,4G LTE,12303,34.0,11.7,1.62,89.6,False,Microwave
SITE0402873,Uttar Pradesh West,UPW,North,361272,4G LTE,27945,26.9,14.4,0.79,67.8,False,Fibre
SITE0400773,Andhra Pradesh & Telangana,AP,South,398665,5G NSA,40755,82.7,1.5,0.48,51.1,True,Fibre
SITE0401591,West Bengal,WB,East,272385,4G LTE,19258,37.1,11.6,0.52,87.4,False,Microwave
SITE0401189,Gujarat,GJ,West,745012,5G SA,2406,74.2,12.7,0.86,18.0,True,Fibre
SITE0402533,Madhya Pradesh & Chhattisgarh,MP,North,797300,4G LTE,15683,6.9,17.4,0.62,101.9,False,Fibre
SITE0401618,Bihar & Jharkhand,BH,East,710178,5G SA,32576,49.2,6.1,0.74,34.1,False,Fibre
SITE0401834,Gujarat,GJ,West,406989,4G LTE,24763,30.3,14.1,0.72,127.6,False,Microwave
SITE0403635,Punjab,PB,North,786107,4G LTE,15800,22.1,15.7,0.54,132.3,False,Fibre
SITE0401739,Andhra Pradesh & Telangana,AP,South,500386,5G NSA,34147,32.1,7.7,0.26,91.9,False,Fibre
SITE0400524,Bihar & Jharkhand,BH,East,205017,5G SA,25589,63.3,9.4,0.69,21.4,False,Microwave
SITE0401593,Gujarat,GJ,West,829436,5G NSA,7938,21.4,16.0,0.82,92.6,False,Fibre
SITE0401770,West Bengal,WB,East,418539,4G LTE,27341,39.2,9.4,0.34,91.0,False,Microwave
SITE0400650,Kerala,KL,South,740646,5G SA,39097,51.0,11.9,0.6,30.8,False,Fibre
SITE0402772,Karnataka,KA,South,605077,4G LTE,42020,50.2,4.7,1.24,76.0,False,Microwave
SITE0400629,West Bengal,WB,East,599910,5G SA,20330,74.4,12.5,0.36,38.6,True,Fibre
SITE0403112,Tamil Nadu,TN,South,583336,5G SA,31932,6.2,15.4,0.14,145.3,False,Fibre
SITE0402937,Himachal Pradesh,HP,North,672404,5G SA,14164,26.3,12.4,0.22,99.3,False,Fibre
SITE0401865,Madhya Pradesh & Chhattisgarh,MP,North,656397,5G SA,16953,31.3,11.3,0.1,44.0,False,Fibre
SITE0401355,Madhya Pradesh & Chhattisgarh,MP,North,780154,5G NSA,20616,41.8,7.2,0.73,102.9,False,Fibre
SITE0400262,Maharashtra & Goa,MH,West,151335,4G LTE,3413,36.8,13.1,0.31,92.5,False,Fibre
SITE0401009,Delhi NCR,DL,North,444111,5G SA,39571,42.4,14.8,0.07,109.9,False,Microwave
SITE0402273,Kerala,KL,South,258693,5G SA,15374,20.7,11.5,1.05,104.5,False,Fibre
SITE0400948,Uttar Pradesh East,UPE,North,153155,5G NSA,9715,34.4,12.9,0.07,128.9,False,Microwave
SITE0400018,Gujarat,GJ,West,849123,5G SA,32872,42.3,11.1,0.01,84.0,False,Microwave
SITE0403431,Haryana,HR,North,723641,5G SA,14609,20.6,14.0,0.03,80.6,False,Microwave
SITE0402230,Delhi NCR,DL,North,537277,5G SA,30131,45.0,13.1,0.17,62.6,False,Fibre
SITE0403601,Madhya Pradesh & Chhattisgarh,MP,North,660694,5G NSA,2713,86.4,13.3,1.51,70.1,True,Fibre
SITE0403500,Andhra Pradesh & Telangana,AP,South,134591,4G LTE,11066,17.4,8.9,0.31,3.1,False,Fibre
SITE0401064,Tamil Nadu,TN,South,353345,4G LTE,11452,15.6,6.9,0.26,56.3,False,Fibre
SITE0403292,Gujarat,GJ,West,139049,5G NSA,10260,57.5,3.0,0.24,90.4,False,Fibre
SITE0400718,Assam,AS,East,663594,5G SA,18502,64.8,3.0,0.28,83.7,False,Microwave
SITE0400498,West Bengal,WB,East,439036,5G SA,2543,17.5,13.8,0.37,132.6,False,Fibre
SITE0402492,Kerala,KL,South,398157,5G SA,3650,48.4,5.5,0.49,58.6,False,Fibre
SITE0403396,Andhra Pradesh & Telangana,AP,South,743668,4G LTE,39792,56.2,8.4,0.48,35.5,False,Fibre
SITE0402768,Karnataka,KA,South,594625,4G LTE,20647,62.8,1.5,0.38,56.1,False,Fibre
SITE0401997,West Bengal,WB,East,185685,4G LTE,36451,53.8,6.9,0.62,121.5,False,Fibre
SITE0403394,Tamil Nadu,TN,South,296106,4G LTE,36375,19.9,11.4,0.65,101.2,False,Fibre
SITE0401489,Karnataka,KA,South,150622,4G LTE,33729,28.3,10.7,0.46,26.0,False,Fibre
SITE0401950,Bihar & Jharkhand,BH,East,592282,5G SA,14908,45.1,10.4,0.13,37.6,False,Fibre
SITE0403250,Rajasthan,RJ,North,708464,4G LTE,8088,63.1,13.0,0.28,53.1,False,Microwave
SITE0400298,Madhya Pradesh & Chhattisgarh,MP,North,717812,5G SA,19941,71.6,8.9,0.56,89.3,False,Fibre
SITE0403706,Kolkata,KO,East,702655,4G LTE,42440,57.3,11.7,0.16,107.6,False,Microwave
SITE0401046,Maharashtra & Goa,MH,West,571172,4G LTE,17847,48.4,11.8,0.46,86.2,False,Fibre
SITE0400753,Bihar & Jharkhand,BH,East,464420,5G SA,5014,70.1,12.5,0.27,67.4,False,Fibre
SITE0403014,Mumbai,MU,West,853951,4G LTE,19258,33.6,19.7,0.45,70.1,False,Fibre
SITE0402122,Haryana,HR,North,347839,5G SA,22448,65.1,0.2,0.5,74.3,False,Fibre
SITE0400158,Karnataka,KA,South,538842,4G LTE,40660,50.1,8.0,0.09,95.2,False,Fibre
SITE0403249,Andhra Pradesh & Telangana,AP,South,208569,4G LTE,19967,37.9,11.3,0.31,76.7,False,Fibre
SITE0403306,Madhya Pradesh & Chhattisgarh,MP,North,422400,5G SA,30650,72.0,5.1,0.34,23.3,False,Microwave
SITE0400290,Uttar Pradesh East,UPE,North,423589,5G SA,9366,99.0,8.0,0.67,35.1,True,Microwave
SITE0403278,Maharashtra & Goa,MH,West,399470,5G SA,19983,35.1,12.5,1.13,129.5,False,Microwave
SITE0401364,Odisha,OR,East,707565,4G LTE,42364,33.2,8.4,0.24,103.2,False,Microwave
SITE0403666,Madhya Pradesh & Chhattisgarh,MP,North,407655,5G NSA,23576,78.7,7.6,0.26,113.2,True,Fibre
SITE0400874,Gujarat,GJ,West,708313,4G LTE,37757,20.3,15.5,0.75,151.6,False,Fibre
SITE0402861,Delhi NCR,DL,North,605907,5G SA,33320,20.1,3.5,0.45,13.1,False,Microwave
SITE0401362,Karnataka,KA,South,673825,4G LTE,27838,17.8,6.5,0.65,77.1,False,Fibre
SITE0403018,Gujarat,GJ,West,430368,4G LTE,36946,62.0,7.3,1.91,49.1,False,Fibre
SITE0403257,West Bengal,WB,East,825319,4G LTE,25107,28.0,14.4,0.18,44.0,False,Fibre
SITE0402348,Bihar & Jharkhand,BH,East,625332,5G SA,6183,60.8,12.9,1.97,89.3,False,Fibre
SITE0403772,Uttar Pradesh East,UPE,North,395109,5G SA,39546,44.4,5.0,0.21,102.9,False,Fibre
SITE0403657,Karnataka,KA,South,712155,5G SA,10501,47.0,18.7,0.38,94.4,False,Fibre
SITE0403318,Rajasthan,RJ,North,689013,5G NSA,11069,41.7,7.7,1.09,86.6,False,Microwave
SITE0402414,Odisha,OR,East,118633,4G LTE,34698,23.1,12.2,0.46,106.8,False,Fibre
SITE0402904,Uttar Pradesh East,UPE,North,514582,5G SA,6525,97.4,4.3,0.42,76.7,True,Fibre
SITE0402724,Maharashtra & Goa,MH,West,829743,5G NSA,38726,64.7,6.3,2.16,62.4,False,Microwave
SITE0400799,Andhra Pradesh & Telangana,AP,South,671338,5G NSA,18858,27.1,4.1,0.9,154.6,False,Microwave
SITE0402791,Mumbai,MU,West,427665,5G SA,32687,33.1,7.5,0.66,126.5,False,Fibre
SITE0400348,Maharashtra & Goa,MH,West,556414,4G LTE,26518,37.6,8.9,0.22,68.4,False,Fibre
SITE0400477,Karnataka,KA,South,771642,4G LTE,15367,69.5,7.8,0.38,87.6,False,Microwave
SITE0400383,Mumbai,MU,West,821253,4G LTE,34637,20.7,10.7,0.05,51.0,False,Fibre
SITE0403022,Andhra Pradesh & Telangana,AP,South,382824,5G NSA,3134,68.3,2.9,0.61,48.6,False,Microwave
SITE0401864,Maharashtra & Goa,MH,West,317955,4G LTE,5799,33.2,19.8,0.67,8.4,False,Fibre
SITE0400965,Rajasthan,RJ,North,355346,5G SA,21512,54.6,13.9,0.12,64.9,False,Microwave
SITE0401857,Tamil Nadu,TN,South,554084,5G NSA,6160,32.1,6.9,0.71,92.1,False,Fibre
SITE0401653,Rajasthan,RJ,North,172648,5G SA,39982,23.0,11.0,0.26,61.5,False,Microwave
SITE0402528,Maharashtra & Goa,MH,West,439040,5G NSA,22264,21.2,12.6,0.25,115.8,False,Fibre
SITE0403382,Delhi NCR,DL,North,577114,5G SA,36241,19.8,7.0,0.25,83.2,False,Microwave
SITE0401579,North East,NE,East,171508,5G NSA,25145,64.5,10.9,0.69,80.3,False,Fibre
SITE0400213,Rajasthan,RJ,North,559807,4G LTE,3663,69.3,7.8,0.07,56.4,False,Fibre
SITE0402303,Uttar Pradesh East,UPE,North,283742,5G NSA,30006,46.4,6.2,1.63,109.8,False,Microwave
SITE0403513,Jammu & Kashmir,JK,North,135508,5G SA,17637,19.7,15.2,1.22,78.8,False,Fibre
SITE0403220,Tamil Nadu,TN,South,385256,4G LTE,6830,57.8,8.7,0.44,81.5,False,Fibre
SITE0400447,Assam,AS,East,119323,4G LTE,16517,73.4,6.3,1.81,81.0,False,Fibre
SITE0402320,Mumbai,MU,West,627429,4G LTE,16325,18.7,13.5,0.39,93.9,False,Microwave
SITE0400981,Rajasthan,RJ,North,461567,5G NSA,18980,30.9,12.4,0.24,96.4,False,Fibre
SITE0400440,Uttar Pradesh West,UPW,North,604738,4G LTE,16349,99.0,3.4,0.64,9.0,True,Fibre
SITE0403786,Delhi NCR,DL,North,271394,5G NSA,7754,23.1,13.1,0.1,107.8,False,Microwave
SITE0401954,Uttar Pradesh East,UPE,North,192293,4G LTE,34012,62.5,10.2,0.09,96.7,False,Microwave
SITE0403596,Haryana,HR,North,232731,4G LTE,25276,72.7,8.6,0.12,82.5,False,Microwave
SITE0401809,Bihar & Jharkhand,BH,East,499056,4G LTE,7795,56.5,8.6,0.36,61.2,False,Fibre
SITE0403819,Bihar & Jharkhand,BH,East,336288,4G LTE,31506,41.9,16.1,0.24,72.9,False,Fibre
SITE0403696,Himachal Pradesh,HP,North,425176,5G SA,11281,25.9,13.5,0.9,8.9,False,Fibre
SITE0400180,Tamil Nadu,TN,South,738819,4G LTE,13587,55.0,10.2,0.25,67.5,False,Microwave
SITE0400941,Karnataka,KA,South,575020,5G SA,1933,69.7,4.2,0.19,120.8,False,Fibre
SITE0400464,Bihar & Jharkhand,BH,East,514047,5G SA,42067,47.3,10.1,0.44,32.4,False,Fibre
SITE0402948,Uttar Pradesh East,UPE,North,304212,5G NSA,40151,99.0,8.5,0.5,20.0,True,Fibre
SITE0403232,Maharashtra & Goa,MH,West,110226,5G SA,37151,70.9,2.5,0.22,27.2,False,Microwave
SITE0402859,Rajasthan,RJ,North,510326,4G LTE,21442,42.1,14.1,0.42,102.8,False,Fibre
SITE0403387,Tamil Nadu,TN,South,807890,5G NSA,17633,40.4,7.1,0.69,58.7,False,Fibre
SITE0400934,Bihar & Jharkhand,BH,East,758629,5G SA,21405,99.0,4.4,0.33,56.8,True,Fibre
SITE0402213,Madhya Pradesh & Chhattisgarh,MP,North,853026,5G SA,36659,99.0,9.8,0.9,59.2,True,Fibre
SITE0402109,Gujarat,GJ,West,477406,5G NSA,6789,62.0,13.3,0.19,104.2,False,Fibre
SITE0400837,Uttar Pradesh East,UPE,North,280234,4G LTE,31623,46.5,19.5,0.79,58.7,False,Fibre
SITE0401141,Andhra Pradesh & Telangana,AP,South,785043,5G SA,10872,20.4,14.5,1.5,50.1,False,Fibre
SITE0400055,Uttar Pradesh East,UPE,North,174654,5G NSA,10268,61.5,5.9,0.39,60.1,False,Fibre
SITE0401317,Uttar Pradesh West,UPW,North,753487,4G LTE,9032,58.7,11.5,1.51,69.8,False,Fibre
SITE0401452,Assam,AS,East,228496,5G NSA,28263,17.3,12.9,0.25,82.3,False,Fibre
SITE0403769,Punjab,PB,North,828308,5G NSA,41018,57.4,6.8,0.62,139.6,False,Fibre
SITE0400578,Karnataka,KA,South,615283,5G SA,9049,48.6,4.9,0.72,96.1,False,Microwave
SITE0401461,Madhya Pradesh & Chhattisgarh,MP,North,220518,4G LTE,14880,99.0,5.3,0.2,17.7,True,Fibre
SITE0400359,Tamil Nadu,TN,South,251900,5G SA,35055,29.8,4.7,0.4,130.6,False,Fibre
SITE0402393,Madhya Pradesh & Chhattisgarh,MP,North,372068,5G NSA,12614,60.1,14.3,0.86,75.2,False,Fibre
SITE0402366,Andhra Pradesh & Telangana,AP,South,440642,5G NSA,8762,31.6,15.9,0.88,141.7,False,Fibre
SITE0402066,Rajasthan,RJ,North,848681,4G LTE,2689,66.1,8.6,0.56,54.6,False,Fibre
SITE0400042,Tamil Nadu,TN,South,639247,5G SA,26119,68.1,2.7,0.69,86.7,False,Microwave
SITE0400282,Tamil Nadu,TN,South,787307,5G NSA,7492,53.6,2.1,0.51,68.7,False,Fibre
SITE0400505,Maharashtra & Goa,MH,West,593912,5G SA,19304,48.9,4.4,0.65,88.9,False,Fibre
SITE0401485,Rajasthan,RJ,North,176074,4G LTE,18744,26.7,11.1,1.02,116.8,False,Fibre
SITE0400463,Rajasthan,RJ,North,458651,5G SA,18330,58.5,10.3,1.07,74.3,False,Fibre
SITE0400482,Bihar & Jharkhand,BH,East,265448,4G LTE,28388,32.5,13.0,0.82,89.4,False,Fibre
SITE0402557,Maharashtra & Goa,MH,West,770120,5G SA,21935,41.0,11.1,0.15,100.4,False,Microwave
SITE0401587,West Bengal,WB,East,388786,4G LTE,29090,8.1,11.5,0.44,75.8,False,Fibre
SITE0402594,Tamil Nadu,TN,South,133437,5G SA,40387,22.0,7.7,0.28,80.7,False,Fibre
SITE0402038,Uttar Pradesh West,UPW,North,382886,4G LTE,19390,34.9,13.4,0.49,110.8,False,Fibre
SITE0400751,Kerala,KL,South,848399,5G SA,22512,17.1,10.5,0.29,1.5,False,Microwave
SITE0401041,Maharashtra & Goa,MH,West,360482,4G LTE,42578,29.6,10.6,0.48,99.6,False,Fibre
SITE0403138,Mumbai,MU,West,793646,5G SA,38045,24.9,20.5,0.32,138.3,False,Fibre
SITE0403237,West Bengal,WB,East,398859,5G SA,16620,32.6,16.0,0.42,50.9,False,Microwave
SITE0402641,West Bengal,WB,East,438002,4G LTE,29747,64.5,7.2,0.41,94.3,False,Microwave
SITE0400716,Madhya Pradesh & Chhattisgarh,MP,North,137165,5G SA,36550,62.0,2.9,0.09,21.3,False,Fibre
SITE0400434,Uttar Pradesh East,UPE,North,130590,5G SA,2898,71.0,6.8,0.08,86.9,False,Fibre
SITE0403294,West Bengal,WB,East,694505,5G SA,9709,85.4,4.0,0.27,30.6,True,Microwave
SITE0402472,Rajasthan,RJ,North,444312,5G SA,30580,28.4,7.8,0.79,78.2,False,Fibre
SITE0402400,Mumbai,MU,West,433099,4G LTE,12985,27.4,5.5,0.12,73.0,False,Fibre
SITE0400227,Maharashtra & Goa,MH,West,203634,5G SA,19622,36.8,15.6,0.35,47.5,False,Fibre
SITE0401620,North East,NE,East,699202,5G NSA,1844,6.9,17.3,0.32,118.4,False,Fibre
SITE0402198,Uttar Pradesh East,UPE,North,485726,5G SA,15529,43.8,14.0,1.1,102.7,False,Fibre
SITE0402360,Tamil Nadu,TN,South,339923,5G NSA,39319,23.4,6.2,0.38,148.2,False,Fibre
SITE0403491,Bihar & Jharkhand,BH,East,314012,5G NSA,32800,33.1,15.1,0.87,61.2,False,Microwave
SITE0402242,Himachal Pradesh,HP,North,484922,4G LTE,39782,22.0,12.8,0.44,98.8,False,Fibre
SITE0401182,Mumbai,MU,West,260479,5G NSA,31321,21.5,6.1,0.17,101.5,False,Microwave
SITE0401496,Karnataka,KA,South,435739,5G SA,36499,35.4,7.6,0.57,82.5,False,Fibre
SITE0400474,Uttar Pradesh West,UPW,North,570330,4G LTE,38112,66.6,12.4,0.48,36.4,False,Fibre
SITE0401360,Uttar Pradesh East,UPE,North,664954,4G LTE,29102,99.0,6.3,1.07,41.0,True,Fibre
SITE0403534,Odisha,OR,East,147665,5G SA,29897,54.4,16.6,0.07,21.6,False,Fibre
SITE0401511,Karnataka,KA,South,602341,4G LTE,14948,53.2,14.5,0.22,89.0,False,Microwave
SITE0403191,West Bengal,WB,East,412980,5G SA,8318,19.4,7.2,0.79,83.3,False,Fibre
SITE0401988,Uttar Pradesh East,UPE,North,816149,5G NSA,8533,71.0,1.6,0.7,88.4,False,Fibre
SITE0400261,Madhya Pradesh & Chhattisgarh,MP,North,287915,4G LTE,4053,36.3,17.5,0.45,58.1,False,Fibre
SITE0401443,Maharashtra & Goa,MH,West,827436,5G NSA,31413,56.6,6.7,0.51,57.7,False,Microwave
SITE0403548,Uttar Pradesh East,UPE,North,246729,4G LTE,3084,52.9,7.8,1.99,63.5,False,Fibre
SITE0400539,Uttar Pradesh West,UPW,North,851803,5G SA,26834,49.1,4.5,0.59,29.3,False,Fibre
SITE0401810,Punjab,PB,North,317387,5G SA,2836,60.2,7.2,0.58,23.7,False,Fibre
SITE0401645,Karnataka,KA,South,326945,5G SA,2723,61.6,3.0,0.78,42.8,False,Microwave
SITE0403590,Rajasthan,RJ,North,439865,4G LTE,6864,24.7,15.6,1.2,40.5,False,Microwave
SITE0401922,Punjab,PB,North,312206,4G LTE,16997,67.7,10.5,0.6,74.2,False,Fibre
SITE0402664,Delhi NCR,DL,North,334938,5G SA,16164,22.6,13.3,0.2,54.5,False,Fibre
SITE0401479,Gujarat,GJ,West,830104,4G LTE,14013,12.9,10.2,0.16,106.2,False,Microwave
SITE0401020,Uttar Pradesh East,UPE,North,784906,4G LTE,11653,61.6,8.5,0.78,59.7,False,Fibre
SITE0402762,Punjab,PB,North,403372,5G SA,42535,46.2,8.5,0.28,99.2,False,Fibre
SITE0401031,Tamil Nadu,TN,South,516301,5G NSA,33906,73.9,4.5,0.23,79.0,False,Microwave
SITE0400253,Uttar Pradesh West,UPW,North,266765,4G LTE,22468,38.8,9.0,0.46,104.7,False,Fibre
SITE0403322,Jammu & Kashmir,JK,North,605599,5G SA,9943,48.6,2.9,0.39,55.1,False,Fibre
SITE0402754,Punjab,PB,North,770466,4G LTE,30930,53.6,16.9,0.64,43.1,False,Microwave
SITE0403261,Bihar & Jharkhand,BH,East,609172,5G SA,7575,64.9,7.7,0.31,31.1,False,Fibre
SITE0402443,Maharashtra & Goa,MH,West,731299,5G SA,38209,37.7,11.0,0.23,141.0,False,Microwave
SITE0400454,Uttar Pradesh East,UPE,North,401639,4G LTE,9656,25.4,18.7,0.52,146.7,False,Fibre
SITE0402893,Punjab,PB,North,171838,5G SA,8069,52.2,8.1,0.46,131.1,False,Fibre
SITE0403321,Rajasthan,RJ,North,731050,4G LTE,36668,32.4,8.1,0.09,121.9,False,Fibre
SITE0400945,Rajasthan,RJ,North,472359,4G LTE,21889,75.8,12.6,0.45,18.3,True,Fibre
SITE0403084,Uttar Pradesh East,UPE,North,790100,5G NSA,36149,32.3,13.8,0.67,36.4,False,Fibre
SITE0403589,Odisha,OR,East,844381,4G LTE,17664,53.0,11.5,0.08,141.3,False,Fibre
SITE0402127,Madhya Pradesh & Chhattisgarh,MP,North,494099,5G NSA,3309,59.7,6.7,0.89,45.0,False,Fibre
SITE0403356,Gujarat,GJ,West,780906,5G SA,40672,44.6,9.2,0.03,66.8,False,Fibre
SITE0403403,West Bengal,WB,East,593198,5G NSA,41038,49.6,6.9,0.43,70.7,False,Fibre
SITE0400925,Gujarat,GJ,West,802612,5G NSA,38819,14.2,17.1,0.35,169.1,False,Fibre
SITE0400610,Uttar Pradesh East,UPE,North,738777,5G SA,6633,63.1,7.2,0.95,180.6,False,Microwave
SITE0401235,Mumbai,MU,West,709491,5G NSA,30110,20.0,11.2,0.93,28.5,False,Fibre
SITE0403676,Maharashtra & Goa,MH,West,572345,4G LTE,19580,13.9,17.7,0.46,49.4,False,Fibre
SITE0400702,Karnataka,KA,South,538812,5G SA,28656,23.5,8.9,0.3,91.7,False,Fibre
SITE0403023,Kerala,KL,South,333578,5G NSA,39265,45.7,12.8,1.18,110.5,False,Fibre
SITE0400617,Delhi NCR,DL,North,641514,4G LTE,15180,38.2,10.6,1.15,14.7,False,Fibre
SITE0403543,Maharashtra & Goa,MH,West,495475,5G NSA,32087,21.0,15.3,1.62,100.4,False,Fibre
SITE0402181,Maharashtra & Goa,MH,West,202802,4G LTE,15709,38.5,8.2,0.37,63.5,False,Fibre
SITE0400338,Uttar Pradesh East,UPE,North,544258,4G LTE,7580,82.2,11.3,0.04,106.0,True,Fibre
SITE0403067,Andhra Pradesh & Telangana,AP,South,468404,5G SA,34075,7.1,6.2,0.64,174.2,False,Fibre
SITE0400644,Karnataka,KA,South,612206,5G NSA,36711,55.7,6.5,0.41,52.8,False,Fibre
SITE0403726,Andhra Pradesh & Telangana,AP,South,298305,4G LTE,18385,61.1,16.1,0.4,85.8,False,Microwave
SITE0401522,West Bengal,WB,East,418585,4G LTE,27836,18.6,16.1,0.48,92.6,False,Microwave
SITE0400208,North East,NE,East,700276,5G SA,37929,68.1,4.9,1.67,43.9,False,Fibre
SITE0400571,Madhya Pradesh & Chhattisgarh,MP,North,686599,4G LTE,21941,68.8,3.2,1.73,70.6,False,Fibre
SITE0401924,Bihar & Jharkhand,BH,East,804285,4G LTE,8554,40.4,16.4,0.6,126.7,False,Fibre
SITE0402714,Mumbai,MU,West,759186,5G SA,18796,35.3,5.1,0.34,119.3,False,Fibre
SITE0403620,Odisha,OR,East,749375,4G LTE,17695,73.9,19.1,0.21,131.8,False,Microwave
SITE0402769,Maharashtra & Goa,MH,West,491655,5G SA,30155,41.5,9.6,1.52,72.9,False,Fibre
SITE0401008,Madhya Pradesh & Chhattisgarh,MP,North,408744,5G SA,15705,69.1,4.4,0.83,60.7,False,Fibre
SITE0401813,Gujarat,GJ,West,359626,4G LTE,4014,27.8,12.4,0.47,30.4,False,Fibre
SITE0402113,Bihar & Jharkhand,BH,East,130744,5G SA,26009,31.1,16.4,1.21,1.5,False,Fibre
SITE0401854,Assam,AS,East,377342,4G LTE,35606,50.1,-1.4,0.97,16.9,False,Fibre
SITE0400523,Uttar Pradesh East,UPE,North,317634,4G LTE,6446,89.4,1.9,0.65,103.9,True,Microwave
SITE0400163,Punjab,PB,North,639787,5G NSA,26203,47.2,9.8,1.7,45.8,False,Fibre
SITE0402512,Tamil Nadu,TN,South,301132,5G NSA,28118,45.2,9.9,1.12,58.3,False,Fibre
SITE0400933,Andhra Pradesh & Telangana,AP,South,335455,4G LTE,25901,30.6,11.6,0.16,111.8,False,Fibre
SITE0401660,Andhra Pradesh & Telangana,AP,South,275618,5G SA,12585,45.2,16.1,0.47,32.2,False,Fibre
SITE0403464,Uttar Pradesh East,UPE,North,835632,5G SA,14663,36.4,9.4,0.22,59.9,False,Fibre
SITE0402093,West Bengal,WB,East,793582,4G LTE,37047,79.9,4.0,2.33,18.3,True,Microwave
SITE0402843,Bihar & Jharkhand,BH,East,278234,4G LTE,33454,79.6,8.6,1.0,78.1,True,Microwave
SITE0400589,Delhi NCR,DL,North,620435,4G LTE,14403,49.2,2.6,1.04,112.2,False,Microwave
SITE0402878,Andhra Pradesh & Telangana,AP,South,744558,4G LTE,32510,21.9,6.8,0.25,1.5,False,Microwave
SITE0402983,Himachal Pradesh,HP,North,133114,5G SA,23712,19.6,14.9,0.1,109.6,False,Fibre
SITE0401627,Karnataka,KA,South,735288,4G LTE,29024,65.9,6.4,0.71,45.6,False,Fibre
SITE0400844,Kerala,KL,South,197200,5G SA,26449,14.4,13.8,0.6,96.3,False,Fibre
SITE0400485,Tamil Nadu,TN,South,561667,5G SA,25436,61.5,17.4,0.47,78.9,False,Microwave
SITE0402029,Karnataka,KA,South,652067,4G LTE,4143,44.0,12.7,0.33,134.4,False,Fibre
SITE0401686,Andhra Pradesh & Telangana,AP,South,798998,4G LTE,20679,42.1,7.4,0.28,55.7,False,Microwave
SITE0402345,Uttar Pradesh West,UPW,North,447711,4G LTE,3764,88.7,12.1,0.44,39.0,True,Fibre
SITE0400744,Karnataka,KA,South,338609,5G NSA,41270,55.0,11.2,0.9,88.0,False,Microwave
SITE0400881,Uttar Pradesh West,UPW,North,727571,4G LTE,3126,63.7,13.5,0.97,83.1,False,Fibre
SITE0401678,Rajasthan,RJ,North,570377,5G SA,9641,12.7,14.9,0.7,111.1,False,Fibre
SITE0401878,Rajasthan,RJ,North,309618,4G LTE,31966,50.8,7.9,0.38,92.6,False,Fibre
SITE0402101,Uttar Pradesh West,UPW,North,247255,4G LTE,40251,56.3,4.6,1.38,80.6,False,Fibre
SITE0400967,Tamil Nadu,TN,South,507456,4G LTE,25264,29.2,3.9,0.9,109.7,False,Fibre
SITE0403448,Maharashtra & Goa,MH,West,529045,4G LTE,22961,62.8,10.7,0.68,85.9,False,Fibre
SITE0403248,Maharashtra & Goa,MH,West,213558,5G SA,40633,30.3,13.9,0.33,98.4,False,Fibre
SITE0400549,Maharashtra & Goa,MH,West,188440,4G LTE,10973,45.3,18.8,0.17,77.6,False,Microwave
SITE0402182,Andhra Pradesh & Telangana,AP,South,176229,5G SA,20864,14.8,9.9,0.83,76.4,False,Microwave
SITE0401299,Kerala,KL,South,686328,5G SA,11523,26.4,10.8,0.16,98.5,False,Fibre
SITE0402390,Karnataka,KA,South,448728,5G SA,17265,44.6,8.0,1.31,22.6,False,Fibre
SITE0401833,Maharashtra & Goa,MH,West,526697,4G LTE,35984,63.7,15.9,0.61,73.2,False,Fibre
SITE0400364,Gujarat,GJ,West,258910,5G SA,13273,48.4,6.1,0.42,83.4,False,Fibre
SITE0402171,Madhya Pradesh & Chhattisgarh,MP,North,774396,5G NSA,19182,15.0,15.1,0.43,75.6,False,Microwave
SITE0402208,Bihar & Jharkhand,BH,East,747842,4G LTE,13829,27.4,10.2,0.34,61.0,False,Fibre
SITE0403397,Uttar Pradesh West,UPW,North,336248,5G SA,8783,72.8,7.7,0.3,102.4,False,Fibre
SITE0401124,Karnataka,KA,South,466495,5G SA,8189,18.5,16.6,0.16,63.9,False,Fibre
SITE0401564,Uttar Pradesh East,UPE,North,304071,5G SA,17741,51.8,6.0,0.49,116.8,False,Fibre
SITE0401003,West Bengal,WB,East,784295,5G NSA,16206,71.9,12.4,0.66,69.6,False,Fibre
SITE0401552,Maharashtra & Goa,MH,West,675213,5G SA,36281,48.0,5.3,0.93,66.2,False,Fibre
SITE0400226,Maharashtra & Goa,MH,West,452933,4G LTE,31158,48.6,15.9,0.21,67.7,False,Fibre
SITE0402021,Bihar & Jharkhand,BH,East,308036,4G LTE,33260,59.1,8.6,0.2,45.4,False,Microwave
SITE0401746,Tamil Nadu,TN,South,528252,5G NSA,25535,65.5,10.4,0.57,27.3,False,Fibre
SITE0401399,Punjab,PB,North,656976,5G NSA,38105,40.1,11.3,0.36,83.6,False,Microwave
SITE0400666,Haryana,HR,North,254533,4G LTE,18725,61.3,4.3,0.44,38.1,False,Fibre
SITE0401886,Uttar Pradesh West,UPW,North,730107,5G SA,37201,90.2,3.5,0.05,37.7,True,Fibre
SITE0402692,Gujarat,GJ,West,193078,5G SA,3686,22.0,14.6,0.38,67.8,False,Fibre
SITE0401577,Tamil Nadu,TN,South,744010,5G SA,28664,15.9,11.0,0.41,106.2,False,Fibre
SITE0403327,Punjab,PB,North,298974,5G SA,22045,33.9,7.2,0.85,100.9,False,Microwave
SITE0402018,Kolkata,KO,East,722331,5G SA,22480,49.1,6.3,0.96,71.4,False,Microwave
SITE0401630,Tamil Nadu,TN,South,349344,5G SA,39736,24.7,13.6,0.15,108.9,False,Fibre
SITE0401246,Maharashtra & Goa,MH,West,265202,4G LTE,34037,59.4,5.6,1.28,105.6,False,Fibre
SITE0402239,Gujarat,GJ,West,290442,5G NSA,2481,71.6,-0.8,0.98,58.0,False,Fibre
SITE0402040,Andhra Pradesh & Telangana,AP,South,712702,5G NSA,22510,36.8,4.1,1.29,59.9,False,Fibre
SITE0403462,Uttar Pradesh West,UPW,North,175579,4G LTE,36553,61.6,11.5,1.02,102.6,False,Microwave
SITE0402603,West Bengal,WB,East,395041,5G SA,36462,31.1,11.5,0.14,14.9,False,Fibre
SITE0402585,Mumbai,MU,West,431096,4G LTE,21935,14.8,15.3,0.45,49.7,False,Microwave
SITE0403825,Maharashtra & Goa,MH,West,734420,4G LTE,27342,30.0,9.5,0.37,37.4,False,Microwave
SITE0402979,Uttar Pradesh West,UPW,North,615368,4G LTE,16285,89.0,6.8,1.24,47.5,True,Fibre
SITE0401531,Rajasthan,RJ,North,476664,5G SA,3654,50.2,11.3,1.11,57.6,False,Fibre
SITE0400531,Uttar Pradesh East,UPE,North,316578,4G LTE,36348,99.0,7.6,1.17,103.6,True,Fibre
SITE0402199,Bihar & Jharkhand,BH,East,679828,4G LTE,34289,42.8,11.9,0.36,56.5,False,Fibre
SITE0402292,West Bengal,WB,East,848765,5G SA,38337,52.9,10.3,0.09,116.2,False,Fibre
SITE0400103,Odisha,OR,East,736940,5G NSA,12341,57.8,5.2,0.43,104.8,False,Fibre
SITE0401168,Rajasthan,RJ,North,588987,5G SA,26965,63.3,9.7,0.43,79.4,False,Fibre
SITE0402332,Maharashtra & Goa,MH,West,495075,5G SA,23710,57.2,10.7,0.87,89.6,False,Fibre
SITE0400347,Kerala,KL,South,611651,5G SA,2043,59.0,11.5,0.8,56.3,False,Fibre
SITE0403593,Uttar Pradesh East,UPE,North,176679,5G NSA,16310,68.2,10.4,0.31,40.9,False,Fibre
SITE0402478,Uttar Pradesh East,UPE,North,573724,5G SA,39250,50.8,7.0,0.13,71.3,False,Fibre
SITE0402524,Uttar Pradesh West,UPW,North,649254,4G LTE,23895,28.4,2.0,1.03,73.2,False,Fibre
SITE0401912,Jammu & Kashmir,JK,North,854648,5G NSA,12422,41.0,2.2,0.29,25.2,False,Fibre
SITE0400860,Madhya Pradesh & Chhattisgarh,MP,North,134379,4G LTE,33433,31.2,8.8,0.9,65.0,False,Fibre
SITE0403147,Mumbai,MU,West,753940,5G SA,18259,27.1,15.0,0.81,70.0,False,Fibre
SITE0403277,Rajasthan,RJ,North,123052,4G LTE,9537,36.5,7.5,0.12,119.0,False,Microwave
SITE0402929,West Bengal,WB,East,442565,5G SA,25448,27.7,4.5,0.28,76.8,False,Fibre
SITE0402996,West Bengal,WB,East,823423,4G LTE,15139,40.8,10.6,0.53,21.3,False,Microwave
SITE0401863,Odisha,OR,East,725549,5G SA,10070,22.5,7.3,0.93,135.8,False,Microwave
SITE0401917,Mumbai,MU,West,701814,5G SA,19720,26.0,9.5,0.89,67.4,False,Microwave
SITE0403000,Rajasthan,RJ,North,638108,4G LTE,38253,77.3,-0.5,0.07,49.8,True,Fibre
SITE0402988,Kerala,KL,South,272535,4G LTE,23490,46.6,6.6,0.75,52.3,False,Fibre
SITE0402632,Bihar & Jharkhand,BH,East,475824,4G LTE,39709,45.1,7.0,1.25,78.8,False,Microwave
SITE0402890,Maharashtra & Goa,MH,West,478496,5G NSA,39691,48.5,1.7,0.14,157.3,False,Fibre
SITE0400944,Maharashtra & Goa,MH,West,444037,5G SA,32270,22.2,20.2,0.01,88.6,False,Microwave
SITE0400777,Karnataka,KA,South,135969,4G LTE,32225,49.6,13.4,0.79,161.1,False,Fibre
SITE0403144,Odisha,OR,East,205441,4G LTE,27649,35.2,14.1,0.46,120.7,False,Fibre
SITE0403267,Haryana,HR,North,136448,4G LTE,8237,30.1,6.9,0.29,132.7,False,Fibre
SITE0401772,Bihar & Jharkhand,BH,East,159648,5G NSA,26177,24.6,14.2,0.71,59.1,False,Fibre
SITE0403224,Karnataka,KA,South,294827,5G SA,22083,35.1,10.5,0.41,51.3,False,Fibre
SITE0402609,Maharashtra & Goa,MH,West,295942,4G LTE,3733,49.5,10.9,0.32,101.1,False,Fibre
SITE0401413,Delhi NCR,DL,North,299534,5G SA,13917,28.0,9.3,0.37,152.4,False,Fibre
SITE0403280,Bihar & Jharkhand,BH,East,835530,5G SA,9801,89.1,6.4,0.22,93.2,True,Fibre
SITE0403319,Delhi NCR,DL,North,194445,5G NSA,9156,30.1,4.9,0.29,101.2,False,Microwave
SITE0402494,Rajasthan,RJ,North,244092,5G NSA,22523,14.0,16.4,0.59,180.0,False,Fibre
SITE0401976,Uttar Pradesh West,UPW,North,837471,4G LTE,33767,41.0,15.0,0.2,50.8,False,Fibre
SITE0401071,Rajasthan,RJ,North,531686,4G LTE,17958,76.8,11.4,0.97,93.2,True,Fibre
SITE0402967,Odisha,OR,East,435824,5G NSA,33892,28.6,11.0,0.57,70.7,False,Fibre
SITE0402371,Kolkata,KO,East,153554,5G SA,25068,54.0,7.8,0.1,46.3,False,Fibre
SITE0402676,Bihar & Jharkhand,BH,East,703114,5G SA,22125,88.3,8.8,0.54,58.0,True,Microwave
SITE0401938,Haryana,HR,North,451472,4G LTE,20593,42.4,10.5,1.09,41.6,False,Fibre
SITE0402874,Karnataka,KA,South,848353,5G SA,36744,28.5,6.9,0.83,103.6,False,Microwave
SITE0403317,Maharashtra & Goa,MH,West,283403,4G LTE,14833,37.6,12.8,0.29,23.0,False,Fibre
SITE0400398,Himachal Pradesh,HP,North,606539,4G LTE,30759,5.7,10.3,0.19,29.8,False,Fibre
SITE0402114,Tamil Nadu,TN,South,477320,4G LTE,6848,55.9,7.2,0.78,59.4,False,Microwave
SITE0402039,Delhi NCR,DL,North,136921,4G LTE,34078,13.0,15.5,0.86,139.5,False,Microwave
SITE0403046,Punjab,PB,North,693987,4G LTE,7810,6.3,9.5,1.53,90.8,False,Fibre
SITE0402102,Odisha,OR,East,351923,5G NSA,16928,56.7,-4.0,0.27,73.7,False,Fibre
SITE0400339,Odisha,OR,East,127036,5G NSA,33304,70.3,1.7,0.45,68.8,False,Fibre
SITE0401001,Uttar Pradesh East,UPE,North,339264,4G LTE,40737,40.4,12.8,0.61,77.3,False,Microwave
SITE0401239,Andhra Pradesh & Telangana,AP,South,634263,4G LTE,7253,56.2,15.7,0.17,26.8,False,Fibre
SITE0400603,Kerala,KL,South,588086,5G NSA,31578,36.1,8.6,0.5,73.1,False,Microwave
SITE0401460,Madhya Pradesh & Chhattisgarh,MP,North,814613,5G NSA,38972,41.2,9.3,1.05,32.7,False,Fibre
SITE0401319,Gujarat,GJ,West,817073,5G SA,30322,51.3,4.5,0.54,80.0,False,Fibre
SITE0403110,Tamil Nadu,TN,South,530909,5G SA,8429,75.4,7.9,0.14,88.6,True,Fibre
SITE0403149,Haryana,HR,North,679858,5G SA,32340,40.2,12.2,0.21,85.7,False,Fibre
SITE0400712,Rajasthan,RJ,North,365826,4G LTE,23135,37.9,3.6,0.24,45.5,False,Fibre
SITE0400189,Delhi NCR,DL,North,159158,4G LTE,2418,51.5,6.1,0.89,85.6,False,Fibre
SITE0403344,Punjab,PB,North,231486,5G SA,21682,56.9,6.4,0.48,62.0,False,Fibre
SITE0402103,Uttar Pradesh East,UPE,North,673033,5G NSA,35337,49.4,20.3,0.92,116.4,False,Fibre
SITE0403753,Madhya Pradesh & Chhattisgarh,MP,North,345859,5G SA,3757,65.7,14.1,0.25,95.8,False,Fibre
SITE0402640,Karnataka,KA,South,746449,4G LTE,15761,58.9,10.7,0.13,22.3,False,Fibre
SITE0403088,Kerala,KL,South,242167,4G LTE,14357,36.4,10.1,0.71,96.9,False,Microwave
SITE0403664,Bihar & Jharkhand,BH,East,602818,4G LTE,22907,30.9,12.5,0.8,78.8,False,Fibre
SITE0402245,Andhra Pradesh & Telangana,AP,South,450557,4G LTE,4027,21.5,4.3,0.68,88.6,False,Fibre
SITE0402423,Rajasthan,RJ,North,511917,5G SA,33762,20.6,19.1,0.11,103.6,False,Microwave
SITE0402934,Maharashtra & Goa,MH,West,727559,5G SA,35338,21.5,12.7,0.8,75.3,False,Fibre
SITE0403072,Andhra Pradesh & Telangana,AP,South,493968,4G LTE,10440,33.1,15.4,0.09,94.1,False,Fibre
SITE0402870,Karnataka,KA,South,634176,4G LTE,18380,36.8,5.5,0.1,95.5,False,Fibre
SITE0400810,Maharashtra & Goa,MH,West,208668,4G LTE,21951,45.7,4.4,1.45,12.9,False,Fibre
SITE0401276,Uttar Pradesh East,UPE,North,653260,5G NSA,8247,53.8,11.3,0.46,33.2,False,Fibre
SITE0400797,Andhra Pradesh & Telangana,AP,South,174214,5G SA,39892,63.2,4.5,1.66,39.7,False,Fibre
SITE0401622,Karnataka,KA,South,480040,5G SA,16294,53.3,12.0,1.04,73.7,False,Fibre
SITE0402095,West Bengal,WB,East,196675,4G LTE,33696,77.4,7.0,1.57,36.5,True,Fibre
SITE0400618,West Bengal,WB,East,244877,5G NSA,34157,42.8,10.0,2.59,66.2,False,Fibre
SITE0400201,Karnataka,KA,South,566242,5G SA,10848,47.0,6.6,0.46,42.3,False,Microwave
SITE0400215,Delhi NCR,DL,North,401138,4G LTE,5118,34.4,8.8,1.06,77.2,False,Fibre
SITE0401252,Kerala,KL,South,537885,5G NSA,32218,29.2,14.7,1.47,79.4,False,Fibre
SITE0402434,Madhya Pradesh & Chhattisgarh,MP,North,586619,4G LTE,31072,39.8,16.1,0.76,121.1,False,Fibre
SITE0401039,Uttar Pradesh West,UPW,North,319848,5G SA,19847,33.9,11.7,0.37,90.9,False,Fibre
SITE0403347,Tamil Nadu,TN,South,523697,5G NSA,34134,11.6,10.0,0.74,110.7,False,Fibre
SITE0402966,Haryana,HR,North,476542,5G NSA,39013,67.7,15.1,1.52,13.8,False,Fibre
SITE0402467,Karnataka,KA,South,795019,4G LTE,23336,71.3,-1.1,0.39,71.2,False,Fibre
SITE0401369,Kolkata,KO,East,264586,5G SA,27675,32.2,7.9,0.45,140.2,False,Fibre
SITE0402602,Delhi NCR,DL,North,820924,5G SA,13530,60.2,3.4,0.66,95.6,False,Fibre
SITE0403119,West Bengal,WB,East,827321,5G SA,39365,42.0,10.6,0.36,78.1,False,Fibre
SITE0402644,Odisha,OR,East,248448,4G LTE,34374,8.9,16.1,0.29,127.5,False,Fibre
SITE0400229,Kolkata,KO,East,827619,4G LTE,19888,49.1,14.0,0.33,70.1,False,Fibre
SITE0400088,Odisha,OR,East,151322,5G SA,8642,23.1,15.8,0.44,10.4,False,Fibre
SITE0401045,Uttar Pradesh East,UPE,North,441762,4G LTE,26082,37.3,6.5,2.35,38.6,False,Microwave
SITE0402409,Kerala,KL,South,548380,5G SA,11743,29.7,9.6,0.39,61.6,False,Microwave
SITE0400044,Karnataka,KA,South,643165,5G SA,11191,11.5,6.6,0.42,37.4,False,Microwave
SITE0401012,Bihar & Jharkhand,BH,East,362127,4G LTE,9270,37.8,11.8,1.14,82.6,False,Fibre
SITE0403027,Rajasthan,RJ,North,375914,4G LTE,20458,80.4,4.3,0.13,68.9,True,Fibre
SITE0402413,Maharashtra & Goa,MH,West,744608,5G SA,26629,59.6,3.4,0.09,93.0,False,Fibre
SITE0400866,Madhya Pradesh & Chhattisgarh,MP,North,762869,5G SA,41955,66.1,9.9,0.85,28.6,False,Fibre
SITE0401802,Uttar Pradesh West,UPW,North,250530,5G SA,23078,47.1,12.2,0.18,56.6,False,Fibre
SITE0401144,Karnataka,KA,South,411407,5G SA,36853,48.5,10.3,0.41,111.6,False,Fibre
SITE0401923,Delhi NCR,DL,North,640979,5G NSA,30317,40.8,9.3,0.47,136.1,False,Fibre
SITE0400008,Uttar Pradesh West,UPW,North,556197,5G SA,39790,67.1,4.1,1.51,80.6,False,Fibre
SITE0401685,Kerala,KL,South,718113,5G NSA,42027,54.3,10.7,0.16,77.6,False,Fibre
SITE0403388,Rajasthan,RJ,North,625226,5G SA,13448,71.1,12.6,1.43,29.1,False,Fibre
SITE0402364,Mumbai,MU,West,739712,4G LTE,25477,44.2,14.1,0.52,71.8,False,Fibre
SITE0401466,Uttar Pradesh West,UPW,North,767863,5G NSA,41969,45.5,11.6,0.36,101.7,False,Fibre
SITE0402515,West Bengal,WB,East,129573,5G SA,36670,36.2,18.5,0.47,77.5,False,Fibre
SITE0403178,Rajasthan,RJ,North,542890,5G NSA,39856,28.6,12.6,0.28,79.0,False,Microwave
SITE0403228,Madhya Pradesh & Chhattisgarh,MP,North,514155,4G LTE,5297,69.0,6.1,0.51,56.0,False,Fibre
SITE0401111,Mumbai,MU,West,683064,4G LTE,25859,36.6,14.7,0.36,136.2,False,Fibre
SITE0403619,Rajasthan,RJ,North,845358,4G LTE,13406,72.4,3.6,0.33,58.3,False,Fibre
SITE0400140,Uttar Pradesh East,UPE,North,760696,5G NSA,7539,73.5,1.2,1.82,68.4,False,Microwave
SITE0403019,Madhya Pradesh & Chhattisgarh,MP,North,672046,4G LTE,24748,18.5,13.5,0.31,89.7,False,Fibre
SITE0401647,Gujarat,GJ,West,803613,5G SA,39149,52.3,9.3,0.06,103.0,False,Fibre
SITE0400576,Maharashtra & Goa,MH,West,572019,5G NSA,9417,24.5,7.3,0.37,64.9,False,Microwave
SITE0403546,Kerala,KL,South,513212,4G LTE,14020,13.4,10.3,0.11,65.9,False,Microwave
SITE0401057,Rajasthan,RJ,North,651632,4G LTE,11809,33.7,17.5,0.04,74.2,False,Fibre
SITE0401838,Karnataka,KA,South,169654,4G LTE,6481,28.0,9.8,0.73,148.0,False,Fibre
SITE0402265,Rajasthan,RJ,North,254131,4G LTE,37844,41.1,5.3,0.97,98.7,False,Fibre
SITE0401128,Karnataka,KA,South,246924,4G LTE,17705,22.7,5.3,0.56,96.5,False,Fibre
SITE0403339,Karnataka,KA,South,756665,5G SA,18261,17.2,10.8,0.88,189.9,False,Fibre
SITE0401974,Bihar & Jharkhand,BH,East,277148,5G NSA,23285,66.9,11.3,0.78,87.8,False,Fibre
SITE0401034,Uttar Pradesh West,UPW,North,622948,4G LTE,26225,80.4,6.1,0.71,66.3,True,Fibre
SITE0401512,Maharashtra & Goa,MH,West,648410,5G NSA,26361,53.4,15.7,0.38,50.0,False,Fibre
SITE0403286,Mumbai,MU,West,432828,5G NSA,14505,14.8,3.7,0.7,108.4,False,Fibre
SITE0403168,Uttar Pradesh East,UPE,North,463742,4G LTE,31097,70.3,8.1,0.19,62.3,False,Fibre
SITE0402568,Bihar & Jharkhand,BH,East,366267,5G SA,4489,29.1,5.2,0.4,45.3,False,Fibre
SITE0403752,Kerala,KL,South,587759,4G LTE,11705,28.8,15.5,1.48,61.9,False,Microwave
SITE0400027,Punjab,PB,North,397956,4G LTE,21368,35.6,8.6,0.63,124.7,False,Fibre
SITE0401077,West Bengal,WB,East,760691,5G SA,20811,75.2,10.4,0.16,1.5,True,Fibre
SITE0403085,Madhya Pradesh & Chhattisgarh,MP,North,249364,5G NSA,35613,28.4,9.0,0.59,158.4,False,Fibre
SITE0400091,Uttar Pradesh East,UPE,North,650246,5G SA,37875,77.6,11.3,1.63,55.4,True,Fibre
SITE0403746,Gujarat,GJ,West,450904,5G SA,3771,45.7,14.6,2.22,58.7,False,Fibre
SITE0400643,Jammu & Kashmir,JK,North,790549,5G NSA,37509,83.3,4.9,0.65,17.3,True,Fibre
SITE0401075,Uttar Pradesh East,UPE,North,383902,5G NSA,16970,57.4,14.2,1.22,75.3,False,Fibre
SITE0400319,Maharashtra & Goa,MH,West,412568,5G NSA,16999,64.0,6.7,1.14,33.9,False,Fibre
SITE0403205,Karnataka,KA,South,304697,5G SA,8026,67.6,13.8,0.1,103.4,False,Fibre
SITE0402125,Bihar & Jharkhand,BH,East,683457,4G LTE,7545,78.3,7.7,2.21,49.5,True,Fibre
SITE0400550,Madhya Pradesh & Chhattisgarh,MP,North,547195,5G NSA,30204,66.4,5.9,0.98,91.7,False,Microwave
SITE0401396,Uttar Pradesh East,UPE,North,248039,5G SA,30941,99.0,0.2,0.25,55.8,True,Fibre
SITE0403542,Andhra Pradesh & Telangana,AP,South,460717,4G LTE,8216,16.8,11.9,0.6,104.9,False,Microwave
SITE0402175,Odisha,OR,East,690657,5G SA,13453,38.0,23.7,0.34,126.7,False,Fibre
SITE0403453,Uttar Pradesh West,UPW,North,118760,5G NSA,41656,36.7,15.6,0.35,79.1,False,Fibre
SITE0401601,Andhra Pradesh & Telangana,AP,South,642564,4G LTE,26080,57.7,9.3,0.19,45.3,False,Microwave
SITE0400769,Gujarat,GJ,West,394080,4G LTE,7121,43.7,2.4,0.36,103.8,False,Fibre
SITE0403659,Uttar Pradesh West,UPW,North,450573,5G SA,11235,70.2,6.7,0.77,78.1,False,Fibre
SITE0403734,Kolkata,KO,East,826392,4G LTE,20680,16.8,5.0,0.13,68.6,False,Fibre
SITE0402639,Punjab,PB,North,262558,5G SA,9958,55.6,6.4,0.91,76.3,False,Fibre
SITE0401935,Uttar Pradesh East,UPE,North,255656,4G LTE,16497,30.0,10.4,0.78,36.8,False,Fibre
SITE0400938,Gujarat,GJ,West,630000,5G NSA,10429,40.3,7.7,0.84,122.7,False,Fibre
SITE0400050,Rajasthan,RJ,North,223165,4G LTE,32640,9.1,11.0,0.71,47.9,False,Microwave
SITE0401386,Kerala,KL,South,511205,4G LTE,9252,64.2,10.2,0.38,23.6,False,Fibre
SITE0401956,Gujarat,GJ,West,579663,5G NSA,20110,32.0,7.0,0.27,157.4,False,Fibre
SITE0402240,Madhya Pradesh & Chhattisgarh,MP,North,676882,5G NSA,15615,74.1,0.5,0.79,120.4,True,Fibre
SITE0400726,Gujarat,GJ,West,754768,5G SA,22178,59.4,10.4,0.72,46.4,False,Fibre
SITE0400473,Kerala,KL,South,586029,5G NSA,16133,51.4,1.9,0.6,92.9,False,Fibre
SITE0400096,Haryana,HR,North,391710,4G LTE,18967,35.3,12.6,0.65,133.2,False,Fibre
SITE0401872,Rajasthan,RJ,North,779772,5G SA,8874,49.3,6.6,2.18,133.5,False,Microwave
SITE0403380,Gujarat,GJ,West,334730,4G LTE,2737,65.5,4.6,0.4,26.4,False,Microwave
SITE0401263,Rajasthan,RJ,North,424586,5G SA,15257,67.2,2.8,0.15,78.4,False,Fibre
SITE0403785,Delhi NCR,DL,North,251488,5G NSA,4458,20.9,10.8,0.61,102.2,False,Fibre
SITE0400472,Maharashtra & Goa,MH,West,553824,5G SA,5027,70.3,1.8,0.24,36.9,False,Fibre
SITE0400507,Karnataka,KA,South,592797,4G LTE,2212,66.6,11.3,0.46,82.8,False,Fibre
SITE0400130,Delhi NCR,DL,North,285913,5G SA,26136,4.7,16.6,0.77,44.3,False,Fibre
SITE0403171,Punjab,PB,North,566411,4G LTE,32836,76.4,3.5,0.96,54.9,True,Fibre
SITE0401888,Uttar Pradesh East,UPE,North,415015,5G SA,38017,56.0,4.4,0.61,64.3,False,Microwave
SITE0403083,Tamil Nadu,TN,South,759356,5G SA,20110,14.2,13.7,0.63,76.8,False,Microwave
SITE0403005,Maharashtra & Goa,MH,West,430172,5G SA,41859,33.4,7.5,0.35,22.4,False,Microwave
SITE0402477,West Bengal,WB,East,831545,5G SA,1897,40.9,9.7,0.36,76.4,False,Fibre
SITE0400340,Uttar Pradesh East,UPE,North,115607,4G LTE,38628,64.7,8.8,0.43,73.5,False,Microwave
SITE0401665,Mumbai,MU,West,262152,5G SA,41596,55.6,16.6,0.07,121.6,False,Fibre
SITE0402351,Mumbai,MU,West,348372,4G LTE,21824,67.2,4.4,0.5,64.2,False,Fibre
SITE0402376,Haryana,HR,North,406181,5G SA,4345,56.0,7.5,0.11,69.8,False,Fibre
SITE0400486,Madhya Pradesh & Chhattisgarh,MP,North,544227,4G LTE,4443,45.0,15.3,2.25,48.1,False,Fibre
SITE0402310,Delhi NCR,DL,North,797500,5G NSA,11135,65.0,11.2,0.89,37.6,False,Fibre
SITE0400779,Delhi NCR,DL,North,764749,5G SA,22889,46.2,5.1,0.38,48.0,False,Microwave
SITE0401228,Maharashtra & Goa,MH,West,113755,5G NSA,40934,57.3,8.3,0.92,46.0,False,Fibre
SITE0400535,Gujarat,GJ,West,300065,5G NSA,37268,26.2,14.1,1.19,73.7,False,Fibre
SITE0402954,Bihar & Jharkhand,BH,East,767566,5G NSA,29547,46.3,15.6,0.08,50.5,False,Fibre
SITE0401853,Odisha,OR,East,479830,5G SA,17690,24.8,7.5,0.42,94.7,False,Fibre
SITE0401503,Gujarat,GJ,West,204933,5G SA,40049,33.4,12.3,0.25,53.5,False,Microwave
SITE0401889,Uttar Pradesh East,UPE,North,556027,5G SA,32045,61.0,7.5,0.2,111.4,False,Fibre
SITE0401765,Uttar Pradesh East,UPE,North,519404,5G SA,14441,76.3,8.5,1.69,73.6,True,Fibre
SITE0402990,Uttar Pradesh West,UPW,North,816272,5G SA,24382,42.3,15.7,0.17,140.5,False,Fibre
SITE0403179,Gujarat,GJ,West,509128,5G NSA,25812,13.3,9.4,0.75,97.8,False,Microwave
SITE0402111,Mumbai,MU,West,562545,5G SA,19092,40.0,6.8,0.29,112.6,False,Fibre
SITE0400653,Bihar & Jharkhand,BH,East,203782,5G NSA,4310,16.3,13.0,0.14,147.6,False,Fibre
SITE0403621,Tamil Nadu,TN,South,363352,5G NSA,9058,46.7,8.8,0.43,94.1,False,Fibre
SITE0402142,Kolkata,KO,East,348090,4G LTE,16139,20.5,12.1,0.64,102.9,False,Fibre
SITE0400294,Andhra Pradesh & Telangana,AP,South,802089,5G NSA,10360,38.1,12.6,0.33,111.1,False,Fibre
SITE0401900,Uttar Pradesh East,UPE,North,367811,5G SA,8702,63.1,9.0,1.12,107.3,False,Fibre
SITE0402014,Uttar Pradesh West,UPW,North,661619,5G NSA,16385,93.3,8.6,0.94,54.2,True,Fibre
SITE0402800,Bihar & Jharkhand,BH,East,743330,5G SA,7565,73.5,10.1,0.78,33.0,False,Fibre
SITE0401557,Tamil Nadu,TN,South,785772,4G LTE,41826,34.8,8.7,0.32,76.2,False,Fibre
SITE0403104,Haryana,HR,North,736074,4G LTE,23696,15.9,8.6,0.43,74.5,False,Microwave
SITE0402160,Gujarat,GJ,West,133457,5G NSA,4003,54.5,4.3,0.25,43.0,False,Fibre
SITE0400825,Gujarat,GJ,West,252759,5G NSA,30192,27.0,5.5,0.89,68.7,False,Fibre
SITE0403567,Madhya Pradesh & Chhattisgarh,MP,North,505296,5G NSA,25502,24.2,8.6,0.3,100.8,False,Fibre
SITE0403579,Karnataka,KA,South,607283,4G LTE,28714,28.4,16.4,0.38,110.1,False,Fibre
SITE0400655,Tamil Nadu,TN,South,517472,4G LTE,35448,53.4,3.7,0.64,101.6,False,Fibre
SITE0402578,Karnataka,KA,South,603367,5G NSA,15988,43.8,9.7,0.34,118.3,False,Microwave
SITE0400771,Madhya Pradesh & Chhattisgarh,MP,North,383225,4G LTE,29664,39.2,6.5,0.28,92.8,False,Fibre
SITE0400187,West Bengal,WB,East,555910,5G NSA,13983,81.5,6.1,0.83,75.5,True,Microwave
SITE0400220,Himachal Pradesh,HP,North,503978,5G NSA,20570,9.1,13.2,0.96,103.2,False,Fibre
SITE0400501,Tamil Nadu,TN,South,725916,4G LTE,38839,28.2,17.2,0.75,116.8,False,Fibre
SITE0402426,Andhra Pradesh & Telangana,AP,South,578149,5G NSA,37567,28.8,13.7,0.08,90.1,False,Fibre
SITE0400922,Karnataka,KA,South,595643,4G LTE,24848,34.6,2.9,0.73,66.6,False,Microwave
SITE0403041,Tamil Nadu,TN,South,369492,4G LTE,17730,44.0,5.2,0.4,73.5,False,Microwave
SITE0402294,Uttar Pradesh East,UPE,North,206544,4G LTE,36695,18.2,15.0,2.07,122.9,False,Fibre
SITE0401451,Karnataka,KA,South,422390,5G NSA,17610,59.2,18.8,0.06,54.5,False,Microwave
SITE0400286,Uttar Pradesh West,UPW,North,552670,5G NSA,11370,32.8,9.8,0.86,90.5,False,Microwave
SITE0402313,Gujarat,GJ,West,112116,5G NSA,7641,29.6,9.3,0.18,135.0,False,Fibre
SITE0400394,Maharashtra & Goa,MH,West,517527,5G SA,9741,9.8,12.4,0.86,188.3,False,Fibre
SITE0402130,Bihar & Jharkhand,BH,East,687019,5G SA,3382,41.4,7.3,0.27,96.3,False,Fibre
SITE0401887,Haryana,HR,North,784389,5G SA,10747,30.7,12.3,0.8,149.1,False,Fibre
SITE0403174,Gujarat,GJ,West,750418,5G NSA,39317,37.4,10.6,0.2,85.2,False,Fibre
SITE0401361,Himachal Pradesh,HP,North,366435,4G LTE,33166,76.8,-1.5,0.12,62.5,True,Fibre
SITE0402407,Karnataka,KA,South,457362,5G SA,20663,46.7,7.9,0.26,54.0,False,Fibre
SITE0401400,Uttar Pradesh East,UPE,North,391141,4G LTE,9295,76.6,13.9,1.84,73.1,True,Fibre
SITE0401080,Rajasthan,RJ,North,439126,5G NSA,12948,51.7,-4.7,0.12,39.4,False,Fibre
SITE0402551,West Bengal,WB,East,194953,5G NSA,13713,55.5,11.0,0.47,31.4,False,Fibre
SITE0400399,Odisha,OR,East,698976,4G LTE,30105,30.6,11.0,0.07,71.5,False,Fibre
SITE0403268,Maharashtra & Goa,MH,West,660321,4G LTE,2279,66.5,14.2,0.58,89.8,False,Fibre
SITE0401794,Uttar Pradesh West,UPW,North,144878,4G LTE,27938,42.6,9.8,0.61,114.6,False,Fibre
SITE0403036,Odisha,OR,East,558531,5G SA,39417,36.6,11.1,0.25,118.3,False,Fibre
SITE0400242,Kerala,KL,South,321709,5G NSA,32410,42.9,8.2,0.39,69.9,False,Fibre
SITE0403062,Karnataka,KA,South,175424,4G LTE,5179,67.5,7.6,0.5,84.4,False,Fibre
SITE0403807,Gujarat,GJ,West,453213,4G LTE,16286,27.6,1.3,0.2,14.3,False,Fibre
SITE0401150,Karnataka,KA,South,349882,5G NSA,13605,16.8,10.8,0.84,150.1,False,Fibre
SITE0403101,Tamil Nadu,TN,South,214092,5G NSA,4659,41.0,10.4,0.28,106.6,False,Fibre
SITE0401578,Odisha,OR,East,706285,5G SA,41069,43.6,6.7,0.18,53.8,False,Microwave
SITE0401326,Rajasthan,RJ,North,455430,5G SA,35666,34.4,18.1,0.95,118.3,False,Fibre
SITE0401848,Uttar Pradesh East,UPE,North,146627,4G LTE,41261,69.7,7.0,1.2,62.6,False,Fibre
SITE0403411,West Bengal,WB,East,351372,5G SA,23685,44.5,11.5,1.16,127.4,False,Fibre
SITE0403673,Assam,AS,East,186251,5G NSA,15899,60.4,8.2,0.84,103.5,False,Fibre
SITE0402402,North East,NE,East,632187,5G NSA,38991,40.6,5.8,0.16,88.1,False,Microwave
SITE0401767,Gujarat,GJ,West,570820,4G LTE,14387,65.1,4.7,0.25,24.1,False,Fibre
SITE0403375,Gujarat,GJ,West,302912,5G SA,7469,23.7,11.0,0.13,114.4,False,Fibre
SITE0402211,Andhra Pradesh & Telangana,AP,South,540471,4G LTE,9860,37.6,19.3,0.06,92.5,False,Fibre
SITE0401107,Kerala,KL,South,250265,4G LTE,32564,62.3,16.7,0.15,24.4,False,Fibre
SITE0401722,Mumbai,MU,West,457913,4G LTE,5372,35.5,3.0,0.55,65.7,False,Microwave
SITE0402219,Rajasthan,RJ,North,732906,4G LTE,37574,33.1,9.9,0.07,55.3,False,Microwave
SITE0400966,Jammu & Kashmir,JK,North,631648,4G LTE,9068,14.6,15.4,0.75,60.1,False,Microwave
SITE0403787,Karnataka,KA,South,554580,5G SA,37590,42.3,10.2,0.3,94.1,False,Fibre
SITE0403285,Bihar & Jharkhand,BH,East,592772,4G LTE,2056,34.2,3.8,0.81,134.2,False,Fibre
SITE0401387,Bihar & Jharkhand,BH,East,785687,5G SA,27035,36.5,12.6,1.16,113.7,False,Fibre
SITE0400853,Gujarat,GJ,West,301701,5G NSA,4540,71.9,15.5,0.18,55.9,False,Microwave
SITE0402389,Uttar Pradesh East,UPE,North,135439,4G LTE,42557,99.0,7.1,0.15,50.1,True,Fibre
SITE0400656,West Bengal,WB,East,753310,5G SA,13802,60.5,6.4,0.2,179.7,False,Microwave
SITE0403418,Kerala,KL,South,748116,4G LTE,4797,7.9,10.7,0.54,89.4,False,Fibre
SITE0400492,Uttar Pradesh East,UPE,North,124619,4G LTE,9107,67.2,11.2,0.82,49.6,False,Fibre
SITE0401944,Odisha,OR,East,284913,4G LTE,42485,77.2,7.5,0.24,26.8,True,Fibre
SITE0402787,North East,NE,East,471831,5G SA,16099,50.8,0.4,1.38,43.9,False,Fibre
SITE0400204,Bihar & Jharkhand,BH,East,526946,4G LTE,17316,27.0,12.0,0.29,86.4,False,Fibre
SITE0402706,Tamil Nadu,TN,South,697459,5G SA,11305,69.1,6.2,0.72,101.5,False,Fibre
SITE0403421,Andhra Pradesh & Telangana,AP,South,659125,4G LTE,23288,40.2,4.2,0.23,128.6,False,Fibre
SITE0403192,Madhya Pradesh & Chhattisgarh,MP,North,195833,4G LTE,22867,56.3,11.3,0.17,97.6,False,Fibre
SITE0402133,Uttar Pradesh East,UPE,North,763083,4G LTE,34427,31.3,10.2,0.36,37.1,False,Fibre
SITE0400713,Mumbai,MU,West,362684,5G NSA,22010,23.5,18.2,0.54,98.7,False,Fibre
SITE0401971,Maharashtra & Goa,MH,West,154917,5G SA,2025,15.5,3.2,0.85,143.3,False,Fibre
SITE0401773,Tamil Nadu,TN,South,835526,4G LTE,13824,65.8,7.7,0.98,113.7,False,Fibre
SITE0401245,Gujarat,GJ,West,624226,5G SA,9650,20.2,11.9,0.47,101.9,False,Fibre
SITE0400470,West Bengal,WB,East,294622,5G SA,34687,40.9,16.6,0.39,76.3,False,Fibre
SITE0402681,Uttar Pradesh East,UPE,North,709923,4G LTE,5653,62.3,11.7,1.65,68.7,False,Fibre
SITE0402614,Maharashtra & Goa,MH,West,780583,5G SA,39909,41.2,10.6,0.43,79.8,False,Fibre
SITE0401243,West Bengal,WB,East,204108,4G LTE,35066,52.1,11.3,0.04,64.7,False,Fibre
SITE0401673,Bihar & Jharkhand,BH,East,650955,5G NSA,34702,76.6,5.6,0.49,118.0,True,Fibre
SITE0401237,Uttar Pradesh West,UPW,North,648232,4G LTE,22441,99.0,1.1,1.33,77.2,True,Fibre
SITE0403536,Madhya Pradesh & Chhattisgarh,MP,North,193123,4G LTE,21712,71.2,6.6,0.32,6.1,False,Fibre
SITE0401625,Tamil Nadu,TN,South,620528,5G SA,10820,19.1,8.7,0.36,9.6,False,Fibre
SITE0400750,Uttar Pradesh East,UPE,North,672929,5G NSA,28729,26.4,17.5,3.34,86.6,False,Fibre
SITE0401760,Andhra Pradesh & Telangana,AP,South,218364,5G SA,18149,55.6,8.7,0.6,59.9,False,Fibre
SITE0403761,Bihar & Jharkhand,BH,East,659430,4G LTE,17703,74.6,0.9,0.9,61.5,True,Microwave
SITE0400266,Bihar & Jharkhand,BH,East,513693,5G NSA,14126,7.1,8.7,0.81,95.3,False,Fibre
SITE0401520,North East,NE,East,684653,4G LTE,37639,33.3,7.5,0.54,94.3,False,Microwave
SITE0400972,Mumbai,MU,West,577251,5G SA,9385,35.2,8.9,0.34,109.5,False,Fibre
SITE0403578,Maharashtra & Goa,MH,West,248996,5G SA,26103,60.7,9.3,0.16,58.3,False,Fibre
SITE0402842,Gujarat,GJ,West,324804,5G SA,32749,66.8,12.6,0.34,36.2,False,Fibre
SITE0403136,Tamil Nadu,TN,South,649760,4G LTE,26230,34.1,15.1,0.29,85.9,False,Microwave
SITE0403514,Andhra Pradesh & Telangana,AP,South,301298,5G NSA,13698,68.1,10.2,0.78,75.2,False,Microwave
SITE0401076,Gujarat,GJ,West,819253,5G SA,19969,30.7,5.4,0.47,28.7,False,Fibre
SITE0400259,North East,NE,East,626806,5G SA,15173,46.7,8.2,0.26,15.6,False,Microwave
SITE0401619,Odisha,OR,East,724206,4G LTE,12046,52.8,7.1,0.44,68.9,False,Microwave
SITE0401999,West Bengal,WB,East,253520,5G SA,14628,73.0,8.9,1.68,5.6,False,Fibre
SITE0401060,Mumbai,MU,West,295797,5G SA,3843,64.3,8.2,0.71,76.2,False,Fibre
SITE0402314,Uttar Pradesh East,UPE,North,504217,5G SA,18989,83.1,8.8,1.26,80.9,True,Fibre
SITE0402315,Gujarat,GJ,West,468474,5G SA,26116,44.9,13.9,0.31,87.2,False,Fibre
SITE0402406,Bihar & Jharkhand,BH,East,623754,4G LTE,26553,63.7,6.8,0.3,75.3,False,Fibre
SITE0402755,Bihar & Jharkhand,BH,East,804329,5G SA,28015,17.2,8.3,0.41,119.1,False,Fibre
SITE0402503,Andhra Pradesh & Telangana,AP,South,806230,4G LTE,13534,55.5,10.7,0.39,57.0,False,Fibre
SITE0400533,Andhra Pradesh & Telangana,AP,South,433439,5G SA,21892,70.2,10.1,0.51,80.3,False,Fibre
SITE0401048,Odisha,OR,East,547268,5G SA,16404,97.1,6.9,0.16,49.9,True,Microwave
SITE0403518,Gujarat,GJ,West,234746,5G NSA,3161,9.2,15.4,0.97,117.2,False,Fibre
SITE0403103,Kolkata,KO,East,836809,4G LTE,8465,46.1,16.4,0.05,2.9,False,Fibre
SITE0402701,Uttar Pradesh East,UPE,North,734032,5G NSA,19252,49.2,6.2,0.36,46.0,False,Fibre
SITE0402420,West Bengal,WB,East,342197,5G NSA,8460,6.8,16.5,0.23,102.7,False,Fibre
SITE0401277,Haryana,HR,North,140360,4G LTE,8767,95.2,7.9,1.03,38.9,True,Fibre
SITE0400638,Delhi NCR,DL,North,462317,5G NSA,34333,55.9,8.7,0.39,61.9,False,Fibre
SITE0400475,Tamil Nadu,TN,South,475137,5G NSA,24316,38.4,10.5,0.83,1.5,False,Fibre
SITE0401425,Maharashtra & Goa,MH,West,621297,5G NSA,3828,27.5,7.8,1.63,139.8,False,Microwave
SITE0402166,Maharashtra & Goa,MH,West,512714,5G SA,10646,52.5,10.4,0.16,66.9,False,Fibre
SITE0403708,Delhi NCR,DL,North,440227,4G LTE,33280,30.8,13.2,0.16,55.6,False,Fibre
SITE0400292,Maharashtra & Goa,MH,West,753874,4G LTE,3776,12.9,8.3,0.05,118.6,False,Fibre
SITE0400067,Gujarat,GJ,West,753313,4G LTE,17612,41.1,6.3,0.14,33.0,False,Fibre
SITE0402226,Kerala,KL,South,304373,5G NSA,25396,32.2,5.1,0.52,156.9,False,Fibre
SITE0403537,Mumbai,MU,West,494348,5G SA,15901,34.3,7.2,0.22,129.6,False,Fibre
SITE0403329,Uttar Pradesh East,UPE,North,189852,4G LTE,31666,89.6,7.8,0.81,69.4,True,Microwave
SITE0402991,West Bengal,WB,East,729006,5G NSA,17185,37.5,12.1,0.23,123.8,False,Fibre
SITE0400939,Andhra Pradesh & Telangana,AP,South,747745,5G NSA,30374,40.0,3.9,0.08,119.5,False,Fibre
SITE0401542,Karnataka,KA,South,433224,5G SA,2286,63.8,2.0,0.22,35.7,False,Microwave
SITE0400124,Mumbai,MU,West,598996,5G SA,11853,49.6,13.4,0.64,72.9,False,Fibre
SITE0400046,Karnataka,KA,South,831391,4G LTE,3050,29.8,13.2,0.04,125.4,False,Fibre
SITE0402179,Delhi NCR,DL,North,787216,5G NSA,22215,61.0,9.9,0.15,103.6,False,Microwave
SITE0403302,West Bengal,WB,East,313234,5G SA,12968,20.4,11.5,0.15,75.4,False,Fibre
SITE0400739,Kolkata,KO,East,435678,4G LTE,28359,48.0,14.8,0.15,69.1,False,Fibre
SITE0400541,Madhya Pradesh & Chhattisgarh,MP,North,390337,5G SA,31363,15.9,8.8,0.16,97.5,False,Fibre
SITE0402206,Uttar Pradesh East,UPE,North,642860,4G LTE,5772,25.8,9.4,0.42,124.9,False,Fibre
SITE0402832,Karnataka,KA,South,115522,5G NSA,24891,32.1,4.5,0.87,59.3,False,Fibre
SITE0400450,Maharashtra & Goa,MH,West,614551,5G NSA,33230,4.0,13.0,0.33,66.7,False,Fibre
SITE0402591,Uttar Pradesh East,UPE,North,627086,5G SA,25917,57.8,18.8,1.11,92.9,False,Microwave
SITE0400083,Delhi NCR,DL,North,242314,5G NSA,28055,23.1,11.7,0.91,124.6,False,Fibre
SITE0402235,Uttar Pradesh East,UPE,North,385848,4G LTE,23965,41.7,6.2,1.51,74.5,False,Fibre
SITE0400971,Karnataka,KA,South,522993,5G SA,27343,39.6,9.4,0.59,38.2,False,Fibre
SITE0401991,Gujarat,GJ,West,652721,5G SA,21706,8.4,16.1,0.22,56.0,False,Fibre
SITE0402564,Rajasthan,RJ,North,235673,4G LTE,42042,32.8,18.2,0.3,162.1,False,Fibre
SITE0401747,Andhra Pradesh & Telangana,AP,South,239169,5G SA,19658,48.1,1.8,1.25,99.7,False,Fibre
SITE0401561,Uttar Pradesh West,UPW,North,424839,5G SA,28752,21.6,12.0,0.52,79.1,False,Fibre
SITE0402516,Uttar Pradesh East,UPE,North,827691,5G NSA,42361,81.1,7.3,0.4,119.2,True,Microwave
SITE0403828,Tamil Nadu,TN,South,608707,5G SA,24786,69.3,4.1,0.46,82.3,False,Fibre
SITE0401758,Uttar Pradesh East,UPE,North,422732,5G NSA,23538,60.6,15.9,0.27,61.4,False,Fibre
SITE0403724,Kolkata,KO,East,423754,5G NSA,16594,32.6,20.9,0.12,15.6,False,Fibre
SITE0403505,Uttar Pradesh West,UPW,North,666050,4G LTE,27292,83.3,11.4,1.01,55.1,True,Fibre
SITE0401262,Tamil Nadu,TN,South,237898,4G LTE,39067,12.9,9.7,0.4,186.3,False,Microwave
SITE0400834,Kolkata,KO,East,841115,4G LTE,28829,46.3,7.0,1.48,148.2,False,Fibre
SITE0400669,Maharashtra & Goa,MH,West,336770,5G SA,36719,23.6,20.1,0.17,97.5,False,Microwave
SITE0401078,Assam,AS,East,352161,4G LTE,19996,34.8,10.0,1.47,61.8,False,Microwave
SITE0401307,Tamil Nadu,TN,South,156523,4G LTE,27638,49.1,12.0,0.22,44.7,False,Microwave
SITE0403798,Uttar Pradesh East,UPE,North,568302,5G SA,38469,84.1,3.1,0.4,55.7,True,Fibre
SITE0400316,Kolkata,KO,East,358959,4G LTE,19370,42.7,5.2,0.55,55.7,False,Fibre
SITE0402563,Rajasthan,RJ,North,627902,5G NSA,39754,39.6,18.4,0.51,99.3,False,Fibre
SITE0401975,Maharashtra & Goa,MH,West,402511,5G NSA,33955,37.3,12.9,0.87,18.1,False,Fibre
SITE0401117,Himachal Pradesh,HP,North,814828,4G LTE,30044,44.9,9.6,0.26,46.6,False,Fibre
SITE0401731,Maharashtra & Goa,MH,West,693895,4G LTE,25842,40.6,8.5,0.32,51.3,False,Fibre
SITE0403439,Assam,AS,East,323906,5G SA,14147,64.4,1.3,1.1,87.5,False,Fibre
SITE0402993,Kolkata,KO,East,760685,5G SA,26656,21.9,8.1,0.41,112.5,False,Fibre
SITE0400275,Andhra Pradesh & Telangana,AP,South,221714,5G SA,6342,7.4,15.7,0.35,126.3,False,Microwave
SITE0401436,West Bengal,WB,East,528729,5G NSA,17723,60.4,5.4,0.41,109.3,False,Fibre
SITE0401286,Tamil Nadu,TN,South,387208,5G SA,26880,41.7,7.7,0.23,47.6,False,Fibre
SITE0400854,Rajasthan,RJ,North,329183,5G SA,5885,37.1,10.6,0.98,38.1,False,Fibre
SITE0400719,Rajasthan,RJ,North,377827,5G NSA,25092,51.4,4.6,0.39,73.3,False,Microwave
SITE0403517,Maharashtra & Goa,MH,West,660083,5G NSA,34424,41.5,11.7,0.24,85.6,False,Fibre
SITE0402276,Rajasthan,RJ,North,758838,4G LTE,42322,41.3,6.1,0.16,71.1,False,Microwave
SITE0400089,Maharashtra & Goa,MH,West,200124,4G LTE,16661,51.5,15.7,0.65,72.2,False,Fibre
SITE0403730,Andhra Pradesh & Telangana,AP,South,434483,4G LTE,41683,23.0,11.2,0.12,185.7,False,Fibre
SITE0401751,Uttar Pradesh West,UPW,North,514239,4G LTE,10285,24.0,12.8,0.04,91.9,False,Microwave
SITE0401148,Haryana,HR,North,246734,5G SA,20092,32.2,6.5,0.66,52.9,False,Microwave
SITE0401260,Tamil Nadu,TN,South,676899,5G SA,23236,41.8,0.0,1.42,38.0,False,Microwave
SITE0403654,Bihar & Jharkhand,BH,East,376078,5G SA,28225,29.1,14.8,0.36,111.0,False,Microwave
SITE0402531,Tamil Nadu,TN,South,422559,5G SA,29612,43.4,11.5,0.62,100.8,False,Microwave
SITE0400033,Karnataka,KA,South,236070,4G LTE,37585,22.0,8.2,0.1,29.0,False,Fibre
SITE0400758,Tamil Nadu,TN,South,662698,4G LTE,16516,45.0,-0.2,1.07,123.7,False,Fibre
SITE0403795,Uttar Pradesh East,UPE,North,189137,4G LTE,26287,68.8,6.3,1.64,42.1,False,Fibre
SITE0400755,Maharashtra & Goa,MH,West,589437,4G LTE,30408,72.1,3.8,0.19,34.2,False,Microwave
SITE0400747,Kolkata,KO,East,555330,5G SA,15134,33.8,0.7,0.22,134.9,False,Fibre
SITE0403447,Rajasthan,RJ,North,811222,4G LTE,20816,66.1,-0.6,0.99,89.3,False,Microwave
SITE0400191,Bihar & Jharkhand,BH,East,737543,5G SA,40732,75.9,8.2,0.62,49.0,True,Microwave
SITE0402473,Kerala,KL,South,197499,4G LTE,13503,57.4,9.2,0.37,77.1,False,Microwave
SITE0400581,Gujarat,GJ,West,261735,5G SA,10072,38.9,9.4,0.54,74.4,False,Fibre
SITE0401482,Uttar Pradesh East,UPE,North,391947,4G LTE,10264,71.2,6.3,0.66,87.4,False,Microwave
SITE0400010,Rajasthan,RJ,North,505230,5G SA,21270,17.3,4.4,0.89,89.7,False,Fibre
SITE0403531,Madhya Pradesh & Chhattisgarh,MP,North,336650,4G LTE,7146,39.0,8.7,0.44,142.4,False,Fibre
SITE0400556,Uttar Pradesh East,UPE,North,345537,4G LTE,30324,34.8,12.3,0.53,61.8,False,Fibre
SITE0400380,Odisha,OR,East,399675,4G LTE,8125,32.3,14.1,0.59,109.5,False,Microwave
SITE0403006,Andhra Pradesh & Telangana,AP,South,203394,5G SA,40622,7.5,7.8,0.43,77.2,False,Fibre
SITE0401500,Andhra Pradesh & Telangana,AP,South,516762,5G NSA,20683,50.9,4.7,0.12,59.1,False,Microwave
SITE0402543,Karnataka,KA,South,726123,5G SA,21852,28.1,13.1,0.35,73.4,False,Fibre
SITE0403127,Bihar & Jharkhand,BH,East,235504,4G LTE,30028,89.0,7.5,0.61,39.6,True,Microwave
SITE0403778,West Bengal,WB,East,578848,5G NSA,22958,55.4,16.4,0.26,48.9,False,Microwave
SITE0401070,Odisha,OR,East,580646,5G SA,3532,51.6,15.6,0.08,70.1,False,Fibre
SITE0401495,Madhya Pradesh & Chhattisgarh,MP,North,121862,5G NSA,25322,18.1,9.5,0.33,142.9,False,Fibre
SITE0403413,Tamil Nadu,TN,South,280882,5G SA,33183,16.1,9.7,0.33,73.3,False,Microwave
SITE0400584,Kolkata,KO,East,192778,4G LTE,29119,40.4,6.1,1.0,99.7,False,Fibre
SITE0403501,Delhi NCR,DL,North,687867,5G SA,36168,36.6,2.8,0.21,16.2,False,Fibre
SITE0402918,Gujarat,GJ,West,280479,4G LTE,2195,47.8,10.2,0.84,95.6,False,Fibre
SITE0402685,Uttar Pradesh East,UPE,North,375728,4G LTE,8082,96.1,0.9,0.49,54.1,True,Fibre
SITE0400094,Tamil Nadu,TN,South,384923,5G SA,19923,42.6,3.3,0.69,111.3,False,Fibre
SITE0402852,Rajasthan,RJ,North,146754,4G LTE,32794,13.8,9.4,0.51,94.6,False,Fibre
SITE0403840,Karnataka,KA,South,483446,5G NSA,27246,29.0,13.5,0.44,71.5,False,Fibre
SITE0402835,Uttar Pradesh East,UPE,North,806070,4G LTE,12788,60.1,11.0,0.79,54.3,False,Fibre
SITE0402911,Haryana,HR,North,457281,5G SA,19361,49.1,11.6,0.66,69.0,False,Fibre
SITE0403632,Uttar Pradesh West,UPW,North,518183,4G LTE,16648,63.9,6.0,0.26,53.3,False,Microwave
SITE0401762,Kerala,KL,South,550114,5G SA,3377,48.0,10.1,0.76,72.0,False,Microwave
SITE0403700,Odisha,OR,East,666127,4G LTE,11114,68.0,16.6,1.16,53.9,False,Fibre
SITE0403133,Odisha,OR,East,681027,5G NSA,37438,54.9,6.0,0.86,93.4,False,Microwave
SITE0402651,Uttar Pradesh East,UPE,North,550677,5G SA,18965,94.9,-2.7,0.09,61.0,True,Fibre
SITE0401412,Uttar Pradesh East,UPE,North,736433,4G LTE,38880,56.1,15.2,0.28,88.6,False,Fibre
SITE0403845,Bihar & Jharkhand,BH,East,220071,4G LTE,30161,36.2,12.5,0.7,70.4,False,Fibre
SITE0402252,Karnataka,KA,South,773784,5G SA,11727,61.0,4.0,0.3,78.0,False,Fibre
SITE0403630,Gujarat,GJ,West,289660,5G SA,32408,47.8,5.0,1.38,31.0,False,Fibre
SITE0402254,Uttar Pradesh East,UPE,North,388384,4G LTE,12581,60.7,9.3,0.33,48.7,False,Fibre
SITE0403459,Bihar & Jharkhand,BH,East,470667,5G SA,2850,99.0,-2.0,0.99,71.5,True,Fibre
SITE0401102,Rajasthan,RJ,North,574866,5G NSA,29234,74.0,1.4,0.52,81.6,False,Fibre
SITE0401738,Odisha,OR,East,278923,4G LTE,30362,69.2,-0.2,0.1,63.1,False,Fibre
SITE0400757,Andhra Pradesh & Telangana,AP,South,227129,5G NSA,21629,55.4,4.8,0.33,1.5,False,Fibre
SITE0400891,Madhya Pradesh & Chhattisgarh,MP,North,429276,4G LTE,27996,86.2,-4.0,0.87,103.4,True,Fibre
SITE0403004,Karnataka,KA,South,312680,4G LTE,9509,21.6,10.6,0.68,106.1,False,Fibre
SITE0402667,Andhra Pradesh & Telangana,AP,South,224404,5G SA,5364,39.1,16.5,0.44,68.0,False,Microwave
SITE0400086,Mumbai,MU,West,615130,4G LTE,16914,10.5,13.5,0.25,207.9,False,Fibre
SITE0401347,Uttar Pradesh East,UPE,North,564141,5G NSA,35695,45.8,8.9,0.07,39.8,False,Fibre
SITE0401142,Tamil Nadu,TN,South,122811,4G LTE,27261,33.7,0.3,0.32,127.3,False,Microwave
SITE0402326,Kerala,KL,South,607293,5G SA,31210,38.3,9.9,1.07,86.8,False,Fibre
SITE0402141,Punjab,PB,North,685814,5G SA,38389,72.1,10.1,1.36,69.4,False,Fibre
SITE0401370,Rajasthan,RJ,North,578027,4G LTE,35700,32.0,13.2,0.1,49.4,False,Fibre
SITE0403157,Kerala,KL,South,658788,5G NSA,4395,53.6,7.3,0.27,86.7,False,Fibre
SITE0403401,Bihar & Jharkhand,BH,East,730125,5G NSA,5381,42.0,11.3,1.28,93.3,False,Fibre
SITE0400979,Rajasthan,RJ,North,829568,4G LTE,8800,45.5,10.1,0.78,87.4,False,Fibre
SITE0401897,West Bengal,WB,East,459505,4G LTE,40292,24.3,8.0,0.44,31.8,False,Fibre
SITE0401735,Karnataka,KA,South,648622,5G SA,3548,30.9,13.4,0.77,21.5,False,Fibre
SITE0402128,Madhya Pradesh & Chhattisgarh,MP,North,133361,4G LTE,35862,66.1,7.2,0.77,72.7,False,Fibre
SITE0402747,Madhya Pradesh & Chhattisgarh,MP,North,441934,5G SA,32331,45.5,13.9,0.59,115.7,False,Fibre
SITE0401521,West Bengal,WB,East,412415,5G NSA,20077,40.5,11.3,0.49,66.1,False,Fibre
SITE0400730,Gujarat,GJ,West,620117,4G LTE,32920,20.7,13.5,0.77,80.0,False,Fibre
SITE0401426,Gujarat,GJ,West,446448,4G LTE,23966,44.6,8.2,0.36,72.3,False,Fibre
SITE0402498,Andhra Pradesh & Telangana,AP,South,391929,4G LTE,39056,27.5,6.7,0.32,65.2,False,Fibre
SITE0403097,West Bengal,WB,East,118972,5G SA,5651,31.3,12.3,0.37,78.3,False,Fibre
SITE0402172,Tamil Nadu,TN,South,437338,4G LTE,16509,21.4,14.3,0.51,65.6,False,Fibre
SITE0401469,Rajasthan,RJ,North,395984,5G NSA,12068,23.2,15.4,0.42,39.4,False,Fibre
SITE0400156,Odisha,OR,East,670800,5G SA,29229,58.8,10.3,0.28,109.8,False,Fibre
SITE0401761,Bihar & Jharkhand,BH,East,263765,5G SA,18584,43.0,14.8,1.36,108.7,False,Fibre
SITE0403351,Karnataka,KA,South,329878,5G NSA,23260,41.6,8.4,0.31,90.7,False,Fibre
SITE0400805,Madhya Pradesh & Chhattisgarh,MP,North,583289,4G LTE,35790,41.6,10.5,0.4,90.1,False,Fibre
SITE0401043,Bihar & Jharkhand,BH,East,427706,5G NSA,16872,8.3,18.3,1.43,50.2,False,Fibre
SITE0401293,Mumbai,MU,West,853197,4G LTE,32201,36.7,10.5,0.33,56.9,False,Fibre
SITE0400863,Rajasthan,RJ,North,136940,4G LTE,29040,58.1,10.7,0.51,117.9,False,Fibre
SITE0402916,Assam,AS,East,485998,5G SA,11396,44.9,12.8,0.18,110.3,False,Fibre
SITE0402824,Tamil Nadu,TN,South,472584,4G LTE,33518,31.9,18.5,0.28,97.8,False,Fibre
SITE0403789,Andhra Pradesh & Telangana,AP,South,813806,5G NSA,20583,49.9,2.5,0.31,58.1,False,Microwave
SITE0402926,Mumbai,MU,West,259793,4G LTE,4215,49.4,9.4,0.41,107.1,False,Fibre
SITE0401037,Odisha,OR,East,611861,5G NSA,12189,38.6,11.5,0.07,34.9,False,Fibre
SITE0403300,Rajasthan,RJ,North,691437,4G LTE,7979,47.5,9.1,1.64,80.2,False,Fibre
SITE0403367,Uttar Pradesh East,UPE,North,809849,5G NSA,2886,62.0,1.3,1.8,17.1,False,Fibre
SITE0402680,Gujarat,GJ,West,576462,5G NSA,32763,42.7,9.8,0.48,122.3,False,Fibre
SITE0403054,Rajasthan,RJ,North,224901,4G LTE,31207,61.3,8.4,0.52,61.5,False,Microwave
SITE0401163,Rajasthan,RJ,North,406867,5G SA,17300,52.6,14.6,0.7,91.3,False,Fibre
SITE0403258,Uttar Pradesh West,UPW,North,366179,5G NSA,9884,44.0,6.4,0.33,100.5,False,Fibre
SITE0401882,Madhya Pradesh & Chhattisgarh,MP,North,662603,4G LTE,29827,32.6,15.0,1.26,125.7,False,Fibre
SITE0401995,Karnataka,KA,South,638078,5G SA,12994,13.0,5.0,0.04,130.6,False,Microwave
SITE0400157,West Bengal,WB,East,290867,4G LTE,3647,36.1,14.6,0.85,65.3,False,Fibre
SITE0403790,Uttar Pradesh East,UPE,North,742075,5G SA,31350,19.6,13.9,0.77,122.6,False,Microwave
SITE0403098,Uttar Pradesh East,UPE,North,750531,4G LTE,31344,67.9,8.8,1.69,55.8,False,Microwave
SITE0402178,Uttar Pradesh West,UPW,North,465602,5G SA,2652,28.4,9.6,0.78,90.5,False,Fibre
SITE0402855,Uttar Pradesh East,UPE,North,482249,5G SA,23067,85.6,2.8,0.11,108.5,True,Fibre
SITE0401095,Gujarat,GJ,West,248575,5G SA,2828,41.0,2.8,0.52,89.4,False,Microwave
SITE0403508,Maharashtra & Goa,MH,West,676707,4G LTE,27937,42.6,12.7,0.57,90.1,False,Microwave
SITE0400280,Gujarat,GJ,West,609373,4G LTE,13696,31.9,10.1,0.58,67.4,False,Fibre
SITE0400272,Assam,AS,East,118306,4G LTE,12126,42.7,11.5,0.25,88.9,False,Fibre
SITE0401477,Rajasthan,RJ,North,630638,4G LTE,5261,58.0,5.1,0.56,81.7,False,Fibre
SITE0401210,Rajasthan,RJ,North,181194,5G NSA,32564,26.4,-1.5,0.53,49.5,False,Fibre
SITE0400445,Himachal Pradesh,HP,North,201900,4G LTE,40717,44.0,9.6,0.34,98.6,False,Fibre
SITE0402339,Gujarat,GJ,West,141789,4G LTE,39667,34.6,10.3,0.39,131.0,False,Fibre
SITE0403668,Andhra Pradesh & Telangana,AP,South,609924,5G NSA,2641,56.0,4.8,0.53,80.0,False,Fibre
SITE0403677,Uttar Pradesh West,UPW,North,400626,5G NSA,5842,63.1,3.8,0.26,69.3,False,Microwave
SITE0401316,Madhya Pradesh & Chhattisgarh,MP,North,408224,4G LTE,31605,53.5,8.3,0.66,87.3,False,Fibre
SITE0400458,Rajasthan,RJ,North,537239,4G LTE,12879,66.8,7.5,0.51,58.5,False,Fibre
SITE0402317,Bihar & Jharkhand,BH,East,845477,5G NSA,34286,10.1,13.8,1.0,85.7,False,Fibre
SITE0403811,Mumbai,MU,West,547053,5G NSA,23380,28.9,14.5,0.34,127.0,False,Fibre
SITE0403053,Bihar & Jharkhand,BH,East,201094,5G NSA,33758,65.1,8.3,0.23,48.2,False,Fibre
SITE0401839,Karnataka,KA,South,357156,4G LTE,2818,22.7,13.8,0.37,133.8,False,Fibre
SITE0401845,Karnataka,KA,South,807744,5G SA,13055,26.2,12.9,0.08,131.8,False,Fibre
SITE0400429,Madhya Pradesh & Chhattisgarh,MP,North,503324,5G SA,5182,74.9,-1.0,2.5,93.8,True,Fibre
SITE0400787,Maharashtra & Goa,MH,West,548679,5G SA,28457,18.2,9.8,0.16,71.6,False,Fibre
SITE0401849,West Bengal,WB,East,498066,5G NSA,32996,67.5,1.8,0.21,80.8,False,Fibre
SITE0401081,Uttar Pradesh West,UPW,North,287704,5G NSA,34457,80.3,2.3,1.57,37.6,True,Fibre
SITE0402391,Himachal Pradesh,HP,North,164346,4G LTE,12973,46.0,5.8,0.08,69.7,False,Fibre
SITE0401567,Madhya Pradesh & Chhattisgarh,MP,North,211235,5G NSA,17156,61.1,9.3,0.85,54.1,False,Fibre
SITE0400848,West Bengal,WB,East,381591,5G SA,29565,47.4,7.4,0.27,113.8,False,Microwave
SITE0402260,Bihar & Jharkhand,BH,East,726466,5G NSA,5423,96.3,4.6,0.07,94.5,True,Fibre
SITE0401024,Uttar Pradesh East,UPE,North,734274,4G LTE,4098,55.5,4.9,0.52,43.6,False,Fibre
SITE0401270,Delhi NCR,DL,North,406040,5G NSA,22692,40.6,15.6,0.49,121.8,False,Microwave
SITE0401365,Gujarat,GJ,West,263155,5G SA,5796,28.7,8.4,0.08,69.7,False,Fibre
SITE0401032,Haryana,HR,North,170157,4G LTE,17324,25.7,15.2,0.24,161.3,False,Fibre
SITE0401614,Rajasthan,RJ,North,640152,4G LTE,3125,55.3,2.3,0.57,70.0,False,Microwave
SITE0401414,Jammu & Kashmir,JK,North,190840,5G NSA,34448,49.0,2.6,0.17,86.5,False,Fibre
SITE0403782,Madhya Pradesh & Chhattisgarh,MP,North,328513,4G LTE,24165,24.7,6.2,3.73,90.7,False,Microwave
SITE0401056,West Bengal,WB,East,794900,5G SA,29052,29.7,9.6,0.6,105.2,False,Fibre
SITE0403398,Karnataka,KA,South,410166,5G NSA,17925,38.3,11.8,0.59,1.5,False,Microwave
SITE0402980,Maharashtra & Goa,MH,West,377515,4G LTE,15975,36.1,7.7,0.57,28.8,False,Microwave
SITE0401965,Rajasthan,RJ,North,685959,4G LTE,3917,38.5,4.0,0.69,37.7,False,Microwave
SITE0401372,Karnataka,KA,South,842159,5G SA,36931,56.7,8.1,0.29,113.0,False,Fibre
SITE0401866,Mumbai,MU,West,434322,5G NSA,8382,23.6,12.7,0.12,56.3,False,Fibre
SITE0402749,Maharashtra & Goa,MH,West,561137,4G LTE,33790,29.0,12.7,0.49,113.1,False,Fibre
SITE0400098,Karnataka,KA,South,708347,4G LTE,33640,11.8,17.0,0.62,74.2,False,Fibre
SITE0401946,Karnataka,KA,South,512632,5G SA,1984,41.9,8.0,0.18,75.5,False,Fibre
SITE0402703,West Bengal,WB,East,254626,5G NSA,33211,24.9,6.0,0.3,177.5,False,Microwave
SITE0403574,West Bengal,WB,East,342438,5G NSA,5706,54.5,5.0,0.96,114.9,False,Fibre
SITE0402148,Andhra Pradesh & Telangana,AP,South,472633,5G NSA,24196,60.2,2.5,1.42,87.8,False,Fibre
SITE0403131,Kerala,KL,South,847202,5G SA,40110,63.2,10.4,0.35,84.3,False,Fibre
SITE0402428,Karnataka,KA,South,397810,4G LTE,34147,18.7,15.9,0.45,76.9,False,Fibre
SITE0401437,Gujarat,GJ,West,414767,4G LTE,25778,31.3,12.4,0.2,145.0,False,Fibre
SITE0401038,Andhra Pradesh & Telangana,AP,South,560726,4G LTE,17677,71.9,12.6,0.62,73.8,False,Fibre
SITE0402604,Bihar & Jharkhand,BH,East,790200,5G SA,13564,69.4,10.8,0.21,77.5,False,Fibre
SITE0401172,Assam,AS,East,230726,5G NSA,40375,83.9,1.2,0.94,33.1,True,Microwave
SITE0402156,Tamil Nadu,TN,South,553811,4G LTE,11631,21.6,6.4,1.72,89.7,False,Microwave
SITE0402005,Delhi NCR,DL,North,685147,5G SA,31245,49.7,6.1,0.58,33.8,False,Fibre
SITE0400453,Maharashtra & Goa,MH,West,365886,5G NSA,18544,63.9,9.8,0.77,89.3,False,Fibre
SITE0402942,Madhya Pradesh & Chhattisgarh,MP,North,345224,4G LTE,5043,43.8,7.5,0.26,62.6,False,Microwave
SITE0400536,Odisha,OR,East,324371,4G LTE,19981,20.5,16.5,0.66,143.4,False,Microwave
SITE0403291,Bihar & Jharkhand,BH,East,295737,4G LTE,33472,88.2,6.0,0.71,41.9,True,Fibre
SITE0400334,Mumbai,MU,West,361973,5G SA,18374,9.4,9.9,0.32,48.1,False,Fibre
SITE0402085,Punjab,PB,North,761010,5G SA,17747,31.4,12.6,0.61,111.7,False,Fibre
SITE0402186,Maharashtra & Goa,MH,West,665027,5G NSA,2217,25.5,10.2,0.27,90.4,False,Fibre
SITE0401875,Gujarat,GJ,West,295193,5G SA,26576,28.6,3.1,0.61,13.7,False,Fibre
SITE0401891,Jammu & Kashmir,JK,North,550316,4G LTE,41390,85.6,11.4,0.14,15.4,True,Fibre
SITE0401018,Kerala,KL,South,200388,5G SA,39972,54.6,14.1,0.91,14.7,False,Fibre
SITE0403652,Bihar & Jharkhand,BH,East,154688,4G LTE,25483,48.8,7.8,0.37,86.1,False,Fibre
SITE0402634,Madhya Pradesh & Chhattisgarh,MP,North,586828,4G LTE,33076,93.7,-3.0,2.67,89.0,True,Microwave
SITE0402063,Kerala,KL,South,472528,4G LTE,19967,17.2,6.7,0.4,113.9,False,Fibre
SITE0400823,Mumbai,MU,West,464188,5G NSA,5088,22.3,10.1,0.52,40.7,False,Fibre
SITE0403358,Tamil Nadu,TN,South,377298,5G NSA,4054,45.5,11.8,0.13,124.9,False,Fibre
SITE0400916,Uttar Pradesh West,UPW,North,636229,4G LTE,25898,96.8,3.8,0.56,83.1,True,Fibre
SITE0402264,Assam,AS,East,691909,4G LTE,42348,99.0,3.8,0.53,93.1,True,Fibre
SITE0400582,Karnataka,KA,South,212078,4G LTE,8544,15.3,9.5,1.14,110.6,False,Fibre
SITE0403816,Uttar Pradesh East,UPE,North,382062,5G SA,39647,43.8,14.5,0.91,59.7,False,Fibre
SITE0400918,Karnataka,KA,South,822442,4G LTE,1918,22.2,12.3,0.71,133.6,False,Microwave
SITE0401588,Uttar Pradesh East,UPE,North,311201,4G LTE,6721,22.5,11.6,0.42,83.0,False,Fibre
SITE0401054,Kerala,KL,South,480362,5G NSA,34464,12.3,10.1,1.14,104.2,False,Fibre
SITE0401905,Uttar Pradesh East,UPE,North,235277,5G NSA,24350,86.2,3.6,1.63,3.5,True,Microwave
SITE0401097,Odisha,OR,East,826963,4G LTE,37032,43.2,9.8,0.33,59.6,False,Fibre
SITE0401835,Gujarat,GJ,West,587612,5G SA,14251,12.6,13.6,0.14,121.6,False,Fibre
SITE0401310,Uttar Pradesh East,UPE,North,411312,4G LTE,19312,78.1,7.2,0.44,29.6,True,Fibre
SITE0400403,Kerala,KL,South,380410,5G SA,27654,24.6,14.6,0.48,86.9,False,Fibre
SITE0403507,West Bengal,WB,East,266620,5G SA,8632,39.5,6.5,0.4,120.2,False,Fibre
SITE0403137,Rajasthan,RJ,North,324512,5G NSA,8002,70.4,5.6,0.43,87.5,False,Fibre
SITE0402100,Kolkata,KO,East,499135,5G SA,12837,34.5,7.7,0.24,71.2,False,Fibre
SITE0400360,Uttar Pradesh West,UPW,North,643137,4G LTE,34584,49.5,-3.9,1.35,12.4,False,Fibre
SITE0403533,Gujarat,GJ,West,363936,5G NSA,14768,8.4,13.3,0.42,130.3,False,Microwave
SITE0402350,Maharashtra & Goa,MH,West,495144,4G LTE,35561,30.9,10.8,0.93,44.2,False,Microwave
SITE0400224,Uttar Pradesh East,UPE,North,230776,4G LTE,4695,33.9,17.9,0.91,127.5,False,Fibre
SITE0403426,North East,NE,East,612568,5G SA,25495,71.3,5.9,0.25,22.6,False,Fibre
SITE0402597,Andhra Pradesh & Telangana,AP,South,500463,5G SA,17135,44.4,7.3,0.42,34.6,False,Fibre
SITE0401933,Bihar & Jharkhand,BH,East,208664,4G LTE,15858,38.5,4.8,0.27,68.4,False,Microwave
SITE0402666,Kerala,KL,South,180567,5G NSA,32517,30.2,18.5,0.45,60.2,False,Fibre
SITE0400776,Mumbai,MU,West,285318,5G NSA,12351,5.8,6.0,0.01,66.1,False,Fibre
SITE0401994,Tamil Nadu,TN,South,294354,5G SA,19214,63.9,1.8,0.14,88.2,False,Fibre
SITE0402404,Delhi NCR,DL,North,274152,5G SA,16524,28.2,13.9,0.73,108.5,False,Fibre
SITE0402164,Rajasthan,RJ,North,736711,4G LTE,21174,54.8,13.2,0.15,99.3,False,Fibre
SITE0401025,Maharashtra & Goa,MH,West,281683,5G SA,40737,56.6,13.2,0.5,25.6,False,Fibre
SITE0400069,Karnataka,KA,South,395119,4G LTE,31035,13.6,12.7,0.01,5.2,False,Microwave
SITE0401332,Karnataka,KA,South,583902,5G SA,30105,36.0,13.1,0.36,88.7,False,Fibre
SITE0402104,Tamil Nadu,TN,South,541291,4G LTE,6082,37.8,8.9,0.08,104.1,False,Fibre
SITE0401421,Uttar Pradesh East,UPE,North,730850,5G NSA,34085,25.0,18.5,0.46,74.2,False,Fibre
SITE0402920,Kerala,KL,South,664098,4G LTE,24441,26.3,6.4,0.25,66.7,False,Fibre
SITE0400442,Delhi NCR,DL,North,642599,4G LTE,6285,18.1,17.3,0.06,111.5,False,Fibre
SITE0401156,West Bengal,WB,East,843001,5G NSA,7685,59.4,5.0,0.34,110.8,False,Fibre
SITE0402536,Uttar Pradesh West,UPW,North,556474,5G SA,39158,48.4,4.7,0.04,59.4,False,Fibre
SITE0400921,Kolkata,KO,East,737578,4G LTE,31143,55.4,10.7,0.24,77.5,False,Fibre
SITE0400284,Gujarat,GJ,West,509148,5G SA,19606,33.5,9.5,1.13,123.9,False,Fibre
SITE0403422,Karnataka,KA,South,316170,4G LTE,25893,35.4,12.8,0.99,75.4,False,Microwave
SITE0402330,Delhi NCR,DL,North,763430,5G NSA,2636,49.0,9.8,0.91,7.1,False,Fibre
SITE0402793,Uttar Pradesh West,UPW,North,656754,5G SA,12876,56.3,13.5,1.54,94.6,False,Fibre
SITE0402447,Odisha,OR,East,205290,4G LTE,21090,64.8,0.1,0.08,49.6,False,Microwave
SITE0400077,Bihar & Jharkhand,BH,East,598164,5G NSA,15445,64.8,4.8,0.3,64.3,False,Fibre
SITE0400276,Punjab,PB,North,848735,4G LTE,34231,61.3,10.5,0.35,80.5,False,Fibre
SITE0400001,Uttar Pradesh West,UPW,North,852153,5G NSA,9017,99.0,1.3,0.12,77.7,True,Microwave
SITE0400466,Karnataka,KA,South,506378,4G LTE,41577,32.6,17.6,0.08,77.9,False,Microwave
SITE0401404,Uttar Pradesh East,UPE,North,205371,5G NSA,27509,79.8,8.9,0.26,34.5,True,Fibre
SITE0401733,West Bengal,WB,East,829083,4G LTE,26642,57.3,10.2,0.44,93.5,False,Fibre
SITE0403271,Delhi NCR,DL,North,835612,4G LTE,37700,7.7,8.8,0.46,96.3,False,Fibre
SITE0403288,Uttar Pradesh East,UPE,North,762477,4G LTE,40534,59.6,18.2,1.99,89.2,False,Fibre
SITE0403817,Andhra Pradesh & Telangana,AP,South,524177,4G LTE,26577,49.3,8.3,0.28,81.7,False,Fibre
SITE0401811,Madhya Pradesh & Chhattisgarh,MP,North,665436,4G LTE,38038,87.3,3.8,0.08,43.2,True,Fibre
SITE0400287,Rajasthan,RJ,North,585927,5G SA,20792,60.8,10.9,1.09,120.2,False,Microwave
SITE0402193,Karnataka,KA,South,587806,4G LTE,30448,14.2,9.4,0.61,94.9,False,Microwave
SITE0403570,Haryana,HR,North,139689,5G NSA,10830,90.5,5.9,0.66,45.6,True,Fibre
SITE0400065,Karnataka,KA,South,316623,5G SA,38251,20.7,8.7,1.43,42.3,False,Fibre
SITE0402625,Rajasthan,RJ,North,373776,4G LTE,30575,75.4,7.1,0.72,46.1,True,Microwave
SITE0402460,West Bengal,WB,East,854244,4G LTE,24707,15.9,19.1,0.37,12.8,False,Microwave
SITE0403182,West Bengal,WB,East,129503,5G SA,22400,63.5,7.2,0.73,66.1,False,Fibre
SITE0403719,Gujarat,GJ,West,343694,4G LTE,30972,38.1,7.8,0.18,147.3,False,Fibre
SITE0401662,Bihar & Jharkhand,BH,East,825579,5G NSA,12590,86.9,3.0,1.15,94.3,True,Fibre
SITE0400999,Jammu & Kashmir,JK,North,620105,4G LTE,26900,53.8,8.8,0.2,78.8,False,Fibre
SITE0403200,Rajasthan,RJ,North,404131,5G SA,41432,12.9,14.5,0.43,162.7,False,Fibre
SITE0403146,Maharashtra & Goa,MH,West,618798,5G SA,34868,60.1,4.7,0.43,79.2,False,Fibre
SITE0401534,Tamil Nadu,TN,South,783235,5G NSA,4655,52.0,11.3,0.31,105.3,False,Fibre
SITE0402448,Delhi NCR,DL,North,247549,4G LTE,28719,59.1,7.8,0.43,72.4,False,Fibre
SITE0402888,Uttar Pradesh West,UPW,North,683368,4G LTE,21964,53.2,6.7,0.23,47.7,False,Fibre
SITE0400408,West Bengal,WB,East,300463,4G LTE,4139,74.0,4.4,0.19,106.6,False,Fibre
SITE0401981,Andhra Pradesh & Telangana,AP,South,652307,5G NSA,27632,35.6,15.0,0.1,161.1,False,Fibre
SITE0402789,Maharashtra & Goa,MH,West,721773,5G SA,34356,59.6,9.0,0.29,79.9,False,Fibre
SITE0402985,Rajasthan,RJ,North,363765,5G SA,42342,50.6,3.2,0.71,98.1,False,Microwave
SITE0403048,Andhra Pradesh & Telangana,AP,South,639815,4G LTE,29199,13.5,12.9,0.87,142.5,False,Fibre
SITE0403444,Uttar Pradesh West,UPW,North,633776,4G LTE,15223,42.3,9.2,0.24,85.6,False,Fibre
SITE0403750,Maharashtra & Goa,MH,West,776828,4G LTE,17292,18.3,10.2,0.57,97.9,False,Fibre
SITE0402419,Tamil Nadu,TN,South,365743,4G LTE,20314,31.6,14.6,0.33,100.3,False,Fibre
SITE0402748,Uttar Pradesh West,UPW,North,339754,4G LTE,26203,27.5,13.2,0.63,102.6,False,Fibre
SITE0401232,Uttar Pradesh West,UPW,North,852206,5G SA,28168,23.6,15.6,0.69,84.2,False,Microwave
SITE0401052,Odisha,OR,East,273026,5G NSA,40506,14.9,4.8,0.11,97.5,False,Fibre
SITE0403183,Karnataka,KA,South,488476,5G SA,16608,30.2,13.4,0.22,120.5,False,Fibre
SITE0401131,Maharashtra & Goa,MH,West,488394,5G SA,8881,40.0,17.0,1.1,71.5,False,Fibre
SITE0402830,Kerala,KL,South,644955,4G LTE,19287,35.5,6.3,0.35,78.5,False,Fibre
SITE0400421,Uttar Pradesh East,UPE,North,376109,5G SA,21363,42.4,11.9,0.22,81.7,False,Fibre
SITE0403843,Karnataka,KA,South,651946,4G LTE,8637,40.8,14.3,0.21,82.5,False,Fibre
SITE0400416,Karnataka,KA,South,728436,5G SA,26195,34.8,9.5,0.27,124.6,False,Fibre
SITE0402600,Kerala,KL,South,670770,4G LTE,28221,36.9,15.2,0.74,89.8,False,Fibre
SITE0402057,Mumbai,MU,West,124851,4G LTE,34869,34.4,17.4,0.28,26.8,False,Fibre
SITE0400829,Uttar Pradesh East,UPE,North,811812,5G NSA,38294,26.1,13.6,0.17,94.5,False,Fibre
SITE0401748,Uttar Pradesh West,UPW,North,758499,4G LTE,41754,42.0,9.0,0.82,104.1,False,Fibre
SITE0403091,Odisha,OR,East,234104,4G LTE,9105,62.6,10.1,0.71,99.6,False,Fibre
SITE0402107,Uttar Pradesh East,UPE,North,706449,5G SA,24300,65.8,5.8,0.85,71.9,False,Fibre
SITE0401013,Bihar & Jharkhand,BH,East,469783,5G NSA,18579,29.0,10.0,0.45,48.8,False,Fibre
SITE0403814,Bihar & Jharkhand,BH,East,616823,5G NSA,18079,72.7,2.4,0.99,19.0,False,Microwave
SITE0400309,Kolkata,KO,East,121782,4G LTE,5623,36.0,15.9,1.04,87.7,False,Fibre
SITE0400329,Delhi NCR,DL,North,467880,4G LTE,15094,33.5,7.0,0.29,44.3,False,Fibre
SITE0401664,Andhra Pradesh & Telangana,AP,South,704718,4G LTE,18120,70.5,1.8,0.2,24.4,False,Microwave
SITE0400868,Maharashtra & Goa,MH,West,283193,4G LTE,5450,39.1,8.0,0.85,94.8,False,Fibre
SITE0402305,Madhya Pradesh & Chhattisgarh,MP,North,330326,5G NSA,24201,60.3,7.2,2.15,54.3,False,Microwave
SITE0401667,Karnataka,KA,South,792506,5G NSA,20944,29.3,14.9,0.73,1.5,False,Fibre
SITE0403345,Tamil Nadu,TN,South,785088,5G SA,30432,42.2,11.9,0.32,97.8,False,Fibre
SITE0402997,Rajasthan,RJ,North,447345,4G LTE,19842,39.3,10.3,0.27,45.4,False,Fibre
SITE0401726,Karnataka,KA,South,848545,5G NSA,22081,11.5,10.4,0.55,51.2,False,Fibre
SITE0403262,West Bengal,WB,East,817975,4G LTE,34446,71.1,9.0,0.46,39.3,False,Microwave
SITE0400867,Gujarat,GJ,West,145987,4G LTE,32546,61.2,5.6,0.07,56.8,False,Fibre
SITE0402431,Bihar & Jharkhand,BH,East,671577,4G LTE,38309,36.6,9.5,0.89,59.6,False,Fibre
SITE0403801,Madhya Pradesh & Chhattisgarh,MP,North,525581,5G NSA,10309,23.6,16.4,2.35,125.3,False,Fibre
SITE0403717,Kolkata,KO,East,264189,5G SA,39799,64.5,6.7,0.26,74.8,False,Fibre
SITE0403802,Karnataka,KA,South,181814,4G LTE,35144,69.9,10.2,0.51,62.4,False,Fibre
SITE0401913,Gujarat,GJ,West,137469,4G LTE,41166,62.9,9.7,0.32,80.6,False,Fibre
SITE0402124,Rajasthan,RJ,North,186900,5G NSA,34351,19.7,13.2,0.55,115.4,False,Fibre
SITE0403705,Kolkata,KO,East,795492,4G LTE,18832,22.2,16.5,0.51,53.7,False,Microwave
SITE0401238,West Bengal,WB,East,450672,5G SA,17308,39.8,13.6,0.75,89.9,False,Fibre
SITE0401530,Kolkata,KO,East,223447,5G SA,41725,50.3,4.0,0.84,58.2,False,Fibre
SITE0400529,Haryana,HR,North,739178,5G SA,15397,30.5,7.0,0.75,109.8,False,Microwave
SITE0402962,Maharashtra & Goa,MH,West,766076,5G NSA,24224,26.8,6.7,0.41,45.5,False,Fibre
SITE0401000,Maharashtra & Goa,MH,West,685752,5G SA,11569,30.5,10.3,0.49,78.6,False,Microwave
SITE0402898,Delhi NCR,DL,North,201309,4G LTE,38491,29.1,9.1,0.54,71.0,False,Microwave
SITE0402108,Mumbai,MU,West,486736,4G LTE,22823,9.3,13.0,0.26,83.0,False,Fibre
SITE0400910,Bihar & Jharkhand,BH,East,412978,5G SA,10985,46.8,13.8,0.6,55.0,False,Fibre
SITE0400422,Uttar Pradesh West,UPW,North,198633,5G NSA,31448,71.3,11.6,1.0,118.5,False,Fibre
SITE0403665,Rajasthan,RJ,North,370914,4G LTE,31412,43.6,12.6,1.76,87.4,False,Microwave
SITE0402549,Bihar & Jharkhand,BH,East,791979,4G LTE,11472,51.3,8.1,0.3,88.9,False,Fibre
SITE0402940,Uttar Pradesh East,UPE,North,615829,5G NSA,1854,99.0,11.1,0.64,50.7,True,Fibre
SITE0400241,Kolkata,KO,East,686884,5G SA,7058,61.6,5.7,0.82,15.8,False,Fibre
SITE0401248,Tamil Nadu,TN,South,638084,5G NSA,11458,19.1,8.6,0.55,108.7,False,Fibre
SITE0402341,Assam,AS,East,487986,5G SA,19654,62.2,10.3,0.46,37.2,False,Fibre
SITE0402949,Bihar & Jharkhand,BH,East,470997,5G NSA,17948,54.8,6.4,2.82,102.3,False,Fibre
SITE0403354,Kolkata,KO,East,512619,5G SA,34546,63.3,10.5,0.46,89.7,False,Microwave
SITE0403693,Kerala,KL,South,657867,4G LTE,4129,36.7,15.5,0.46,54.8,False,Fibre
SITE0402203,North East,NE,East,178885,4G LTE,21109,75.1,2.9,0.55,82.5,True,Fibre
SITE0402464,Bihar & Jharkhand,BH,East,324251,4G LTE,12473,62.8,9.4,0.99,119.9,False,Fibre
SITE0401903,Tamil Nadu,TN,South,337247,5G NSA,25021,46.3,15.4,0.8,55.3,False,Fibre
SITE0401604,Andhra Pradesh & Telangana,AP,South,570172,4G LTE,8807,28.9,10.7,0.35,33.2,False,Fibre
SITE0400448,Madhya Pradesh & Chhattisgarh,MP,North,736941,4G LTE,26226,21.8,13.5,0.52,85.5,False,Fibre
SITE0402470,Madhya Pradesh & Chhattisgarh,MP,North,645188,5G NSA,8185,96.9,6.6,0.31,77.2,True,Fibre
SITE0401338,Gujarat,GJ,West,203023,5G SA,38708,44.0,8.8,1.51,49.9,False,Fibre
SITE0403211,Tamil Nadu,TN,South,262044,5G SA,28212,18.7,9.2,0.69,95.5,False,Fibre
SITE0403759,Haryana,HR,North,483068,4G LTE,12221,90.9,6.3,0.41,59.7,True,Fibre
SITE0401895,Madhya Pradesh & Chhattisgarh,MP,North,393937,4G LTE,7252,74.7,4.7,0.07,69.2,True,Microwave
SITE0402440,Tamil Nadu,TN,South,276746,5G SA,33991,29.3,7.3,0.55,105.3,False,Fibre
SITE0403605,Maharashtra & Goa,MH,West,791648,5G NSA,25955,33.9,13.7,0.08,106.6,False,Fibre
SITE0401519,Delhi NCR,DL,North,658027,4G LTE,35316,48.5,13.3,0.75,72.4,False,Fibre
SITE0403461,Delhi NCR,DL,North,613228,5G NSA,24197,14.8,14.5,0.49,80.5,False,Microwave
SITE0400608,Madhya Pradesh & Chhattisgarh,MP,North,207144,5G NSA,32608,46.4,7.0,1.75,62.4,False,Fibre
SITE0400021,Gujarat,GJ,West,417937,5G SA,27119,46.3,11.9,0.57,46.7,False,Fibre
SITE0400547,Rajasthan,RJ,North,564472,4G LTE,34472,71.3,11.0,0.66,94.6,False,Microwave
SITE0402377,Tamil Nadu,TN,South,322995,4G LTE,13398,29.6,11.4,0.67,108.4,False,Fibre
SITE0402511,Kerala,KL,South,305374,5G SA,39993,36.3,14.5,0.4,71.5,False,Fibre
SITE0402308,Delhi NCR,DL,North,266717,4G LTE,15386,26.2,8.6,0.09,42.6,False,Fibre
SITE0402304,Uttar Pradesh East,UPE,North,420138,5G SA,41568,29.3,16.2,0.11,104.4,False,Microwave
SITE0400670,Haryana,HR,North,494460,5G SA,4557,20.3,11.8,0.3,14.7,False,Fibre
SITE0400583,West Bengal,WB,East,315877,5G NSA,9037,25.1,10.6,1.25,140.9,False,Fibre
SITE0401729,Uttar Pradesh East,UPE,North,833229,4G LTE,4035,45.1,19.8,0.98,88.9,False,Fibre
SITE0401755,Bihar & Jharkhand,BH,East,519050,4G LTE,15820,25.3,12.1,0.11,3.0,False,Microwave
SITE0401968,Rajasthan,RJ,North,601852,4G LTE,18704,47.6,15.2,0.24,90.6,False,Fibre
SITE0400870,Rajasthan,RJ,North,249005,5G SA,2809,58.0,10.7,1.11,94.5,False,Fibre
SITE0402745,West Bengal,WB,East,640816,4G LTE,31546,54.4,10.0,0.4,44.6,False,Fibre
SITE0403637,Madhya Pradesh & Chhattisgarh,MP,North,647693,5G SA,26739,54.5,6.1,0.62,71.9,False,Fibre
SITE0401560,Maharashtra & Goa,MH,West,117498,4G LTE,27250,29.3,6.7,0.22,114.0,False,Fibre
SITE0400479,Haryana,HR,North,437595,5G SA,11347,53.0,10.7,0.22,74.0,False,Fibre
SITE0402047,Andhra Pradesh & Telangana,AP,South,502323,5G SA,40610,29.6,12.2,0.02,156.8,False,Fibre
SITE0403539,Maharashtra & Goa,MH,West,381445,5G NSA,17738,53.9,7.6,0.27,34.1,False,Fibre
SITE0400564,Haryana,HR,North,491898,4G LTE,19359,49.7,3.7,0.24,59.6,False,Microwave
SITE0401068,Bihar & Jharkhand,BH,East,386516,4G LTE,18965,83.3,4.5,0.51,24.0,True,Fibre
SITE0400366,Uttar Pradesh East,UPE,North,503352,4G LTE,4822,26.9,16.7,0.05,113.3,False,Fibre
SITE0401906,Uttar Pradesh West,UPW,North,804734,4G LTE,14482,21.9,9.1,0.5,76.1,False,Fibre
SITE0402740,Bihar & Jharkhand,BH,East,474734,4G LTE,28690,46.6,4.1,0.64,27.3,False,Microwave
SITE0400652,Gujarat,GJ,West,530027,5G SA,10497,41.2,14.4,0.12,82.8,False,Microwave
SITE0402328,Uttar Pradesh West,UPW,North,359393,5G SA,22359,52.6,7.9,0.65,108.7,False,Fibre
SITE0400635,Bihar & Jharkhand,BH,East,607410,5G SA,3866,56.6,10.7,0.28,63.8,False,Microwave
SITE0400225,Madhya Pradesh & Chhattisgarh,MP,North,819686,4G LTE,18159,99.0,1.6,0.85,39.2,True,Microwave
SITE0400639,Assam,AS,East,613744,5G SA,21957,53.3,8.7,0.4,45.1,False,Fibre
SITE0401296,Gujarat,GJ,West,694744,4G LTE,16113,30.4,9.4,0.7,134.9,False,Fibre
SITE0401157,Tamil Nadu,TN,South,160944,5G SA,3721,13.4,8.8,0.09,68.4,False,Fibre
SITE0402932,Rajasthan,RJ,North,733406,4G LTE,5472,30.9,9.8,0.68,36.5,False,Microwave
SITE0400452,Andhra Pradesh & Telangana,AP,South,768108,5G NSA,34232,20.5,7.9,0.62,99.1,False,Fibre
SITE0402682,Rajasthan,RJ,North,206822,5G NSA,38446,59.2,11.4,0.06,82.7,False,Fibre
SITE0401098,Gujarat,GJ,West,395520,4G LTE,31553,52.2,4.6,0.71,86.0,False,Fibre
SITE0401468,Uttar Pradesh West,UPW,North,358040,4G LTE,22119,61.6,6.9,0.02,50.8,False,Fibre
SITE0402200,Uttar Pradesh West,UPW,North,746366,5G SA,32118,50.3,0.5,0.75,94.5,False,Fibre
SITE0403465,Tamil Nadu,TN,South,580920,4G LTE,11298,30.2,9.4,0.14,52.0,False,Fibre
SITE0400312,Andhra Pradesh & Telangana,AP,South,538279,5G SA,26505,56.2,6.4,0.5,111.5,False,Fibre
SITE0400788,Mumbai,MU,West,233936,4G LTE,41234,45.5,7.6,0.35,84.5,False,Fibre
SITE0400057,Uttar Pradesh East,UPE,North,480243,4G LTE,12891,22.3,12.3,1.28,106.6,False,Fibre
SITE0402560,Uttar Pradesh East,UPE,North,638779,4G LTE,4504,86.0,2.5,0.89,55.1,True,Fibre
SITE0403126,Maharashtra & Goa,MH,West,483402,5G SA,10200,48.2,9.3,0.08,14.3,False,Microwave
SITE0401815,Rajasthan,RJ,North,679834,4G LTE,15758,61.6,12.3,0.94,4.8,False,Fibre
SITE0400256,Rajasthan,RJ,North,269115,4G LTE,41343,58.1,7.4,0.3,54.7,False,Fibre
SITE0401268,Uttar Pradesh East,UPE,North,192153,5G NSA,17860,34.0,13.0,0.84,98.3,False,Fibre
SITE0403125,Maharashtra & Goa,MH,West,718370,4G LTE,2924,37.2,11.5,0.61,77.1,False,Microwave
SITE0400177,Bihar & Jharkhand,BH,East,506477,5G SA,23543,84.7,10.8,0.46,71.1,True,Fibre
SITE0402076,North East,NE,East,430010,4G LTE,8851,26.9,7.3,0.46,76.4,False,Fibre
SITE0401257,Bihar & Jharkhand,BH,East,309008,5G SA,25583,44.8,15.2,0.42,36.8,False,Fibre
SITE0402517,Rajasthan,RJ,North,710239,4G LTE,23700,53.4,6.5,0.18,53.0,False,Microwave
SITE0401518,Andhra Pradesh & Telangana,AP,South,736972,5G NSA,27122,27.5,12.1,0.96,104.3,False,Microwave
SITE0402153,Mumbai,MU,West,696411,5G NSA,13646,32.6,8.0,0.25,50.1,False,Fibre
SITE0401094,Madhya Pradesh & Chhattisgarh,MP,North,665558,5G SA,18900,32.7,10.5,0.33,188.4,False,Microwave
SITE0401734,Karnataka,KA,South,340575,4G LTE,5110,50.1,9.8,0.13,63.5,False,Fibre
SITE0402548,Andhra Pradesh & Telangana,AP,South,539442,5G SA,3113,17.4,10.4,0.93,129.2,False,Fibre
SITE0403445,Odisha,OR,East,512122,4G LTE,16279,27.2,3.7,0.33,136.0,False,Fibre
SITE0401879,Himachal Pradesh,HP,North,277159,5G SA,30615,44.1,10.3,1.06,81.0,False,Fibre
SITE0402540,Bihar & Jharkhand,BH,East,184038,5G NSA,42162,43.1,8.7,0.38,83.5,False,Fibre
SITE0401442,Haryana,HR,North,123440,5G SA,28343,21.2,2.0,0.54,1.5,False,Fibre
SITE0401538,Karnataka,KA,South,195772,5G SA,12126,39.1,11.0,0.08,148.5,False,Fibre
SITE0403189,Rajasthan,RJ,North,845192,5G SA,21526,41.1,5.3,1.34,69.7,False,Fibre
SITE0400125,Delhi NCR,DL,North,399312,5G SA,33080,22.7,13.3,0.2,175.9,False,Microwave
SITE0400537,Uttar Pradesh East,UPE,North,489981,5G SA,16222,65.7,3.2,0.83,43.8,False,Microwave
SITE0401606,Himachal Pradesh,HP,North,690879,4G LTE,2373,69.1,3.8,0.59,96.2,False,Fibre
SITE0400148,Punjab,PB,North,700912,5G NSA,27537,71.5,9.2,0.8,56.5,False,Fibre
SITE0400641,Mumbai,MU,West,449843,5G SA,11965,30.6,11.1,0.44,54.3,False,Fibre
SITE0401253,West Bengal,WB,East,638337,5G SA,32998,62.7,13.4,0.74,73.8,False,Fibre
SITE0403586,Uttar Pradesh East,UPE,North,599283,4G LTE,40266,54.9,11.1,0.76,133.3,False,Fibre
SITE0402668,Rajasthan,RJ,North,852530,4G LTE,39654,63.9,10.4,0.76,81.6,False,Microwave
SITE0401067,Mumbai,MU,West,517839,4G LTE,16325,61.0,11.0,0.27,109.0,False,Fibre
SITE0402338,Karnataka,KA,South,797379,5G NSA,13349,46.0,7.7,0.13,63.5,False,Fibre
SITE0400351,Andhra Pradesh & Telangana,AP,South,764523,5G SA,10341,28.1,13.9,0.89,101.2,False,Microwave
SITE0400436,Bihar & Jharkhand,BH,East,190056,5G SA,35905,80.1,8.4,0.22,74.1,True,Fibre
SITE0401007,Tamil Nadu,TN,South,663988,4G LTE,21206,48.9,14.0,0.43,60.2,False,Fibre
SITE0402353,Madhya Pradesh & Chhattisgarh,MP,North,356337,5G SA,27465,36.5,9.0,0.28,103.6,False,Microwave
SITE0402526,Rajasthan,RJ,North,679163,5G SA,16880,72.4,12.7,0.95,92.9,False,Fibre
SITE0400150,Uttar Pradesh East,UPE,North,695617,5G SA,14957,41.8,15.9,0.05,87.3,False,Fibre
SITE0402183,Bihar & Jharkhand,BH,East,748659,4G LTE,34304,60.1,9.6,2.13,58.7,False,Fibre
SITE0403690,Madhya Pradesh & Chhattisgarh,MP,North,171294,4G LTE,4440,65.0,6.8,1.08,82.1,False,Fibre
SITE0400720,Gujarat,GJ,West,764885,5G NSA,20990,67.8,9.6,0.61,102.1,False,Microwave
SITE0400332,Assam,AS,East,323710,5G NSA,12519,64.4,4.9,1.97,113.6,False,Fibre
SITE0401298,Kolkata,KO,East,747547,5G SA,4954,19.2,12.7,0.46,135.1,False,Fibre
SITE0400100,Uttar Pradesh East,UPE,North,681182,5G SA,8496,4.9,8.5,0.62,76.9,False,Microwave
SITE0403723,Uttar Pradesh East,UPE,North,207935,5G SA,35187,94.6,12.6,1.05,78.4,True,Fibre
SITE0401149,Maharashtra & Goa,MH,West,581362,4G LTE,23917,29.6,8.8,0.18,64.4,False,Microwave
SITE0401230,Punjab,PB,North,564393,5G SA,22173,49.8,14.9,1.66,79.3,False,Fibre
SITE0402395,West Bengal,WB,East,459958,5G SA,42571,32.7,9.3,0.11,72.9,False,Fibre
SITE0401303,Bihar & Jharkhand,BH,East,616014,5G NSA,40913,93.9,5.7,0.26,68.4,True,Fibre
SITE0400151,Mumbai,MU,West,737553,4G LTE,4339,47.4,9.9,0.13,70.3,False,Fibre
SITE0400532,Bihar & Jharkhand,BH,East,466069,4G LTE,21693,67.7,4.7,0.69,49.4,False,Microwave
SITE0401406,West Bengal,WB,East,539294,5G NSA,11647,29.2,6.0,0.07,121.8,False,Fibre
SITE0400451,Karnataka,KA,South,344222,5G SA,3899,32.3,4.4,0.08,92.4,False,Microwave
SITE0400333,Madhya Pradesh & Chhattisgarh,MP,North,171007,5G NSA,19097,72.2,12.0,0.7,30.5,False,Fibre
SITE0402958,Mumbai,MU,West,542616,4G LTE,10307,21.2,13.8,0.04,122.5,False,Microwave
SITE0403688,Kolkata,KO,East,364009,5G SA,10330,32.7,6.2,0.11,42.6,False,Fibre
SITE0403061,Tamil Nadu,TN,South,577941,5G NSA,28994,40.8,10.1,0.2,84.7,False,Fibre
SITE0402476,Uttar Pradesh West,UPW,North,537772,5G SA,15222,32.8,4.4,0.4,8.5,False,Fibre
SITE0400325,Odisha,OR,East,846456,5G NSA,12185,18.2,8.1,0.33,41.7,False,Fibre
SITE0401462,West Bengal,WB,East,497591,5G NSA,13482,41.3,5.0,0.32,95.5,False,Fibre
SITE0403281,Maharashtra & Goa,MH,West,633478,4G LTE,20140,45.7,14.3,0.29,43.3,False,Fibre
SITE0402237,Uttar Pradesh West,UPW,North,556188,5G SA,40769,38.9,18.7,0.68,152.1,False,Fibre
SITE0402817,Madhya Pradesh & Chhattisgarh,MP,North,699460,4G LTE,36329,99.0,6.9,1.03,81.5,True,Fibre
SITE0400461,Karnataka,KA,South,139963,5G NSA,16447,51.3,20.6,1.08,70.6,False,Microwave
SITE0400390,West Bengal,WB,East,213447,5G SA,16247,92.8,2.4,0.71,84.6,True,Microwave
SITE0400456,Uttar Pradesh East,UPE,North,643039,5G SA,40360,62.0,15.1,1.43,79.8,False,Fibre
SITE0400994,Maharashtra & Goa,MH,West,734152,5G NSA,31564,25.5,14.4,0.3,110.1,False,Microwave
SITE0401334,Bihar & Jharkhand,BH,East,394101,4G LTE,4203,43.3,7.5,0.32,69.7,False,Microwave
SITE0401862,Rajasthan,RJ,North,153535,5G SA,28748,9.9,15.1,0.31,160.0,False,Fibre
SITE0403017,Uttar Pradesh East,UPE,North,145717,4G LTE,17609,46.1,4.0,1.01,41.3,False,Microwave
SITE0401432,Uttar Pradesh East,UPE,North,779939,5G SA,34072,60.3,15.7,0.06,122.4,False,Fibre
SITE0403474,Uttar Pradesh East,UPE,North,853874,4G LTE,7559,49.7,7.9,1.79,49.2,False,Fibre
SITE0402224,Madhya Pradesh & Chhattisgarh,MP,North,656333,5G NSA,41704,38.7,15.5,1.48,98.1,False,Microwave
SITE0403357,Madhya Pradesh & Chhattisgarh,MP,North,383883,4G LTE,10842,15.0,15.6,0.15,148.9,False,Fibre
SITE0400410,Punjab,PB,North,338380,4G LTE,2872,25.8,12.8,0.21,108.5,False,Fibre
SITE0400768,Punjab,PB,North,299449,4G LTE,8252,30.5,8.8,0.72,44.6,False,Fibre
SITE0401581,Delhi NCR,DL,North,111440,4G LTE,8552,18.4,9.7,0.45,53.1,False,Fibre
SITE0402927,Rajasthan,RJ,North,135101,4G LTE,41521,40.0,4.5,0.37,54.8,False,Fibre
SITE0402293,Bihar & Jharkhand,BH,East,745395,4G LTE,2940,91.2,-3.9,0.33,39.3,True,Microwave
SITE0401721,Mumbai,MU,West,422456,4G LTE,33459,27.7,12.0,0.16,89.8,False,Fibre
SITE0400624,Odisha,OR,East,846209,5G SA,10743,59.2,10.1,0.5,54.7,False,Microwave
SITE0401390,Bihar & Jharkhand,BH,East,842439,4G LTE,11162,64.7,9.7,0.12,82.1,False,Fibre
SITE0401108,Rajasthan,RJ,North,135851,5G NSA,7074,12.9,12.3,0.25,165.4,False,Microwave
SITE0400959,Mumbai,MU,West,329772,4G LTE,22351,48.5,0.4,0.5,81.5,False,Fibre
SITE0400072,Kerala,KL,South,286138,4G LTE,15149,12.1,1.5,0.63,115.9,False,Fibre
SITE0400331,Bihar & Jharkhand,BH,East,510481,5G SA,40737,61.6,3.4,1.49,105.3,False,Fibre
SITE0402860,Andhra Pradesh & Telangana,AP,South,663123,5G SA,23691,26.0,16.0,0.04,51.8,False,Microwave
SITE0400110,Karnataka,KA,South,160463,5G SA,12920,8.7,11.6,0.46,75.7,False,Microwave
SITE0403037,Assam,AS,East,111986,5G SA,32897,17.8,11.9,0.36,132.8,False,Microwave
SITE0403207,Uttar Pradesh East,UPE,North,313694,5G SA,3550,79.6,5.9,1.49,21.9,True,Fibre
SITE0403582,Odisha,OR,East,145006,5G SA,18227,34.1,13.2,0.2,64.6,False,Fibre
SITE0400371,Maharashtra & Goa,MH,West,751165,5G NSA,11518,57.8,5.3,0.46,85.4,False,Fibre
SITE0402802,Uttar Pradesh East,UPE,North,442833,5G SA,7889,16.6,6.5,0.43,88.3,False,Fibre
SITE0400487,Tamil Nadu,TN,South,714472,4G LTE,40540,16.8,10.8,0.89,100.8,False,Fibre
SITE0401979,Assam,AS,East,350055,5G NSA,22670,30.0,12.6,0.26,113.8,False,Fibre
SITE0402785,Tamil Nadu,TN,South,676562,5G SA,8941,28.9,20.1,0.75,76.7,False,Fibre
SITE0402030,Andhra Pradesh & Telangana,AP,South,839069,5G NSA,36929,32.5,12.1,0.4,104.8,False,Fibre
SITE0403846,Maharashtra & Goa,MH,West,846151,5G SA,3463,37.0,10.7,0.08,140.7,False,Fibre
SITE0402509,Karnataka,KA,South,342087,5G SA,40979,39.2,11.9,1.59,19.9,False,Fibre
SITE0402070,Gujarat,GJ,West,847417,5G SA,32164,11.7,10.3,0.5,87.3,False,Microwave
SITE0403086,Gujarat,GJ,West,410625,5G SA,26656,24.0,12.2,0.6,124.7,False,Fibre
SITE0401825,Gujarat,GJ,West,537392,5G SA,22483,11.2,16.2,0.98,129.4,False,Microwave
SITE0403436,Mumbai,MU,West,819786,5G SA,19537,23.0,16.9,0.05,87.8,False,Fibre
SITE0400288,Tamil Nadu,TN,South,218901,5G NSA,34945,51.0,20.2,1.8,78.4,False,Fibre
SITE0402450,Tamil Nadu,TN,South,489722,5G NSA,13161,40.6,13.9,1.58,101.6,False,Fibre
SITE0401984,Haryana,HR,North,843533,5G SA,17202,41.4,11.6,0.68,85.1,False,Fibre
SITE0402251,West Bengal,WB,East,557530,4G LTE,35121,86.7,12.3,0.28,54.0,True,Fibre
SITE0402674,Andhra Pradesh & Telangana,AP,South,173668,5G NSA,37479,50.5,2.6,0.27,118.6,False,Fibre
SITE0402722,Uttar Pradesh East,UPE,North,784435,4G LTE,4234,27.3,9.1,1.06,33.6,False,Fibre
SITE0403360,West Bengal,WB,East,348275,5G NSA,36043,23.0,3.4,0.59,55.4,False,Fibre
SITE0400502,Uttar Pradesh East,UPE,North,218478,5G SA,37068,37.3,10.9,0.27,51.4,False,Fibre
SITE0402457,Kerala,KL,South,542676,5G NSA,30378,12.2,14.1,0.32,113.3,False,Fibre
SITE0400899,Bihar & Jharkhand,BH,East,678209,4G LTE,21365,90.8,13.4,0.1,45.1,True,Fibre
SITE0403028,Andhra Pradesh & Telangana,AP,South,684956,5G NSA,12020,18.9,9.3,0.08,89.0,False,Microwave
SITE0402075,Madhya Pradesh & Chhattisgarh,MP,North,422171,5G SA,35926,76.3,3.5,1.34,39.6,True,Fibre
SITE0401759,Tamil Nadu,TN,South,519880,5G NSA,20369,13.7,13.3,0.08,90.2,False,Fibre
SITE0400534,Andhra Pradesh & Telangana,AP,South,347851,5G NSA,10489,28.9,7.2,3.78,82.7,False,Microwave
SITE0403079,Rajasthan,RJ,North,818074,4G LTE,9734,64.9,3.6,0.22,56.1,False,Fibre
SITE0403044,Maharashtra & Goa,MH,West,300417,4G LTE,11078,37.6,-2.7,0.6,113.0,False,Fibre
SITE0402062,Mumbai,MU,West,667443,5G NSA,40683,43.1,6.2,0.36,42.5,False,Fibre
SITE0402449,Odisha,OR,East,854582,4G LTE,31680,12.0,11.1,0.2,120.0,False,Fibre
SITE0401696,Karnataka,KA,South,542119,5G SA,25502,29.7,1.8,0.24,84.5,False,Fibre
SITE0403651,Rajasthan,RJ,North,222505,4G LTE,22712,63.2,6.2,1.28,153.3,False,Fibre
SITE0402928,Andhra Pradesh & Telangana,AP,South,549028,4G LTE,27703,37.8,12.0,0.27,105.7,False,Fibre
SITE0403406,Haryana,HR,North,681744,5G SA,38196,22.3,9.1,1.66,88.8,False,Fibre
SITE0401654,Uttar Pradesh East,UPE,North,538120,5G NSA,22563,11.9,13.7,0.95,163.4,False,Fibre
SITE0400076,Rajasthan,RJ,North,831936,4G LTE,18407,28.4,5.4,0.1,65.4,False,Fibre
SITE0403153,Tamil Nadu,TN,South,360300,4G LTE,35909,51.5,7.1,1.26,92.5,False,Fibre
SITE0403114,West Bengal,WB,East,363509,4G LTE,37251,40.7,11.3,0.51,141.5,False,Fibre
SITE0400711,Karnataka,KA,South,494530,5G SA,18688,38.7,16.0,0.29,99.3,False,Microwave
SITE0403781,Himachal Pradesh,HP,North,410053,5G NSA,4665,67.3,-1.9,0.75,87.3,False,Fibre
SITE0402552,Maharashtra & Goa,MH,West,630415,4G LTE,33128,30.5,11.1,0.57,114.4,False,Fibre
SITE0402875,Bihar & Jharkhand,BH,East,648068,5G SA,27078,27.6,7.6,0.83,47.9,False,Fibre
SITE0401140,Andhra Pradesh & Telangana,AP,South,255040,5G NSA,26418,71.3,9.8,2.24,29.8,False,Microwave
SITE0402268,West Bengal,WB,East,541753,4G LTE,40088,47.9,7.6,2.87,90.2,False,Fibre
SITE0403498,Delhi NCR,DL,North,211989,5G SA,9443,46.1,11.7,0.26,100.0,False,Fibre
SITE0401713,Rajasthan,RJ,North,245542,4G LTE,17491,75.6,7.4,0.57,65.5,True,Fibre
SITE0403615,West Bengal,WB,East,658412,5G NSA,18686,34.3,14.6,0.18,109.0,False,Microwave
SITE0403064,Karnataka,KA,South,699091,4G LTE,26574,40.4,11.0,1.78,53.9,False,Fibre
SITE0402011,Odisha,OR,East,321137,5G SA,29948,81.8,5.5,0.73,32.6,True,Fibre
SITE0403818,West Bengal,WB,East,311475,5G NSA,22729,48.0,7.4,0.72,61.3,False,Fibre
SITE0403307,Odisha,OR,East,697397,5G NSA,39422,9.0,8.3,1.21,95.0,False,Fibre
SITE0403219,Bihar & Jharkhand,BH,East,728601,5G NSA,30568,62.6,6.5,0.83,35.0,False,Microwave
SITE0400455,Tamil Nadu,TN,South,423552,4G LTE,25033,40.5,9.1,0.04,94.6,False,Fibre
SITE0400553,Madhya Pradesh & Chhattisgarh,MP,North,803741,5G SA,20888,64.6,3.5,0.45,14.0,False,Microwave
SITE0400457,Tamil Nadu,TN,South,374662,5G NSA,39888,67.3,5.6,0.12,72.8,False,Fibre
SITE0402626,Maharashtra & Goa,MH,West,780689,4G LTE,22418,39.5,11.6,0.96,117.4,False,Microwave
SITE0402217,Delhi NCR,DL,North,758112,5G SA,38322,28.7,14.4,0.26,124.7,False,Fibre
SITE0402846,Gujarat,GJ,West,698775,4G LTE,25351,14.3,11.4,0.19,126.8,False,Fibre
SITE0402711,Bihar & Jharkhand,BH,East,185487,5G SA,4191,87.8,10.5,0.48,88.1,True,Fibre
SITE0400717,Madhya Pradesh & Chhattisgarh,MP,North,308552,5G NSA,16841,67.6,5.8,0.16,73.3,False,Fibre
SITE0403330,Maharashtra & Goa,MH,West,725722,4G LTE,37490,31.1,7.6,0.42,53.8,False,Fibre
SITE0401375,Bihar & Jharkhand,BH,East,223347,5G NSA,33890,43.5,9.9,0.59,98.3,False,Fibre
SITE0400627,Madhya Pradesh & Chhattisgarh,MP,North,640264,5G SA,33395,73.9,9.2,0.56,90.8,False,Fibre
SITE0403758,Haryana,HR,North,598831,4G LTE,11424,57.6,6.0,0.28,113.3,False,Microwave
SITE0400684,Uttar Pradesh East,UPE,North,342554,4G LTE,3111,99.0,12.6,0.67,56.4,True,Fibre
SITE0400873,Karnataka,KA,South,295293,5G SA,35654,45.4,15.2,0.57,43.4,False,Fibre
SITE0403671,Uttar Pradesh East,UPE,North,542028,5G NSA,32654,33.5,21.8,0.51,85.7,False,Fibre
SITE0402981,Punjab,PB,North,585978,5G NSA,30395,16.5,16.8,0.61,122.1,False,Fibre
SITE0401158,Andhra Pradesh & Telangana,AP,South,807394,4G LTE,34527,21.9,12.4,0.13,103.6,False,Fibre
SITE0402510,Uttar Pradesh East,UPE,North,677403,5G SA,11708,92.0,1.2,0.69,8.5,True,Fibre
SITE0402015,Punjab,PB,North,219784,4G LTE,38277,9.1,11.0,0.11,120.3,False,Fibre
SITE0400915,Madhya Pradesh & Chhattisgarh,MP,North,212606,4G LTE,14471,59.0,8.7,0.94,103.4,False,Fibre
SITE0402751,West Bengal,WB,East,572608,4G LTE,19248,30.2,12.3,0.13,56.6,False,Fibre
SITE0401656,West Bengal,WB,East,115148,5G SA,36566,45.9,2.2,0.05,74.3,False,Microwave
SITE0402992,Delhi NCR,DL,North,596456,4G LTE,37027,55.4,11.7,0.12,33.8,False,Fibre
SITE0403059,Mumbai,MU,West,725168,5G SA,19291,31.6,1.3,0.32,96.5,False,Fibre
SITE0401605,Odisha,OR,East,781915,5G SA,7358,31.1,7.0,0.3,73.8,False,Fibre
SITE0402675,Madhya Pradesh & Chhattisgarh,MP,North,416803,5G NSA,27089,41.0,7.7,0.41,68.7,False,Fibre
SITE0403653,Uttar Pradesh East,UPE,North,493435,5G SA,38486,51.3,12.9,1.07,42.0,False,Fibre
SITE0402151,Rajasthan,RJ,North,504398,5G NSA,14847,53.1,5.0,0.32,152.3,False,Microwave
SITE0401989,Assam,AS,East,752019,4G LTE,34075,82.2,7.4,0.24,119.0,True,Fibre
SITE0402507,Rajasthan,RJ,North,468065,4G LTE,6043,51.0,15.5,0.5,33.1,False,Fibre
SITE0403530,Andhra Pradesh & Telangana,AP,South,846863,5G SA,21189,49.8,10.9,0.71,93.9,False,Fibre
SITE0400820,Himachal Pradesh,HP,North,686002,5G NSA,21147,53.6,2.1,0.62,124.1,False,Fibre
SITE0401306,Uttar Pradesh West,UPW,North,822542,4G LTE,22446,75.8,5.4,1.39,72.6,True,Microwave
SITE0400017,Uttar Pradesh West,UPW,North,262171,5G SA,32572,34.1,1.4,1.15,27.2,False,Fibre
SITE0402008,Uttar Pradesh West,UPW,North,442942,5G NSA,18326,5.5,8.3,1.33,117.2,False,Fibre
SITE0400481,Odisha,OR,East,837480,5G NSA,39602,30.7,15.2,0.24,78.3,False,Microwave
SITE0401551,West Bengal,WB,East,374439,5G NSA,36151,63.5,13.6,0.44,51.3,False,Fibre
SITE0400209,Uttar Pradesh East,UPE,North,354172,5G NSA,27278,49.5,5.1,0.68,70.2,False,Fibre
SITE0402660,Madhya Pradesh & Chhattisgarh,MP,North,380825,5G SA,40765,8.1,7.8,2.26,81.0,False,Microwave
SITE0400927,Gujarat,GJ,West,313842,5G SA,16205,11.1,5.1,0.88,95.5,False,Fibre
SITE0400957,Bihar & Jharkhand,BH,East,770244,5G SA,29775,9.2,14.7,0.81,150.8,False,Fibre
SITE0402777,Rajasthan,RJ,North,777525,5G SA,10882,72.1,6.2,0.06,92.5,False,Fibre
SITE0401959,Uttar Pradesh East,UPE,North,356995,5G NSA,40839,64.1,1.6,0.53,40.9,False,Fibre
SITE0402901,Uttar Pradesh West,UPW,North,534076,4G LTE,18392,31.3,9.5,0.68,42.8,False,Fibre
SITE0400980,Rajasthan,RJ,North,406012,5G SA,35882,87.1,6.6,0.58,38.1,True,Fibre
SITE0401104,Madhya Pradesh & Chhattisgarh,MP,North,366661,4G LTE,15164,76.6,7.4,0.67,78.7,True,Fibre
SITE0400678,Uttar Pradesh East,UPE,North,244068,4G LTE,25535,45.5,9.4,2.15,26.9,False,Fibre
SITE0400133,Andhra Pradesh & Telangana,AP,South,584706,5G SA,40790,13.0,11.5,0.34,107.3,False,Fibre
SITE0400439,Mumbai,MU,West,695374,4G LTE,18481,32.2,6.9,0.28,108.6,False,Microwave
SITE0401497,Bihar & Jharkhand,BH,East,515851,4G LTE,9749,59.2,9.8,0.83,74.6,False,Fibre
SITE0401657,Madhya Pradesh & Chhattisgarh,MP,North,782393,4G LTE,19754,48.8,15.5,2.11,63.2,False,Fibre
SITE0402190,Tamil Nadu,TN,South,137986,4G LTE,28467,64.6,3.1,0.36,77.3,False,Microwave
SITE0403667,Andhra Pradesh & Telangana,AP,South,355272,4G LTE,20563,54.1,10.3,0.06,52.0,False,Microwave
SITE0402814,Punjab,PB,North,679695,4G LTE,36288,13.6,2.5,0.7,84.0,False,Fibre
SITE0403095,Uttar Pradesh West,UPW,North,795506,4G LTE,4702,60.7,7.9,0.34,37.8,False,Microwave
SITE0401363,Delhi NCR,DL,North,730920,4G LTE,39551,32.0,14.0,1.51,171.5,False,Microwave
SITE0400192,Bihar & Jharkhand,BH,East,148175,4G LTE,10259,39.7,6.1,0.05,89.2,False,Fibre
SITE0402365,Delhi NCR,DL,North,146849,5G NSA,21850,22.9,5.9,0.06,110.8,False,Fibre
SITE0403203,Madhya Pradesh & Chhattisgarh,MP,North,553175,5G SA,28642,23.4,14.4,1.61,170.3,False,Microwave
SITE0401550,Gujarat,GJ,West,552681,5G SA,33998,24.7,14.5,0.6,3.4,False,Fibre
SITE0400465,Maharashtra & Goa,MH,West,147499,4G LTE,24665,40.4,3.4,0.41,89.7,False,Fibre
SITE0400804,Kerala,KL,South,852652,4G LTE,34998,50.4,2.4,0.44,87.6,False,Fibre
SITE0400577,Karnataka,KA,South,605738,4G LTE,21194,12.7,18.8,0.17,18.5,False,Microwave
SITE0401698,Delhi NCR,DL,North,581999,5G NSA,23983,46.1,16.0,0.39,123.4,False,Fibre
SITE0401960,West Bengal,WB,East,597065,4G LTE,8674,32.6,9.3,1.41,113.7,False,Microwave
SITE0402939,Assam,AS,East,611107,4G LTE,9782,7.2,23.1,1.02,174.8,False,Fibre
SITE0400145,Tamil Nadu,TN,South,247330,5G SA,2919,39.3,10.1,1.71,35.7,False,Fibre
SITE0400392,Odisha,OR,East,520291,4G LTE,38516,43.7,13.5,0.09,77.4,False,Fibre
SITE0402554,Andhra Pradesh & Telangana,AP,South,598119,5G SA,29716,73.9,10.2,0.21,79.6,False,Fibre
SITE0400858,Kerala,KL,South,634303,5G NSA,25777,44.6,9.6,0.51,69.2,False,Microwave
SITE0402048,North East,NE,East,684673,5G SA,10879,25.7,10.8,0.68,111.9,False,Fibre
SITE0401220,Andhra Pradesh & Telangana,AP,South,755770,5G SA,24078,17.3,17.0,0.38,77.2,False,Fibre
SITE0402277,Madhya Pradesh & Chhattisgarh,MP,North,264307,5G SA,31904,29.7,12.7,0.18,98.5,False,Fibre
SITE0401590,Mumbai,MU,West,816719,5G SA,5807,28.0,13.0,0.23,133.3,False,Microwave
SITE0400345,Uttar Pradesh East,UPE,North,672340,4G LTE,32988,61.3,7.5,0.34,5.8,False,Fibre
SITE0401517,Mumbai,MU,West,631983,4G LTE,22736,44.5,6.4,0.23,64.3,False,Fibre
SITE0401637,Uttar Pradesh West,UPW,North,693855,5G SA,21089,52.7,-2.2,1.11,100.2,False,Fibre
SITE0401666,Madhya Pradesh & Chhattisgarh,MP,North,777720,5G NSA,32860,38.2,6.8,0.04,62.5,False,Fibre
SITE0400179,Punjab,PB,North,265969,4G LTE,38049,37.4,5.4,1.1,105.0,False,Microwave
SITE0403231,Andhra Pradesh & Telangana,AP,South,324697,5G SA,4432,40.6,12.6,0.03,1.5,False,Microwave
SITE0401206,Tamil Nadu,TN,South,630903,5G SA,38459,13.5,-1.3,0.75,87.2,False,Fibre
SITE0402944,Tamil Nadu,TN,South,854269,4G LTE,15625,22.7,13.7,0.72,74.7,False,Fibre
SITE0401699,Gujarat,GJ,West,741864,5G SA,28392,58.1,12.4,0.44,74.2,False,Fibre
SITE0402923,Gujarat,GJ,West,365116,4G LTE,18790,63.3,10.0,0.24,62.8,False,Fibre
SITE0402801,Uttar Pradesh West,UPW,North,368683,4G LTE,23918,66.0,5.9,0.38,61.6,False,Fibre
SITE0401569,Assam,AS,East,596821,4G LTE,33182,84.6,12.1,1.63,56.6,True,Fibre
SITE0401983,Tamil Nadu,TN,South,383729,4G LTE,33935,57.8,8.4,0.68,74.6,False,Microwave
SITE0402905,West Bengal,WB,East,558374,5G SA,2062,49.4,6.7,0.9,67.4,False,Microwave
SITE0401249,Maharashtra & Goa,MH,West,381529,5G NSA,24568,45.3,-0.2,0.02,57.3,False,Fibre
SITE0402439,Madhya Pradesh & Chhattisgarh,MP,North,519399,5G NSA,32238,76.8,6.7,0.2,37.0,True,Fibre
SITE0400599,Haryana,HR,North,642758,5G NSA,36736,64.4,9.1,0.53,97.7,False,Microwave
SITE0401501,Madhya Pradesh & Chhattisgarh,MP,North,748964,5G SA,13037,98.3,3.9,0.78,47.7,True,Fibre
SITE0401940,Karnataka,KA,South,332479,5G SA,20927,9.7,10.1,0.46,120.6,False,Fibre
SITE0401380,Bihar & Jharkhand,BH,East,831360,5G SA,5703,69.7,2.5,0.7,55.1,False,Fibre
SITE0402952,Andhra Pradesh & Telangana,AP,South,390851,4G LTE,19341,51.4,10.7,0.51,23.1,False,Microwave
SITE0401492,Andhra Pradesh & Telangana,AP,South,440775,5G SA,35981,40.3,7.7,0.64,96.7,False,Fibre
SITE0400814,Kolkata,KO,East,296552,5G SA,10220,30.2,11.9,0.13,92.2,False,Fibre
SITE0402514,Uttar Pradesh East,UPE,North,798983,5G SA,9351,59.2,6.7,0.55,33.3,False,Microwave
SITE0403541,Madhya Pradesh & Chhattisgarh,MP,North,223040,5G SA,7494,25.8,21.3,0.67,145.4,False,Fibre
SITE0403009,Assam,AS,East,194400,5G SA,18418,43.5,11.9,1.57,52.3,False,Fibre
SITE0402718,Andhra Pradesh & Telangana,AP,South,751122,4G LTE,30096,24.6,15.3,0.64,119.0,False,Microwave
SITE0401229,Bihar & Jharkhand,BH,East,497502,5G NSA,2536,80.9,8.6,0.27,119.2,True,Fibre
SITE0403641,Andhra Pradesh & Telangana,AP,South,591607,5G SA,13856,29.4,12.9,0.6,71.2,False,Fibre
SITE0400240,Uttar Pradesh West,UPW,North,667956,4G LTE,12852,80.1,2.8,1.54,37.5,True,Microwave
SITE0403118,West Bengal,WB,East,211383,4G LTE,27444,37.1,10.4,0.18,40.8,False,Fibre
SITE0402300,West Bengal,WB,East,695909,5G NSA,5157,29.1,2.6,0.37,1.5,False,Fibre
SITE0400662,Himachal Pradesh,HP,North,790838,5G SA,12233,36.7,9.8,0.36,13.4,False,Fibre
SITE0400361,Himachal Pradesh,HP,North,115689,5G NSA,40295,58.2,5.3,0.99,97.8,False,Fibre
SITE0401226,Karnataka,KA,South,117276,5G SA,22048,18.1,15.4,0.77,108.6,False,Fibre
SITE0403409,Punjab,PB,North,570367,5G SA,25632,57.7,9.6,0.16,44.4,False,Microwave
SITE0402820,Bihar & Jharkhand,BH,East,708693,4G LTE,6321,56.7,13.7,0.63,84.7,False,Fibre
SITE0402924,Gujarat,GJ,West,523567,5G NSA,17690,43.4,8.9,0.89,1.5,False,Microwave
SITE0402643,Uttar Pradesh East,UPE,North,405128,4G LTE,12795,94.5,4.3,0.22,101.7,True,Fibre
SITE0403335,Kolkata,KO,East,268206,5G NSA,34306,51.7,6.0,0.56,74.7,False,Fibre
SITE0403556,Rajasthan,RJ,North,811421,4G LTE,29356,23.7,9.8,0.89,98.4,False,Fibre
SITE0402054,Uttar Pradesh West,UPW,North,722984,5G SA,7921,99.0,7.2,0.54,19.3,True,Fibre
SITE0400238,Jammu & Kashmir,JK,North,495504,4G LTE,17986,48.2,11.6,0.73,99.3,False,Microwave
SITE0402906,West Bengal,WB,East,369271,5G NSA,41989,13.6,3.7,0.4,119.7,False,Fibre
SITE0403139,Uttar Pradesh West,UPW,North,712541,5G SA,19615,66.3,10.2,0.22,107.7,False,Fibre
SITE0402583,Karnataka,KA,South,214590,5G NSA,29652,49.1,10.9,1.31,42.1,False,Fibre
SITE0401507,Bihar & Jharkhand,BH,East,333722,5G SA,9175,48.1,11.5,0.15,47.9,False,Fibre
SITE0403107,Karnataka,KA,South,526663,4G LTE,42062,32.0,15.4,0.29,139.1,False,Fibre
SITE0401159,Delhi NCR,DL,North,785281,5G NSA,20991,56.2,5.4,0.26,102.4,False,Fibre
SITE0402746,Punjab,PB,North,569113,4G LTE,24775,38.5,5.7,0.6,63.2,False,Fibre
SITE0400520,West Bengal,WB,East,169294,5G SA,26296,35.5,15.5,0.92,121.8,False,Fibre
SITE0403649,Haryana,HR,North,190420,4G LTE,34927,69.9,6.9,0.04,28.4,False,Microwave
SITE0402071,Delhi NCR,DL,North,726848,5G NSA,34769,9.9,12.2,0.27,123.3,False,Fibre
SITE0400515,Maharashtra & Goa,MH,West,514613,5G SA,27663,33.3,15.6,0.28,147.7,False,Fibre
SITE0400343,Rajasthan,RJ,North,227654,5G NSA,23775,56.4,12.2,0.11,88.9,False,Microwave
SITE0401199,Tamil Nadu,TN,South,471785,5G SA,29851,39.5,8.9,1.07,40.1,False,Fibre
SITE0400894,Maharashtra & Goa,MH,West,113265,4G LTE,11771,38.4,14.4,0.78,117.0,False,Microwave
SITE0403108,Kerala,KL,South,415841,5G SA,28019,47.9,8.4,0.49,96.7,False,Fibre
SITE0401333,Haryana,HR,North,796308,4G LTE,31188,7.8,13.1,0.18,94.0,False,Fibre
SITE0403504,Uttar Pradesh East,UPE,North,712163,5G SA,19782,10.5,15.1,0.25,149.1,False,Fibre
SITE0401212,Uttar Pradesh West,UPW,North,638178,4G LTE,11202,93.0,1.9,0.87,65.9,True,Fibre
SITE0402398,Gujarat,GJ,West,402173,5G SA,6215,36.1,10.8,0.65,58.1,False,Fibre
SITE0401281,Uttar Pradesh East,UPE,North,722526,4G LTE,9431,53.3,8.5,0.27,98.9,False,Fibre
SITE0400243,Punjab,PB,North,478757,5G NSA,22692,44.3,12.1,0.35,112.5,False,Fibre
SITE0400886,Karnataka,KA,South,202997,4G LTE,29928,47.1,11.6,0.28,95.9,False,Fibre
SITE0400480,Madhya Pradesh & Chhattisgarh,MP,North,539005,4G LTE,41506,33.9,9.4,1.38,63.8,False,Microwave
SITE0400128,Delhi NCR,DL,North,762948,4G LTE,18470,23.8,8.6,0.12,165.0,False,Fibre
SITE0400079,Kerala,KL,South,157694,5G NSA,37067,33.3,9.0,0.12,81.3,False,Fibre
SITE0401453,Uttar Pradesh West,UPW,North,660371,5G NSA,4735,55.5,12.9,0.38,103.3,False,Fibre
SITE0400211,Andhra Pradesh & Telangana,AP,South,284751,4G LTE,2942,60.6,10.3,0.67,84.0,False,Fibre
SITE0400838,Uttar Pradesh East,UPE,North,721683,4G LTE,5557,70.4,10.4,0.47,73.7,False,Fibre
SITE0403123,Kerala,KL,South,555918,5G SA,9205,34.1,12.6,1.07,105.6,False,Microwave
SITE0401383,Punjab,PB,North,613999,5G NSA,33575,63.9,-1.3,0.25,80.4,False,Fibre
SITE0402053,Tamil Nadu,TN,South,191190,4G LTE,5225,29.3,12.2,0.1,112.9,False,Fibre
SITE0403709,Maharashtra & Goa,MH,West,250547,5G NSA,10515,58.4,7.5,0.15,99.6,False,Fibre
SITE0400106,Maharashtra & Goa,MH,West,665190,4G LTE,12223,43.5,3.7,0.61,78.4,False,Fibre
SITE0402730,North East,NE,East,236085,4G LTE,36887,68.2,7.4,0.76,82.8,False,Microwave
SITE0400190,West Bengal,WB,East,137696,4G LTE,13023,58.2,7.6,0.19,81.4,False,Fibre
SITE0403266,Kerala,KL,South,236079,5G SA,39022,50.0,6.3,0.91,78.7,False,Fibre
SITE0401494,Kerala,KL,South,727647,5G SA,35215,41.5,4.8,0.77,119.1,False,Fibre
SITE0401419,Tamil Nadu,TN,South,132008,5G NSA,40930,52.4,7.7,0.69,74.7,False,Fibre
SITE0403609,Madhya Pradesh & Chhattisgarh,MP,North,718178,5G NSA,31508,84.9,5.9,0.55,32.7,True,Fibre
SITE0400821,Assam,AS,East,657404,4G LTE,37231,29.3,4.4,1.31,101.6,False,Microwave
SITE0400807,North East,NE,East,747879,5G SA,4063,93.6,0.0,0.54,56.4,True,Microwave
SITE0402795,Uttar Pradesh East,UPE,North,596492,5G NSA,8437,55.9,13.0,0.23,51.6,False,Microwave
SITE0401701,Kerala,KL,South,347683,4G LTE,23783,37.7,12.1,0.82,112.5,False,Fibre
SITE0402118,Maharashtra & Goa,MH,West,525266,5G SA,27895,20.2,9.9,1.01,1.5,False,Microwave
SITE0401023,Bihar & Jharkhand,BH,East,838489,4G LTE,13416,83.0,7.4,0.21,57.4,True,Fibre
SITE0400230,Andhra Pradesh & Telangana,AP,South,622292,5G NSA,9700,50.2,10.2,0.13,104.3,False,Fibre
SITE0403449,Gujarat,GJ,West,385822,5G SA,23040,32.7,12.8,1.6,133.9,False,Fibre
SITE0402838,Uttar Pradesh East,UPE,North,667905,4G LTE,32967,63.8,0.2,1.22,39.2,False,Fibre
SITE0403015,Uttar Pradesh East,UPE,North,685888,5G NSA,39610,73.9,6.6,0.26,45.7,False,Fibre
SITE0400857,Uttar Pradesh East,UPE,North,208184,5G NSA,26585,71.3,10.9,0.65,86.9,False,Fibre
SITE0403560,Andhra Pradesh & Telangana,AP,South,741256,5G NSA,22712,52.0,12.1,0.5,106.7,False,Fibre
SITE0402361,Tamil Nadu,TN,South,207604,4G LTE,13461,39.3,12.0,0.53,91.3,False,Fibre
SITE0400765,Maharashtra & Goa,MH,West,139713,5G SA,22189,50.2,13.7,0.53,81.2,False,Fibre
SITE0403681,Madhya Pradesh & Chhattisgarh,MP,North,783089,4G LTE,18231,31.8,8.9,1.58,165.1,False,Fibre
SITE0401789,Andhra Pradesh & Telangana,AP,South,823003,4G LTE,36832,25.6,11.9,0.43,122.7,False,Fibre
SITE0403362,Bihar & Jharkhand,BH,East,271476,5G NSA,2310,36.4,12.1,1.44,161.7,False,Fibre
SITE0400606,Uttar Pradesh East,UPE,North,226474,5G SA,19574,80.7,7.5,0.77,64.9,True,Fibre
SITE0401192,Haryana,HR,North,486574,5G NSA,21584,29.4,10.2,0.88,31.9,False,Fibre
SITE0403310,Bihar & Jharkhand,BH,East,200007,5G SA,20615,64.5,17.7,0.46,126.2,False,Microwave
SITE0403419,Karnataka,KA,South,291259,4G LTE,26900,30.3,9.7,0.2,39.2,False,Fibre
SITE0402504,Haryana,HR,North,193481,4G LTE,41640,15.5,14.8,0.71,57.4,False,Fibre
SITE0402442,West Bengal,WB,East,136490,4G LTE,23074,30.8,13.9,0.66,146.5,False,Microwave
SITE0400355,Uttar Pradesh East,UPE,North,393782,5G SA,41564,36.0,8.8,0.85,86.9,False,Fibre
SITE0403201,Andhra Pradesh & Telangana,AP,South,801436,4G LTE,4765,32.8,18.0,0.16,52.1,False,Fibre
SITE0403607,Bihar & Jharkhand,BH,East,566389,5G SA,16044,69.5,1.6,1.41,100.2,False,Fibre
SITE0402959,Maharashtra & Goa,MH,West,378858,5G NSA,16742,49.7,4.9,0.41,114.6,False,Fibre
SITE0403698,Odisha,OR,East,255653,5G NSA,33695,31.2,13.5,0.23,94.3,False,Fibre
SITE0403489,Maharashtra & Goa,MH,West,115554,5G NSA,33417,42.3,7.2,0.78,76.2,False,Fibre
SITE0403561,Uttar Pradesh East,UPE,North,227904,5G NSA,32534,92.9,5.4,1.94,66.7,True,Fibre
SITE0402500,Andhra Pradesh & Telangana,AP,South,212865,4G LTE,40790,38.7,9.0,0.31,108.1,False,Fibre
SITE0400219,Uttar Pradesh East,UPE,North,250879,4G LTE,20654,31.3,7.9,0.62,92.5,False,Microwave
SITE0401720,Uttar Pradesh East,UPE,North,383687,4G LTE,15948,51.7,3.0,0.44,80.9,False,Fibre
SITE0403490,West Bengal,WB,East,601114,4G LTE,21660,25.3,18.5,0.36,75.7,False,Microwave
SITE0403559,Haryana,HR,North,709208,4G LTE,1913,31.0,11.5,0.89,51.4,False,Fibre
SITE0403337,Rajasthan,RJ,North,571656,5G NSA,12286,57.1,7.6,0.8,24.0,False,Microwave
SITE0400305,Maharashtra & Goa,MH,West,648059,4G LTE,29955,44.9,10.1,0.73,131.2,False,Fibre
SITE0400528,Uttar Pradesh East,UPE,North,131109,5G SA,33233,80.2,6.7,0.35,70.4,True,Fibre
SITE0402799,Andhra Pradesh & Telangana,AP,South,627092,4G LTE,38911,17.2,3.8,0.76,29.6,False,Fibre
SITE0401250,Tamil Nadu,TN,South,612471,4G LTE,18444,75.1,6.6,0.67,53.8,True,Microwave
SITE0400321,Maharashtra & Goa,MH,West,172029,5G SA,7746,43.3,15.7,0.05,7.3,False,Fibre
SITE0400411,Madhya Pradesh & Chhattisgarh,MP,North,590555,5G SA,35610,46.1,9.3,0.79,93.6,False,Fibre
SITE0400304,Delhi NCR,DL,North,337316,5G SA,25697,30.7,7.7,0.27,72.2,False,Microwave
SITE0403679,West Bengal,WB,East,369860,4G LTE,23080,75.5,4.1,1.2,73.3,True,Microwave
SITE0403509,Himachal Pradesh,HP,North,282261,5G SA,21606,55.5,6.0,0.72,84.0,False,Fibre
SITE0400675,Andhra Pradesh & Telangana,AP,South,356482,4G LTE,11915,23.0,17.2,0.52,133.3,False,Microwave
SITE0400527,Tamil Nadu,TN,South,724987,5G SA,12233,23.6,6.8,1.41,57.8,False,Fibre
SITE0403739,Haryana,HR,North,609697,5G NSA,29262,24.9,10.5,0.57,62.6,False,Fibre
SITE0403697,Madhya Pradesh & Chhattisgarh,MP,North,172772,5G SA,5381,39.8,13.8,0.74,75.9,False,Fibre
SITE0400478,Bihar & Jharkhand,BH,East,421131,4G LTE,18553,48.5,9.8,0.57,61.7,False,Fibre
SITE0400200,Madhya Pradesh & Chhattisgarh,MP,North,741371,4G LTE,12360,44.1,10.2,1.33,68.5,False,Fibre
SITE0403425,Uttar Pradesh West,UPW,North,179333,4G LTE,24307,40.9,4.0,0.88,44.4,False,Fibre
SITE0401484,Uttar Pradesh West,UPW,North,516706,5G SA,29654,25.2,12.4,1.08,49.0,False,Fibre
SITE0400165,Madhya Pradesh & Chhattisgarh,MP,North,707562,5G SA,33965,35.7,11.1,1.05,118.1,False,Microwave
SITE0402907,Punjab,PB,North,265754,4G LTE,20203,46.3,11.2,0.72,96.1,False,Microwave
SITE0402572,Punjab,PB,North,769569,5G SA,16166,28.1,17.8,0.8,114.4,False,Fibre
SITE0400073,Odisha,OR,East,660795,5G NSA,25623,25.5,16.3,0.54,130.1,False,Fibre
SITE0401086,Himachal Pradesh,HP,North,709874,5G SA,2304,56.4,6.8,0.65,53.6,False,Microwave
SITE0401901,Mumbai,MU,West,154110,5G SA,19688,55.7,8.6,1.07,109.3,False,Fibre
SITE0403166,Andhra Pradesh & Telangana,AP,South,395085,4G LTE,4285,34.5,17.5,0.06,56.0,False,Microwave
SITE0402661,Delhi NCR,DL,North,756098,4G LTE,33353,50.0,5.1,0.63,81.4,False,Fibre
SITE0401358,Uttar Pradesh West,UPW,North,775082,5G SA,23413,27.3,14.2,0.39,107.9,False,Microwave
SITE0400090,West Bengal,WB,East,652280,4G LTE,7913,75.8,3.7,0.77,42.3,True,Fibre
SITE0402096,Bihar & Jharkhand,BH,East,762065,4G LTE,28699,65.5,2.5,0.83,91.5,False,Fibre
SITE0400811,North East,NE,East,250436,5G NSA,26279,50.8,5.9,0.68,48.5,False,Fibre
SITE0401435,Maharashtra & Goa,MH,West,469588,5G SA,8473,28.4,8.1,1.43,38.0,False,Fibre
SITE0403366,Uttar Pradesh East,UPE,North,278131,4G LTE,34714,79.9,7.5,0.38,118.5,True,Fibre
SITE0401429,Uttar Pradesh West,UPW,North,304765,5G SA,10945,7.3,14.8,0.52,58.3,False,Fibre
SITE0401535,Andhra Pradesh & Telangana,AP,South,361261,5G NSA,4284,66.3,7.1,0.46,45.7,False,Microwave
SITE0400574,Bihar & Jharkhand,BH,East,444872,5G SA,17309,75.6,-4.3,0.14,99.0,True,Microwave
SITE0401705,Maharashtra & Goa,MH,West,449966,5G NSA,5715,40.5,17.0,0.46,80.9,False,Fibre
SITE0401896,Tamil Nadu,TN,South,220844,5G NSA,18508,23.1,13.8,1.04,123.2,False,Fibre
SITE0401137,Maharashtra & Goa,MH,West,764088,5G SA,22441,50.3,8.1,2.01,117.3,False,Microwave
SITE0402090,Bihar & Jharkhand,BH,East,634765,4G LTE,39775,68.9,15.4,0.51,78.6,False,Fibre
SITE0403012,Mumbai,MU,West,477033,4G LTE,36416,22.6,12.0,0.35,99.4,False,Fibre
SITE0402099,Andhra Pradesh & Telangana,AP,South,250439,5G SA,28014,34.7,9.6,0.38,191.5,False,Fibre
SITE0401555,Mumbai,MU,West,317939,5G NSA,36071,31.2,9.4,0.42,1.5,False,Fibre
SITE0400236,Uttar Pradesh East,UPE,North,496452,5G SA,27386,95.4,4.5,0.73,24.4,True,Fibre
SITE0400847,Haryana,HR,North,118022,4G LTE,38836,34.3,9.1,0.37,71.0,False,Fibre
SITE0400214,Uttar Pradesh East,UPE,North,470337,5G SA,39299,51.2,7.5,0.43,101.2,False,Fibre
SITE0403160,Haryana,HR,North,242145,4G LTE,37880,35.8,9.7,0.86,64.3,False,Fibre
SITE0401395,Maharashtra & Goa,MH,West,430190,5G NSA,28953,32.9,10.6,0.88,63.5,False,Fibre
SITE0401544,Andhra Pradesh & Telangana,AP,South,139210,5G NSA,11650,40.4,12.1,0.05,108.5,False,Fibre
SITE0402231,Madhya Pradesh & Chhattisgarh,MP,North,208978,5G SA,19012,60.0,8.5,0.37,59.1,False,Fibre
SITE0401233,Rajasthan,RJ,North,631859,4G LTE,13896,50.5,14.4,0.23,71.2,False,Fibre
SITE0400815,Tamil Nadu,TN,South,199857,5G NSA,7689,15.0,6.6,1.12,96.1,False,Fibre
SITE0402092,Andhra Pradesh & Telangana,AP,South,559297,5G NSA,13784,19.0,10.9,0.63,89.7,False,Fibre
SITE0402299,Maharashtra & Goa,MH,West,145359,5G SA,32116,66.8,0.9,0.51,105.5,False,Microwave
SITE0400929,Haryana,HR,North,757378,5G SA,4935,65.9,15.5,0.2,63.8,False,Fibre
SITE0400722,Rajasthan,RJ,North,631149,4G LTE,2981,54.6,15.1,0.77,91.9,False,Fibre
SITE0401704,West Bengal,WB,East,260353,5G SA,18691,88.9,-2.8,0.32,90.7,True,Fibre
SITE0403165,Maharashtra & Goa,MH,West,545783,4G LTE,34044,29.3,16.0,0.11,108.9,False,Fibre
SITE0401806,Uttar Pradesh East,UPE,North,819181,5G SA,27691,99.0,1.6,1.29,66.1,True,Microwave
SITE0402495,Punjab,PB,North,731517,4G LTE,1889,73.2,10.2,0.55,18.9,False,Fibre
SITE0402593,West Bengal,WB,East,438078,4G LTE,20832,36.0,6.4,0.12,63.7,False,Fibre
SITE0401272,Maharashtra & Goa,MH,West,143982,4G LTE,33934,36.1,9.7,0.35,86.9,False,Microwave
SITE0401476,North East,NE,East,173112,4G LTE,13648,67.1,10.1,0.1,37.5,False,Fibre
SITE0402581,Gujarat,GJ,West,578147,4G LTE,34789,20.4,14.5,1.23,115.2,False,Fibre
SITE0401044,Uttar Pradesh East,UPE,North,323675,4G LTE,37421,53.1,4.8,0.77,40.6,False,Microwave
SITE0403451,Punjab,PB,North,326780,4G LTE,35598,54.9,13.0,0.87,41.6,False,Microwave
SITE0401514,West Bengal,WB,East,217176,5G SA,18852,49.6,10.1,0.03,32.8,False,Microwave
SITE0402019,Madhya Pradesh & Chhattisgarh,MP,North,153204,4G LTE,8515,46.4,12.5,0.87,58.3,False,Fibre
SITE0401187,Rajasthan,RJ,North,449883,4G LTE,15390,59.0,18.9,0.73,38.9,False,Fibre
SITE0402069,Rajasthan,RJ,North,646813,5G SA,20382,9.9,10.4,0.27,108.6,False,Fibre
SITE0400673,West Bengal,WB,East,633366,4G LTE,29469,61.1,3.0,0.76,124.4,False,Fibre
SITE0403402,Kolkata,KO,East,501416,5G SA,34328,36.5,11.4,0.39,122.3,False,Fibre
SITE0403215,Andhra Pradesh & Telangana,AP,South,850699,5G NSA,10071,32.6,13.5,0.29,66.3,False,Fibre
SITE0402725,Uttar Pradesh East,UPE,North,816097,4G LTE,36581,46.8,8.9,4.31,79.3,False,Fibre
SITE0401586,Karnataka,KA,South,538018,4G LTE,8622,53.6,4.7,0.23,73.3,False,Fibre
SITE0400036,Maharashtra & Goa,MH,West,436904,5G SA,22319,73.6,7.9,0.16,84.3,False,Microwave
SITE0402652,Odisha,OR,East,636003,4G LTE,15340,66.1,5.4,1.53,43.3,False,Fibre
SITE0400892,Uttar Pradesh East,UPE,North,624466,5G NSA,7247,99.0,12.1,1.67,32.6,True,Fibre
SITE0403210,Maharashtra & Goa,MH,West,500137,4G LTE,3321,14.0,7.1,0.27,136.8,False,Microwave
SITE0402805,Maharashtra & Goa,MH,West,163143,5G NSA,12167,24.2,15.1,0.11,57.6,False,Fibre
SITE0402532,Uttar Pradesh West,UPW,North,382897,5G SA,33029,57.4,4.9,0.33,65.8,False,Fibre
SITE0403093,Odisha,OR,East,142089,5G NSA,25048,32.6,16.1,0.55,14.1,False,Fibre
SITE0401580,Haryana,HR,North,650032,4G LTE,3745,69.8,8.7,0.15,71.6,False,Microwave
SITE0403788,Rajasthan,RJ,North,590567,4G LTE,19673,48.7,12.6,0.98,85.2,False,Fibre
SITE0401122,Uttar Pradesh West,UPW,North,737433,5G NSA,36938,26.9,17.7,1.49,168.0,False,Fibre
SITE0402819,Gujarat,GJ,West,317026,5G SA,15000,47.4,9.6,1.24,96.1,False,Fibre
SITE0400053,Kerala,KL,South,179151,5G NSA,6998,32.2,10.5,0.89,84.9,False,Fibre
SITE0402412,Bihar & Jharkhand,BH,East,378014,5G SA,38579,62.4,-3.0,0.8,19.6,False,Fibre
SITE0401337,Uttar Pradesh East,UPE,North,372553,4G LTE,11305,75.3,2.5,0.72,26.6,True,Fibre
SITE0402807,Odisha,OR,East,180849,5G NSA,24488,37.5,1.7,0.54,126.5,False,Fibre
SITE0403614,Uttar Pradesh East,UPE,North,840409,4G LTE,19748,85.0,4.4,0.81,9.0,True,Fibre
SITE0401909,Odisha,OR,East,547337,5G SA,14369,49.4,9.4,0.53,68.7,False,Microwave
SITE0400139,Uttar Pradesh West,UPW,North,132334,4G LTE,17959,30.9,11.7,0.15,65.1,False,Microwave
SITE0403725,Maharashtra & Goa,MH,West,752246,5G SA,14687,41.4,13.0,0.56,85.9,False,Fibre
SITE0401120,Madhya Pradesh & Chhattisgarh,MP,North,601128,4G LTE,42139,20.3,15.6,0.26,83.4,False,Fibre
SITE0401315,Gujarat,GJ,West,631048,5G SA,27025,43.8,-1.2,0.23,50.6,False,Fibre
SITE0401732,Karnataka,KA,South,772953,5G SA,22320,50.9,11.3,0.42,10.3,False,Microwave
SITE0403039,Andhra Pradesh & Telangana,AP,South,633146,5G NSA,25105,65.8,4.8,1.54,56.2,False,Fibre
SITE0400987,Mumbai,MU,West,709573,5G SA,17804,31.0,11.3,0.35,44.7,False,Microwave
SITE0402650,Kolkata,KO,East,799558,4G LTE,38049,38.2,10.6,0.53,87.3,False,Fibre
SITE0402530,Rajasthan,RJ,North,715379,4G LTE,42005,83.5,7.8,0.38,73.1,True,Fibre
SITE0402693,Tamil Nadu,TN,South,479811,4G LTE,11063,40.5,11.3,0.84,76.6,False,Microwave
SITE0400484,Himachal Pradesh,HP,North,706984,4G LTE,14008,44.4,16.8,0.1,131.3,False,Fibre
SITE0401314,Maharashtra & Goa,MH,West,374162,4G LTE,31277,56.7,19.5,0.64,102.0,False,Microwave
SITE0400882,West Bengal,WB,East,438772,5G NSA,14357,45.9,4.0,0.16,43.1,False,Microwave
SITE0401945,Uttar Pradesh East,UPE,North,174309,5G NSA,9342,43.6,17.7,0.37,52.7,False,Fibre
SITE0402394,Rajasthan,RJ,North,226120,4G LTE,6234,14.0,6.1,0.45,60.7,False,Fibre
SITE0400278,Maharashtra & Goa,MH,West,652968,5G SA,42395,60.7,4.0,0.22,105.0,False,Fibre
SITE0401134,Bihar & Jharkhand,BH,East,649746,5G SA,18677,61.8,13.3,0.12,91.3,False,Fibre
SITE0402742,Uttar Pradesh West,UPW,North,803129,4G LTE,7145,30.7,7.6,1.85,49.5,False,Fibre
SITE0403618,Bihar & Jharkhand,BH,East,634694,4G LTE,15854,59.7,9.1,0.2,82.2,False,Fibre
SITE0401898,Uttar Pradesh East,UPE,North,674064,5G SA,26214,76.4,15.0,1.07,59.2,True,Microwave
SITE0401342,Madhya Pradesh & Chhattisgarh,MP,North,311048,5G SA,15249,92.5,7.5,0.37,55.4,True,Fibre
SITE0403134,Andhra Pradesh & Telangana,AP,South,270007,5G NSA,28040,71.2,2.2,0.69,66.1,False,Fibre
SITE0402737,Andhra Pradesh & Telangana,AP,South,295281,4G LTE,35727,51.8,16.4,0.65,36.0,False,Fibre
SITE0400569,Tamil Nadu,TN,South,248757,4G LTE,18119,28.0,5.0,0.22,117.1,False,Microwave
SITE0402123,Punjab,PB,North,623917,4G LTE,11293,11.7,5.4,0.17,29.8,False,Fibre
SITE0403784,Kerala,KL,South,239632,5G SA,13634,47.3,9.5,0.35,169.0,False,Fibre
SITE0403478,Andhra Pradesh & Telangana,AP,South,654515,5G SA,15453,25.1,14.2,0.89,71.1,False,Microwave
SITE0400087,Tamil Nadu,TN,South,194739,4G LTE,37960,17.0,11.7,0.58,82.5,False,Microwave
SITE0400826,Gujarat,GJ,West,850654,5G NSA,2745,55.0,8.8,0.32,88.6,False,Fibre
SITE0401455,Assam,AS,East,511182,5G SA,27574,64.5,7.2,0.34,51.6,False,Microwave
SITE0403272,Uttar Pradesh East,UPE,North,322115,5G SA,19958,76.3,-1.6,0.45,52.6,True,Microwave
SITE0401487,Gujarat,GJ,West,677515,5G NSA,37607,69.9,18.0,0.27,108.5,False,Fibre
SITE0401391,Karnataka,KA,South,854958,4G LTE,13413,36.5,7.6,0.17,106.8,False,Fibre
SITE0400476,Kerala,KL,South,697343,5G SA,42205,55.5,10.1,1.62,46.2,False,Fibre
SITE0400632,Punjab,PB,North,703265,5G NSA,14669,70.4,6.6,0.22,94.7,False,Microwave
SITE0400379,Bihar & Jharkhand,BH,East,823677,5G SA,34266,47.6,2.9,0.97,75.6,False,Fibre
SITE0402324,Karnataka,KA,South,737656,5G SA,35689,28.5,16.6,0.11,86.3,False,Fibre
SITE0401105,Tamil Nadu,TN,South,653400,4G LTE,34656,43.1,3.8,0.65,63.6,False,Fibre
SITE0400506,Delhi NCR,DL,North,286596,4G LTE,23200,42.6,16.7,0.35,67.2,False,Fibre
SITE0400658,Uttar Pradesh West,UPW,North,842720,4G LTE,33566,73.0,5.5,0.8,75.0,False,Fibre
SITE0401051,Kerala,KL,South,724178,5G NSA,6561,39.0,2.8,0.22,111.1,False,Fibre
SITE0402227,Maharashtra & Goa,MH,West,836375,5G NSA,26718,46.3,15.7,0.29,86.7,False,Fibre
SITE0400370,Gujarat,GJ,West,574607,4G LTE,21211,44.5,15.9,1.25,66.0,False,Microwave
SITE0403109,Punjab,PB,North,338762,5G SA,14668,85.5,10.0,0.72,61.4,True,Microwave
SITE0402921,Assam,AS,East,768237,4G LTE,22988,11.7,6.7,0.52,73.4,False,Microwave
SITE0402936,Rajasthan,RJ,North,698013,4G LTE,40381,40.5,14.7,0.33,141.7,False,Fibre
SITE0400764,Bihar & Jharkhand,BH,East,620727,4G LTE,39722,90.5,1.2,0.23,59.9,True,Microwave
SITE0401050,Tamil Nadu,TN,South,219628,5G SA,7546,9.9,6.3,0.17,43.6,False,Microwave
SITE0400978,Andhra Pradesh & Telangana,AP,South,565516,4G LTE,40504,55.7,4.3,0.64,54.6,False,Fibre
SITE0402116,Tamil Nadu,TN,South,830364,5G NSA,11293,41.2,14.6,0.3,102.8,False,Microwave
SITE0403096,Tamil Nadu,TN,South,324449,5G NSA,34702,20.8,14.2,0.11,55.5,False,Fibre
SITE0401908,Maharashtra & Goa,MH,West,222885,5G SA,32802,50.6,9.9,0.55,90.0,False,Fibre
SITE0402658,Kerala,KL,South,762419,4G LTE,1904,54.9,14.6,0.34,151.7,False,Microwave
SITE0400911,Gujarat,GJ,West,388329,4G LTE,22753,76.2,1.0,0.33,79.7,True,Microwave
SITE0403751,Karnataka,KA,South,835021,4G LTE,32541,53.8,10.3,0.07,86.4,False,Fibre
SITE0401132,Rajasthan,RJ,North,363181,5G NSA,7865,55.5,10.8,0.32,64.8,False,Fibre
SITE0402456,Maharashtra & Goa,MH,West,767296,5G NSA,11049,36.2,6.1,0.85,23.4,False,Fibre
SITE0403010,Uttar Pradesh West,UPW,North,714962,4G LTE,13518,36.3,20.4,0.09,82.0,False,Fibre
SITE0401427,Uttar Pradesh East,UPE,North,515352,5G SA,32293,25.7,10.2,0.72,94.9,False,Fibre
SITE0402411,Andhra Pradesh & Telangana,AP,South,806088,5G SA,18293,11.3,14.5,0.56,46.8,False,Fibre
SITE0401164,Tamil Nadu,TN,South,478828,5G NSA,37106,23.2,12.2,0.58,16.2,False,Fibre
SITE0402170,Madhya Pradesh & Chhattisgarh,MP,North,766934,4G LTE,25380,51.2,7.1,0.22,47.9,False,Fibre
SITE0401788,Bihar & Jharkhand,BH,East,346341,5G NSA,11271,79.2,6.7,0.43,58.9,True,Fibre
SITE0400973,Uttar Pradesh West,UPW,North,218572,4G LTE,34805,93.1,8.4,0.38,103.9,True,Fibre
SITE0401178,Tamil Nadu,TN,South,646870,5G NSA,15306,26.6,7.3,0.14,122.3,False,Fibre
SITE0402854,Bihar & Jharkhand,BH,East,740470,4G LTE,38111,82.7,12.5,0.31,60.8,True,Microwave
SITE0400674,Haryana,HR,North,791447,4G LTE,41728,52.6,0.6,0.71,70.3,False,Fibre
SITE0401600,Karnataka,KA,South,715975,5G SA,23898,47.0,7.1,0.53,87.1,False,Fibre
SITE0403389,Haryana,HR,North,790011,4G LTE,18093,11.6,17.6,0.57,132.9,False,Microwave
SITE0402702,Maharashtra & Goa,MH,West,328006,5G SA,10016,50.9,8.7,0.54,76.8,False,Fibre
SITE0401963,Odisha,OR,East,817887,5G NSA,29387,67.6,9.7,0.12,62.3,False,Fibre
SITE0402796,Rajasthan,RJ,North,324227,5G SA,19918,74.1,-1.5,0.37,56.9,True,Microwave
SITE0403575,Mumbai,MU,West,139038,4G LTE,23587,32.4,12.3,0.13,108.6,False,Microwave
SITE0402417,Tamil Nadu,TN,South,622915,5G SA,28139,59.0,7.6,0.41,39.5,False,Microwave
SITE0403217,West Bengal,WB,East,344343,5G NSA,10670,38.4,12.6,0.24,69.6,False,Fibre
SITE0401595,Haryana,HR,North,417806,4G LTE,37113,59.9,11.5,0.19,92.9,False,Fibre
SITE0402813,Uttar Pradesh East,UPE,North,772714,4G LTE,18042,57.4,-0.9,1.54,92.7,False,Fibre
SITE0401448,Odisha,OR,East,770239,5G SA,23938,43.5,9.9,0.73,88.6,False,Fibre
SITE0402677,Karnataka,KA,South,500838,4G LTE,21263,27.6,3.6,0.22,133.5,False,Fibre
SITE0401401,Maharashtra & Goa,MH,West,120939,5G SA,42367,54.7,15.1,0.94,89.8,False,Fibre
SITE0400879,Delhi NCR,DL,North,380368,5G SA,35970,7.2,18.2,0.36,39.1,False,Fibre
SITE0400642,Mumbai,MU,West,664940,4G LTE,5434,10.4,9.6,0.44,89.4,False,Microwave
SITE0401030,Rajasthan,RJ,North,680194,4G LTE,7714,43.0,10.7,0.68,55.4,False,Fibre
SITE0403092,Madhya Pradesh & Chhattisgarh,MP,North,512873,4G LTE,10221,66.5,-0.2,0.44,44.6,False,Fibre
SITE0400878,West Bengal,WB,East,693241,4G LTE,4688,59.5,13.8,0.06,83.2,False,Fibre
SITE0402462,Andhra Pradesh & Telangana,AP,South,579912,5G SA,37321,27.0,9.9,0.08,62.5,False,Microwave
SITE0402246,Bihar & Jharkhand,BH,East,306484,5G SA,7055,24.2,5.7,0.19,36.7,False,Fibre
SITE0401002,Rajasthan,RJ,North,421351,4G LTE,21826,45.3,11.4,0.15,29.6,False,Fibre
SITE0402003,Andhra Pradesh & Telangana,AP,South,339770,5G NSA,13204,74.1,2.1,0.27,102.7,True,Fibre
SITE0401154,Kolkata,KO,East,685523,5G SA,34855,33.6,13.4,0.32,64.7,False,Microwave
SITE0401388,Bihar & Jharkhand,BH,East,664334,5G SA,5950,59.0,6.0,1.04,106.6,False,Fibre
SITE0403026,Rajasthan,RJ,North,816417,5G SA,23042,39.5,6.9,0.14,98.2,False,Microwave
SITE0403715,Uttar Pradesh West,UPW,North,292998,5G SA,40541,59.5,6.7,0.62,65.9,False,Fibre
SITE0401690,Uttar Pradesh West,UPW,North,351801,5G SA,41209,61.2,12.0,0.75,33.5,False,Fibre
SITE0400634,Tamil Nadu,TN,South,150718,5G NSA,2603,43.9,11.4,1.08,84.6,False,Fibre
SITE0402191,Maharashtra & Goa,MH,West,170062,5G SA,39444,49.9,7.9,0.12,80.0,False,Fibre
SITE0403775,Uttar Pradesh West,UPW,North,341216,5G NSA,30826,83.3,4.7,2.1,119.9,True,Microwave
SITE0400622,Andhra Pradesh & Telangana,AP,South,842319,4G LTE,29949,62.6,7.0,0.08,32.7,False,Fibre
SITE0400167,Kolkata,KO,East,211255,4G LTE,38863,45.6,7.5,0.14,102.3,False,Microwave
SITE0401215,Uttar Pradesh East,UPE,North,566311,5G NSA,3314,45.3,7.2,1.04,84.6,False,Fibre
SITE0401408,Tamil Nadu,TN,South,591640,4G LTE,29209,54.4,13.1,0.36,69.6,False,Fibre
SITE0402174,Punjab,PB,North,292555,5G SA,40594,80.0,13.0,0.88,102.1,True,Fibre
SITE0401727,Bihar & Jharkhand,BH,East,201927,4G LTE,18855,60.5,5.8,0.48,103.6,False,Fibre
SITE0401114,Maharashtra & Goa,MH,West,136039,4G LTE,36219,48.1,3.3,0.76,94.3,False,Fibre
SITE0403581,Bihar & Jharkhand,BH,East,678774,5G SA,28839,61.7,7.0,0.9,76.4,False,Microwave
SITE0402471,Delhi NCR,DL,North,284887,4G LTE,31874,43.7,8.9,0.26,73.1,False,Microwave
SITE0401403,Jammu & Kashmir,JK,North,462410,4G LTE,40220,37.2,3.9,0.42,50.4,False,Fibre
SITE0403515,Madhya Pradesh & Chhattisgarh,MP,North,205027,5G SA,7364,67.2,9.5,0.44,107.9,False,Fibre
SITE0403735,Odisha,OR,East,722021,5G SA,18327,63.9,7.1,1.13,42.7,False,Fibre
SITE0401221,Madhya Pradesh & Chhattisgarh,MP,North,194547,5G SA,9061,64.6,8.4,0.33,106.5,False,Fibre
SITE0401589,Mumbai,MU,West,528762,5G SA,37494,29.1,12.2,0.02,71.9,False,Fibre
SITE0400369,Karnataka,KA,South,846200,4G LTE,6030,14.7,10.3,0.25,138.0,False,Fibre
SITE0401894,Kerala,KL,South,741967,4G LTE,30224,46.4,4.2,0.68,114.9,False,Fibre
SITE0402446,Mumbai,MU,West,456260,5G SA,40569,32.5,19.2,0.21,78.0,False,Fibre
SITE0402044,Himachal Pradesh,HP,North,783344,5G SA,29070,56.9,12.6,0.58,110.0,False,Fibre
SITE0400542,Rajasthan,RJ,North,759345,5G SA,28649,32.3,11.0,0.13,104.9,False,Fibre
SITE0401353,Tamil Nadu,TN,South,321372,4G LTE,34965,70.3,10.3,0.55,67.3,False,Fibre
SITE0400195,Tamil Nadu,TN,South,610945,5G NSA,30877,73.0,7.4,0.86,101.3,False,Fibre
SITE0403256,Madhya Pradesh & Chhattisgarh,MP,North,623842,5G SA,21638,55.2,17.1,0.31,95.0,False,Fibre
SITE0401929,Rajasthan,RJ,North,831566,5G NSA,20603,65.6,2.5,0.77,86.6,False,Fibre
SITE0403815,Maharashtra & Goa,MH,West,771818,4G LTE,4593,44.7,5.5,0.21,75.1,False,Fibre
SITE0401710,Andhra Pradesh & Telangana,AP,South,806129,4G LTE,30148,48.8,10.3,0.7,59.5,False,Microwave
SITE0403821,Madhya Pradesh & Chhattisgarh,MP,North,276334,5G SA,6926,95.9,1.5,0.93,12.2,True,Fibre
SITE0400743,Madhya Pradesh & Chhattisgarh,MP,North,775127,5G SA,14400,98.7,6.6,0.56,58.2,True,Fibre
SITE0400687,Bihar & Jharkhand,BH,East,116528,5G NSA,22265,23.1,12.8,0.19,82.5,False,Fibre
SITE0400310,Kolkata,KO,East,234505,4G LTE,3697,49.0,8.3,0.35,52.5,False,Fibre
SITE0403155,West Bengal,WB,East,301739,5G SA,20705,35.7,8.7,0.49,97.3,False,Microwave
SITE0400131,Maharashtra & Goa,MH,West,362226,4G LTE,11347,52.6,1.7,0.2,85.1,False,Microwave
SITE0402094,Mumbai,MU,West,134453,4G LTE,9162,41.4,3.1,0.83,90.7,False,Fibre
SITE0402589,Uttar Pradesh East,UPE,North,681863,5G SA,18575,72.0,5.0,2.62,77.9,False,Fibre
SITE0402686,Tamil Nadu,TN,South,595814,5G SA,9976,45.5,11.9,0.42,83.7,False,Fibre
SITE0401267,Madhya Pradesh & Chhattisgarh,MP,North,268849,5G SA,13343,68.9,14.3,1.02,116.3,False,Fibre
SITE0403797,Tamil Nadu,TN,South,194429,4G LTE,32979,23.9,11.3,0.63,96.9,False,Microwave
SITE0403568,Rajasthan,RJ,North,264297,4G LTE,6513,59.4,6.2,0.03,86.6,False,Fibre
SITE0401695,Rajasthan,RJ,North,620652,4G LTE,31917,52.1,13.7,0.78,92.4,False,Fibre
SITE0403078,Uttar Pradesh East,UPE,North,261765,5G NSA,37983,17.6,7.6,0.24,91.9,False,Fibre
SITE0401341,Uttar Pradesh East,UPE,North,636568,4G LTE,23915,41.0,8.4,0.22,128.5,False,Microwave
SITE0403308,Uttar Pradesh West,UPW,North,363951,5G NSA,7504,64.9,11.1,0.58,67.8,False,Fibre
SITE0403742,Karnataka,KA,South,566411,5G SA,20226,54.4,7.5,0.17,86.8,False,Fibre
SITE0401892,West Bengal,WB,East,533000,4G LTE,9587,42.1,5.0,1.11,100.0,False,Fibre
SITE0403663,Madhya Pradesh & Chhattisgarh,MP,North,719670,5G SA,2787,91.7,7.2,0.97,64.1,True,Fibre
SITE0400471,Maharashtra & Goa,MH,West,336470,4G LTE,35554,77.0,6.6,0.57,63.9,True,Fibre
SITE0403130,Karnataka,KA,South,189478,5G SA,2868,42.7,11.2,0.3,32.8,False,Fibre
SITE0401454,Maharashtra & Goa,MH,West,708279,4G LTE,37169,39.4,12.9,0.47,87.0,False,Microwave
SITE0402261,West Bengal,WB,East,443498,4G LTE,26087,52.4,3.4,0.4,53.0,False,Microwave
SITE0401782,Delhi NCR,DL,North,456746,5G NSA,36403,20.6,13.6,0.7,73.2,False,Fibre
SITE0402717,West Bengal,WB,East,469308,4G LTE,21456,20.6,15.7,1.39,112.0,False,Microwave
SITE0401851,West Bengal,WB,East,439521,4G LTE,13521,57.9,-3.0,0.62,98.7,False,Fibre
SITE0403060,Karnataka,KA,South,558213,4G LTE,41720,40.9,9.3,0.3,112.2,False,Fibre
SITE0400833,Bihar & Jharkhand,BH,East,196836,4G LTE,34225,57.2,8.2,2.13,85.5,False,Fibre
SITE0403408,Bihar & Jharkhand,BH,East,450850,5G NSA,18141,28.8,4.4,1.05,54.1,False,Fibre
SITE0401632,Karnataka,KA,South,807915,4G LTE,14674,59.6,4.2,0.79,148.0,False,Fibre
SITE0401410,Uttar Pradesh East,UPE,North,819587,5G SA,28643,65.6,5.1,0.85,122.8,False,Microwave
SITE0400488,Himachal Pradesh,HP,North,615494,4G LTE,14346,18.6,10.8,0.04,118.5,False,Fibre
SITE0402355,Karnataka,KA,South,641528,4G LTE,38544,18.0,16.4,0.37,75.7,False,Fibre
SITE0403003,Maharashtra & Goa,MH,West,306929,4G LTE,32067,31.7,6.3,0.69,102.0,False,Fibre
SITE0401320,Tamil Nadu,TN,South,821490,4G LTE,31048,13.2,11.3,0.23,114.6,False,Microwave
SITE0400888,West Bengal,WB,East,137578,4G LTE,35363,15.1,12.0,0.46,10.6,False,Fibre
SITE0401674,West Bengal,WB,East,635528,5G SA,32494,33.5,4.0,1.56,100.2,False,Microwave
SITE0401939,Maharashtra & Goa,MH,West,204373,5G SA,27142,31.2,8.7,0.46,64.1,False,Fibre
SITE0400708,Kolkata,KO,East,272914,4G LTE,16368,6.9,14.0,1.13,86.4,False,Microwave
SITE0401085,Kerala,KL,South,801489,4G LTE,39475,57.7,2.0,0.19,69.2,False,Microwave
SITE0403162,West Bengal,WB,East,264975,4G LTE,33680,62.5,11.6,0.19,68.9,False,Fibre
SITE0401417,Andhra Pradesh & Telangana,AP,South,784993,4G LTE,2458,48.4,10.1,0.17,88.5,False,Fibre
SITE0401093,Assam,AS,East,328150,4G LTE,27338,71.1,8.2,0.24,69.6,False,Fibre
SITE0401203,Karnataka,KA,South,352369,4G LTE,29924,35.8,5.9,1.7,65.8,False,Fibre
SITE0402488,Bihar & Jharkhand,BH,East,540670,5G NSA,26070,62.4,13.2,0.3,99.2,False,Fibre
SITE0401684,Haryana,HR,North,150795,5G NSA,28522,21.5,8.6,1.56,81.0,False,Fibre
SITE0401771,Gujarat,GJ,West,113961,5G SA,17932,51.2,9.3,0.57,87.4,False,Fibre
SITE0403433,Rajasthan,RJ,North,239429,5G SA,29470,53.8,2.0,0.34,101.5,False,Fibre
SITE0403527,Punjab,PB,North,416025,5G NSA,31018,71.8,2.4,0.48,68.3,False,Fibre
SITE0401659,Maharashtra & Goa,MH,West,677641,4G LTE,5975,81.5,3.7,0.37,81.0,True,Fibre
SITE0400710,Kolkata,KO,East,243539,5G SA,22896,31.2,5.7,0.28,38.0,False,Fibre
SITE0402804,Maharashtra & Goa,MH,West,560700,5G NSA,29934,13.9,8.1,0.13,101.7,False,Fibre
SITE0403049,Madhya Pradesh & Chhattisgarh,MP,North,391116,4G LTE,10922,79.8,8.0,2.3,73.2,True,Fibre
SITE0400566,Madhya Pradesh & Chhattisgarh,MP,North,252980,5G NSA,14444,53.8,11.0,0.36,74.2,False,Fibre
SITE0401021,Uttar Pradesh East,UPE,North,592248,4G LTE,22459,45.3,2.7,0.18,59.9,False,Fibre
SITE0400540,Madhya Pradesh & Chhattisgarh,MP,North,534027,5G SA,15213,33.9,15.4,0.53,74.9,False,Fibre
SITE0402147,Andhra Pradesh & Telangana,AP,South,167812,4G LTE,33236,9.8,4.4,0.59,59.7,False,Fibre
SITE0401491,Tamil Nadu,TN,South,315491,5G NSA,1943,22.2,8.1,0.41,126.6,False,Microwave
SITE0400420,Maharashtra & Goa,MH,West,738747,4G LTE,35585,61.1,8.1,0.27,63.9,False,Fibre
SITE0403707,Madhya Pradesh & Chhattisgarh,MP,North,757262,5G NSA,20172,92.5,-2.1,1.29,58.5,True,Fibre
SITE0401328,Andhra Pradesh & Telangana,AP,South,306705,5G NSA,15918,29.9,12.5,0.13,78.2,False,Fibre
SITE0402289,Kolkata,KO,East,436123,5G NSA,10101,52.3,9.3,0.84,86.0,False,Fibre
SITE0400232,Delhi NCR,DL,North,306931,5G SA,8168,28.7,9.0,0.69,47.4,False,Fibre
SITE0400795,Maharashtra & Goa,MH,West,297576,4G LTE,14973,31.2,13.7,0.08,77.7,False,Fibre
SITE0402961,West Bengal,WB,East,683312,4G LTE,26843,34.2,10.0,0.56,53.7,False,Fibre
SITE0402818,Delhi NCR,DL,North,683064,5G NSA,5111,32.6,4.9,0.01,150.4,False,Fibre
SITE0402432,Odisha,OR,East,583578,5G NSA,7133,33.2,5.0,0.28,58.3,False,Fibre
SITE0400168,West Bengal,WB,East,614477,4G LTE,39358,46.7,2.8,0.48,65.0,False,Fibre
SITE0402272,Maharashtra & Goa,MH,West,179957,5G SA,40244,39.3,9.6,0.34,83.8,False,Fibre
SITE0402357,Karnataka,KA,South,301458,4G LTE,36976,19.0,10.4,0.7,108.4,False,Fibre
SITE0400467,Mumbai,MU,West,281202,4G LTE,20521,8.6,13.6,0.33,133.0,False,Fibre
SITE0402501,Maharashtra & Goa,MH,West,623550,4G LTE,4126,48.8,7.1,0.22,116.2,False,Microwave
SITE0400859,Odisha,OR,East,445324,5G NSA,17343,66.9,4.5,0.75,21.9,False,Fibre
SITE0403495,Uttar Pradesh East,UPE,North,385294,5G NSA,17466,45.6,10.6,0.97,31.0,False,Fibre
SITE0400986,North East,NE,East,203897,4G LTE,16893,48.1,15.3,0.1,109.9,False,Fibre
SITE0402220,Bihar & Jharkhand,BH,East,663191,5G SA,22070,27.7,16.7,0.05,117.4,False,Fibre
SITE0402635,Bihar & Jharkhand,BH,East,651873,5G NSA,19085,26.9,12.5,1.51,83.3,False,Fibre
SITE0403558,Bihar & Jharkhand,BH,East,740865,4G LTE,38933,55.8,9.1,0.37,58.4,False,Fibre
SITE0402534,Maharashtra & Goa,MH,West,560335,5G NSA,18496,21.2,13.8,0.35,135.2,False,Microwave
SITE0403032,Haryana,HR,North,845604,5G SA,41399,16.3,14.6,0.19,58.9,False,Fibre
SITE0403594,Assam,AS,East,207053,5G SA,11690,33.9,18.5,0.22,16.6,False,Fibre
SITE0400904,Maharashtra & Goa,MH,West,754669,5G SA,28041,48.6,8.8,0.32,83.0,False,Microwave
SITE0400279,Haryana,HR,North,371376,5G SA,33171,69.3,4.6,0.43,77.3,False,Fibre
SITE0401743,Tamil Nadu,TN,South,216598,5G SA,35666,11.5,13.3,0.71,121.7,False,Microwave
SITE0401754,Kerala,KL,South,355968,5G NSA,14017,22.7,14.3,0.81,117.8,False,Fibre
SITE0402451,Rajasthan,RJ,North,626681,5G SA,33169,82.7,2.6,0.29,94.0,True,Fibre
SITE0402274,West Bengal,WB,East,519753,5G SA,12018,24.8,12.1,1.15,53.3,False,Fibre
SITE0403482,Kerala,KL,South,193100,5G NSA,31332,46.8,9.4,0.27,69.2,False,Microwave
SITE0403259,Madhya Pradesh & Chhattisgarh,MP,North,485185,4G LTE,24326,43.1,10.6,0.22,98.8,False,Fibre
SITE0402016,Tamil Nadu,TN,South,842800,5G NSA,7609,19.0,18.1,0.2,94.9,False,Microwave
SITE0401225,Tamil Nadu,TN,South,797786,5G SA,27953,41.4,16.5,0.4,51.0,False,Fibre
SITE0400896,Mumbai,MU,West,239425,5G NSA,28516,43.1,8.9,0.43,113.6,False,Microwave
SITE0401026,Haryana,HR,North,180543,5G NSA,23048,49.8,7.9,0.77,27.9,False,Fibre
SITE0401524,Uttar Pradesh East,UPE,North,474339,5G NSA,29906,36.7,15.4,0.82,88.5,False,Fibre
SITE0402399,Odisha,OR,East,768208,4G LTE,37947,37.3,8.8,0.19,98.7,False,Fibre
SITE0400555,Maharashtra & Goa,MH,West,687168,5G SA,27460,21.8,11.4,0.33,155.4,False,Fibre
SITE0400207,Karnataka,KA,South,482103,5G SA,10522,53.3,12.5,1.19,49.8,False,Fibre
SITE0401179,Haryana,HR,North,150762,4G LTE,37261,68.4,9.6,0.7,92.0,False,Fibre
SITE0402009,Uttar Pradesh East,UPE,North,458488,5G NSA,37541,70.6,-1.0,0.69,92.8,False,Fibre
SITE0400818,Bihar & Jharkhand,BH,East,295849,4G LTE,32408,17.8,7.6,1.13,57.9,False,Fibre
SITE0403524,Karnataka,KA,South,701792,4G LTE,23987,51.4,13.9,0.37,16.0,False,Fibre
SITE0402587,Andhra Pradesh & Telangana,AP,South,703843,5G SA,17355,37.9,7.5,0.23,76.7,False,Microwave
SITE0403610,Rajasthan,RJ,North,144121,5G SA,2435,4.3,15.2,1.51,132.2,False,Fibre
SITE0401112,West Bengal,WB,East,271139,5G NSA,19349,30.3,13.9,0.37,143.7,False,Fibre
SITE0403011,West Bengal,WB,East,431355,5G SA,24148,45.8,9.6,0.8,61.6,False,Fibre
SITE0403762,Maharashtra & Goa,MH,West,672442,5G SA,36863,24.7,14.2,0.6,59.0,False,Fibre
SITE0401949,Assam,AS,East,692438,4G LTE,11486,96.4,3.3,0.41,53.3,True,Fibre
SITE0400510,Tamil Nadu,TN,South,452375,4G LTE,37098,26.4,11.6,1.4,56.8,False,Fibre
SITE0402187,Mumbai,MU,West,123119,5G NSA,34029,45.2,14.5,0.25,92.2,False,Microwave
SITE0403198,Mumbai,MU,West,659515,4G LTE,39889,19.5,8.3,0.23,56.1,False,Microwave
SITE0400630,Kerala,KL,South,720662,5G NSA,18380,28.3,0.8,0.39,84.7,False,Fibre
SITE0403756,Maharashtra & Goa,MH,West,251212,5G SA,7921,33.8,13.9,0.28,82.3,False,Fibre
SITE0400646,Assam,AS,East,770497,5G SA,8148,29.4,6.6,0.15,32.1,False,Fibre
SITE0401176,Karnataka,KA,South,698569,5G NSA,10554,40.1,14.3,0.69,71.9,False,Microwave
SITE0400958,Andhra Pradesh & Telangana,AP,South,509277,4G LTE,11235,52.7,12.6,1.05,128.9,False,Fibre
SITE0402648,Maharashtra & Goa,MH,West,645065,4G LTE,31651,10.3,12.7,0.46,129.2,False,Fibre
SITE0402956,Rajasthan,RJ,North,344936,5G NSA,23955,31.8,0.9,0.97,98.3,False,Microwave
SITE0402336,Rajasthan,RJ,North,567543,4G LTE,19901,30.1,14.4,0.61,74.9,False,Fibre
SITE0400066,Kerala,KL,South,605266,4G LTE,6322,29.8,18.1,0.28,70.2,False,Fibre
SITE0402633,Uttar Pradesh West,UPW,North,763770,5G SA,2930,13.4,11.2,0.4,56.8,False,Fibre
SITE0403276,Tamil Nadu,TN,South,794681,5G SA,30978,43.4,3.2,0.61,61.1,False,Fibre
SITE0402309,Uttar Pradesh West,UPW,North,356592,5G SA,14238,60.0,10.8,0.42,54.8,False,Fibre
SITE0402296,Maharashtra & Goa,MH,West,568751,5G SA,16825,42.6,8.4,0.2,74.4,False,Microwave
SITE0401539,Gujarat,GJ,West,166956,4G LTE,35329,30.6,11.5,0.66,98.0,False,Fibre
SITE0400954,Maharashtra & Goa,MH,West,507342,4G LTE,39108,33.3,4.3,0.62,106.1,False,Fibre
SITE0402913,Maharashtra & Goa,MH,West,397013,5G SA,17167,35.7,6.3,0.16,128.7,False,Fibre
SITE0401951,Uttar Pradesh East,UPE,North,607049,5G SA,16571,99.0,9.8,1.32,31.9,True,Fibre
SITE0402267,West Bengal,WB,East,767751,4G LTE,34723,45.6,8.8,0.21,59.4,False,Fibre
SITE0403626,Gujarat,GJ,West,251531,4G LTE,40554,40.1,6.0,0.6,17.5,False,Fibre
SITE0400323,Gujarat,GJ,West,271045,4G LTE,10635,67.0,6.3,0.83,57.2,False,Fibre
SITE0402865,Bihar & Jharkhand,BH,East,841160,5G SA,41343,31.7,7.9,0.75,37.8,False,Fibre
SITE0401787,Gujarat,GJ,West,755050,4G LTE,25007,49.4,13.7,0.18,60.9,False,Microwave
SITE0403025,Rajasthan,RJ,North,631233,5G SA,10927,55.2,7.1,0.05,49.8,False,Microwave
SITE0402196,Rajasthan,RJ,North,800595,4G LTE,25730,66.1,2.8,0.39,62.5,False,Fibre
SITE0401703,Madhya Pradesh & Chhattisgarh,MP,North,689777,5G SA,33705,6.4,15.2,0.97,114.6,False,Microwave
SITE0403741,West Bengal,WB,East,682146,5G SA,9066,88.9,3.9,0.75,51.5,True,Fibre
SITE0401725,West Bengal,WB,East,266845,4G LTE,18072,44.9,12.9,0.14,109.9,False,Fibre
SITE0403656,Karnataka,KA,South,829873,5G SA,27049,14.2,10.5,0.55,100.8,False,Microwave
SITE0400022,Kerala,KL,South,521688,4G LTE,17876,60.6,15.0,0.6,51.3,False,Fibre
SITE0403175,Tamil Nadu,TN,South,783324,4G LTE,31609,35.9,12.1,0.16,102.0,False,Fibre
SITE0402270,Tamil Nadu,TN,South,730643,5G SA,37853,44.6,4.2,0.29,102.6,False,Microwave
SITE0403338,Bihar & Jharkhand,BH,East,787379,4G LTE,2025,99.0,7.0,0.75,69.4,True,Fibre
SITE0402719,Rajasthan,RJ,North,442352,4G LTE,31398,74.4,8.9,1.16,43.3,True,Microwave
SITE0403547,Mumbai,MU,West,250973,4G LTE,37699,17.0,10.9,0.9,69.3,False,Microwave
SITE0401964,Madhya Pradesh & Chhattisgarh,MP,North,461166,5G SA,12940,87.5,4.4,1.08,73.4,True,Fibre
SITE0400671,Punjab,PB,North,661141,5G SA,16134,48.8,8.0,0.17,1.5,False,Fibre
SITE0402134,Haryana,HR,North,479029,5G NSA,15048,46.4,10.3,0.39,80.5,False,Fibre
SITE0402331,Andhra Pradesh & Telangana,AP,South,292866,4G LTE,12526,51.6,8.0,0.42,86.1,False,Microwave
SITE0400152,Haryana,HR,North,451434,5G SA,28261,26.7,10.0,0.51,21.4,False,Fibre
SITE0400715,Madhya Pradesh & Chhattisgarh,MP,North,357315,4G LTE,25906,67.1,4.7,0.47,83.8,False,Fibre
SITE0400754,Madhya Pradesh & Chhattisgarh,MP,North,363474,5G NSA,36651,52.5,16.3,0.17,113.7,False,Fibre
SITE0401004,Andhra Pradesh & Telangana,AP,South,314922,5G SA,10121,64.6,6.3,0.23,126.5,False,Fibre
SITE0400038,West Bengal,WB,East,387977,5G NSA,12503,29.6,7.6,0.45,105.0,False,Fibre
SITE0400809,Madhya Pradesh & Chhattisgarh,MP,North,156704,5G SA,32713,51.2,12.3,0.72,92.2,False,Fibre
SITE0401639,Karnataka,KA,South,713594,4G LTE,3741,33.2,9.2,0.39,81.3,False,Microwave
SITE0401092,Uttar Pradesh East,UPE,North,343693,5G SA,32304,16.5,17.9,2.03,87.8,False,Fibre
SITE0403713,Gujarat,GJ,West,257538,5G NSA,37615,53.8,8.5,0.27,102.5,False,Fibre
SITE0402083,Gujarat,GJ,West,192991,5G SA,23055,40.4,15.8,0.29,81.6,False,Fibre
SITE0403233,Madhya Pradesh & Chhattisgarh,MP,North,146345,5G SA,35909,44.2,6.9,1.17,92.2,False,Fibre
SITE0403374,Madhya Pradesh & Chhattisgarh,MP,North,608722,4G LTE,20051,99.0,8.6,0.84,56.4,True,Fibre
SITE0403353,Jammu & Kashmir,JK,North,681760,5G SA,35978,74.1,11.7,0.15,72.9,True,Fibre
SITE0403487,Odisha,OR,East,689948,5G SA,8469,54.0,8.7,1.23,73.4,False,Fibre
SITE0400459,Gujarat,GJ,West,531713,5G SA,16698,15.6,16.2,0.21,58.1,False,Fibre
SITE0402486,Uttar Pradesh West,UPW,North,111758,4G LTE,30823,32.1,9.2,0.38,76.2,False,Microwave
SITE0400293,Maharashtra & Goa,MH,West,357594,5G NSA,28599,8.5,18.4,1.19,129.2,False,Fibre
SITE0402084,West Bengal,WB,East,456874,4G LTE,12866,33.3,9.9,0.14,67.7,False,Microwave
SITE0400902,Madhya Pradesh & Chhattisgarh,MP,North,740805,5G SA,2831,64.1,10.1,1.28,36.8,False,Fibre
SITE0403240,Rajasthan,RJ,North,346256,4G LTE,8453,61.1,8.0,0.27,50.2,False,Fibre
SITE0401465,Rajasthan,RJ,North,286177,5G NSA,39959,18.4,7.7,0.63,93.1,False,Fibre
SITE0403007,Bihar & Jharkhand,BH,East,377832,4G LTE,3994,58.0,13.4,0.19,112.3,False,Fibre
SITE0403648,Maharashtra & Goa,MH,West,843854,5G SA,35553,27.6,11.6,0.27,95.6,False,Fibre
SITE0400414,Maharashtra & Goa,MH,West,189692,4G LTE,22844,62.2,16.5,0.53,76.3,False,Fibre
SITE0403427,Andhra Pradesh & Telangana,AP,South,188433,4G LTE,2147,10.9,13.5,0.1,1.5,False,Fibre
SITE0402784,Maharashtra & Goa,MH,West,522103,4G LTE,28056,61.7,6.4,0.77,44.8,False,Fibre
SITE0401204,Rajasthan,RJ,North,352333,4G LTE,9997,52.8,6.4,0.13,121.5,False,Fibre
SITE0403251,Tamil Nadu,TN,South,414566,5G SA,30451,39.4,8.4,0.32,111.5,False,Fibre
SITE0403526,Maharashtra & Goa,MH,West,472998,4G LTE,3268,44.8,3.1,0.17,106.8,False,Fibre
SITE0400516,Uttar Pradesh West,UPW,North,231734,5G SA,15112,63.8,0.3,0.61,66.4,False,Fibre
SITE0400080,Rajasthan,RJ,North,700208,5G SA,40771,40.3,6.0,0.15,165.7,False,Fibre
SITE0401214,Madhya Pradesh & Chhattisgarh,MP,North,614569,5G SA,35876,70.0,8.5,0.46,66.7,False,Fibre
SITE0403069,Maharashtra & Goa,MH,West,783152,5G SA,25335,41.2,16.8,0.48,111.0,False,Microwave
SITE0400731,Kerala,KL,South,579051,4G LTE,36783,48.3,10.3,0.1,91.5,False,Fibre
SITE0402020,Haryana,HR,North,489099,5G SA,11792,56.6,11.4,0.45,66.8,False,Microwave
SITE0401671,Maharashtra & Goa,MH,West,557600,4G LTE,27425,27.6,13.1,0.98,159.6,False,Fibre
SITE0401346,Maharashtra & Goa,MH,West,377297,5G NSA,26928,52.8,5.1,0.38,82.0,False,Fibre
SITE0403164,Andhra Pradesh & Telangana,AP,South,480510,5G NSA,25136,37.7,18.7,0.53,57.5,False,Fibre
SITE0400631,Punjab,PB,North,783194,4G LTE,42396,62.5,9.9,0.77,114.8,False,Fibre
SITE0403128,Uttar Pradesh East,UPE,North,129465,4G LTE,5043,54.7,11.6,0.35,21.6,False,Fibre
SITE0403194,Uttar Pradesh East,UPE,North,640072,4G LTE,2210,36.9,4.9,0.34,69.7,False,Fibre
SITE0403805,Uttar Pradesh East,UPE,North,367090,4G LTE,2742,72.6,5.7,1.16,54.8,False,Microwave
SITE0401636,Gujarat,GJ,West,794048,5G SA,25977,48.4,14.3,0.28,56.0,False,Fibre
SITE0402665,West Bengal,WB,East,140088,5G SA,24215,61.6,11.7,0.25,49.7,False,Fibre
SITE0402576,Uttar Pradesh East,UPE,North,376981,5G NSA,29939,50.6,8.9,0.55,79.7,False,Fibre
SITE0400551,Uttar Pradesh East,UPE,North,653449,4G LTE,28409,90.5,0.2,0.97,40.6,True,Microwave
SITE0403364,Odisha,OR,East,369796,4G LTE,9589,66.4,4.5,0.12,83.0,False,Fibre
SITE0403404,Kolkata,KO,East,137779,5G NSA,9331,60.6,11.7,0.2,25.4,False,Fibre
SITE0403383,Andhra Pradesh & Telangana,AP,South,656265,4G LTE,40833,29.2,6.0,0.71,65.1,False,Fibre
SITE0402244,Delhi NCR,DL,North,450508,5G SA,11452,15.7,15.2,0.43,91.8,False,Fibre
SITE0400548,Himachal Pradesh,HP,North,388514,5G SA,17593,27.0,13.0,0.29,82.1,False,Fibre
SITE0400386,Punjab,PB,North,470873,4G LTE,25094,50.6,11.6,0.75,51.1,False,Fibre
SITE0401340,Maharashtra & Goa,MH,West,597709,4G LTE,21405,22.8,9.1,0.17,114.7,False,Microwave
SITE0401327,Uttar Pradesh West,UPW,North,700992,5G NSA,39959,66.5,11.0,0.55,49.4,False,Fibre
SITE0401714,Kerala,KL,South,359997,5G NSA,35817,37.3,13.1,0.48,91.1,False,Fibre
SITE0403082,Madhya Pradesh & Chhattisgarh,MP,North,135277,4G LTE,21915,66.0,8.3,0.71,109.3,False,Fibre
SITE0403229,Uttar Pradesh West,UPW,North,630037,5G SA,14243,92.1,5.4,0.49,84.3,True,Microwave
SITE0403326,Kerala,KL,South,769252,5G SA,5983,46.9,3.1,0.27,33.6,False,Fibre
SITE0400509,Karnataka,KA,South,348904,4G LTE,40491,11.2,9.6,0.06,63.1,False,Fibre
SITE0402809,Delhi NCR,DL,North,657230,5G NSA,34892,27.4,11.1,0.53,39.6,False,Fibre
SITE0400919,Kerala,KL,South,591656,5G NSA,30151,25.8,10.5,0.01,71.0,False,Microwave
SITE0400869,Uttar Pradesh East,UPE,North,810607,5G SA,11685,99.0,3.9,0.21,72.2,True,Fibre
SITE0401824,Haryana,HR,North,252902,4G LTE,21141,36.9,9.4,0.08,37.3,False,Fibre
SITE0401635,Punjab,PB,North,758215,5G SA,18168,31.7,10.3,0.48,46.0,False,Fibre
SITE0402232,Jammu & Kashmir,JK,North,376074,5G SA,13618,50.6,4.0,0.21,89.3,False,Fibre
SITE0402883,Rajasthan,RJ,North,462140,5G SA,24809,66.9,4.6,0.93,62.2,False,Fibre
SITE0401611,Uttar Pradesh East,UPE,North,173037,4G LTE,9119,60.8,9.1,0.87,36.3,False,Microwave
SITE0402131,Uttar Pradesh West,UPW,North,806137,5G NSA,27143,22.5,16.8,0.29,67.7,False,Microwave
SITE0400517,Madhya Pradesh & Chhattisgarh,MP,North,160159,5G SA,40176,56.3,5.0,0.44,116.3,False,Fibre
SITE0401498,Madhya Pradesh & Chhattisgarh,MP,North,176103,4G LTE,17279,53.2,7.9,0.75,51.4,False,Microwave
SITE0402771,Uttar Pradesh East,UPE,North,402115,5G NSA,25144,54.5,13.8,0.24,21.1,False,Fibre
SITE0401883,Andhra Pradesh & Telangana,AP,South,500207,5G SA,15577,64.5,6.4,0.07,56.1,False,Fibre
SITE0403400,Haryana,HR,North,833487,4G LTE,33156,33.0,12.5,0.56,108.8,False,Microwave
SITE0402879,Madhya Pradesh & Chhattisgarh,MP,North,791169,4G LTE,22791,51.2,13.9,0.01,99.2,False,Fibre
SITE0402544,Tamil Nadu,TN,South,794368,5G NSA,8455,43.0,13.0,0.42,60.1,False,Microwave
SITE0400327,Gujarat,GJ,West,836808,5G SA,17669,50.3,9.4,0.4,100.7,False,Fibre
SITE0401087,Bihar & Jharkhand,BH,East,290301,4G LTE,11406,66.2,6.4,0.56,64.5,False,Fibre
SITE0401434,West Bengal,WB,East,285268,4G LTE,37457,36.2,11.2,0.94,29.3,False,Fibre
SITE0402570,Maharashtra & Goa,MH,West,532175,4G LTE,16244,31.0,2.4,0.65,79.9,False,Fibre
SITE0400889,Uttar Pradesh West,UPW,North,628486,4G LTE,41011,23.2,16.2,0.76,50.2,False,Fibre
SITE0401826,Bihar & Jharkhand,BH,East,703373,4G LTE,19374,59.0,4.1,0.32,91.3,False,Fibre
SITE0403304,Bihar & Jharkhand,BH,East,516602,4G LTE,20478,8.4,2.3,0.02,63.1,False,Fibre
SITE0402042,Rajasthan,RJ,North,485365,5G SA,5102,61.8,5.0,0.17,111.8,False,Fibre
SITE0401393,Gujarat,GJ,West,623159,5G SA,17963,26.3,8.2,0.31,109.9,False,Fibre
SITE0400093,Kolkata,KO,East,246509,5G NSA,24240,34.3,10.9,0.3,88.4,False,Microwave
SITE0401029,Madhya Pradesh & Chhattisgarh,MP,North,505751,4G LTE,15953,36.7,2.6,1.73,83.4,False,Fibre
SITE0401921,Gujarat,GJ,West,804754,5G NSA,2158,31.3,6.9,0.17,72.3,False,Microwave
SITE0402623,Maharashtra & Goa,MH,West,446037,5G SA,26540,19.2,12.5,0.11,80.8,False,Fibre
SITE0402087,Kolkata,KO,East,364320,5G SA,24049,34.7,10.2,0.15,53.2,False,Fibre
SITE0402627,Karnataka,KA,South,250041,4G LTE,33771,26.4,8.0,0.25,33.8,False,Fibre
SITE0401440,Gujarat,GJ,West,192753,4G LTE,3729,53.0,6.3,0.41,125.8,False,Microwave
SITE0403441,Rajasthan,RJ,North,841689,4G LTE,24150,26.0,15.1,1.06,52.1,False,Microwave
SITE0402119,Kerala,KL,South,215639,5G SA,41735,22.5,6.6,0.37,49.9,False,Fibre
SITE0400707,Bihar & Jharkhand,BH,East,312700,4G LTE,41519,77.7,-5.0,0.21,57.8,True,Fibre
SITE0403835,Mumbai,MU,West,251200,5G SA,16480,24.1,19.3,0.34,71.5,False,Fibre
SITE0400876,Maharashtra & Goa,MH,West,789888,5G SA,12143,53.8,2.9,0.22,77.5,False,Microwave
SITE0400074,Mumbai,MU,West,726800,4G LTE,25401,45.4,18.5,0.61,78.1,False,Fibre
SITE0401415,Madhya Pradesh & Chhattisgarh,MP,North,770384,4G LTE,18839,52.0,-0.8,1.0,1.5,False,Fibre
SITE0402946,Uttar Pradesh West,UPW,North,791964,4G LTE,2166,47.2,13.3,0.32,97.5,False,Microwave
SITE0403230,Punjab,PB,North,419003,5G NSA,25567,39.3,10.0,0.29,68.5,False,Microwave
SITE0402468,Madhya Pradesh & Chhattisgarh,MP,North,790779,5G NSA,12412,62.3,4.4,0.06,104.2,False,Fibre
SITE0403066,Andhra Pradesh & Telangana,AP,South,468442,5G SA,11510,42.3,1.2,0.51,66.7,False,Fibre
SITE0400625,Uttar Pradesh East,UPE,North,687966,5G NSA,39410,67.8,8.8,1.01,78.2,False,Microwave
SITE0402437,Uttar Pradesh East,UPE,North,148248,5G SA,29967,17.6,14.4,1.46,124.6,False,Fibre
SITE0400378,Odisha,OR,East,646836,4G LTE,26291,60.9,11.6,0.56,112.1,False,Fibre
SITE0402559,Karnataka,KA,South,330736,5G SA,42086,40.5,1.7,0.62,28.2,False,Fibre
SITE0402349,Uttar Pradesh East,UPE,North,470253,5G SA,39547,40.3,9.9,1.52,29.2,False,Fibre
SITE0400913,Tamil Nadu,TN,South,410426,5G SA,20197,21.7,18.1,0.21,124.7,False,Microwave
SITE0403470,Bihar & Jharkhand,BH,East,592610,4G LTE,22931,46.8,4.4,0.87,91.4,False,Fibre
SITE0400070,Karnataka,KA,South,214555,5G SA,40108,28.5,6.7,0.6,54.1,False,Fibre
SITE0400263,Andhra Pradesh & Telangana,AP,South,703043,5G NSA,29831,35.0,10.8,0.22,119.1,False,Fibre
SITE0402012,Odisha,OR,East,490799,5G NSA,27195,25.4,16.3,0.41,110.2,False,Microwave
SITE0401876,Uttar Pradesh East,UPE,North,608619,4G LTE,24132,99.0,9.0,1.07,45.8,True,Fibre
SITE0403429,Maharashtra & Goa,MH,West,620311,5G SA,39959,47.5,12.1,0.07,71.4,False,Microwave
SITE0400790,Maharashtra & Goa,MH,West,526808,4G LTE,26698,16.5,8.2,0.31,65.6,False,Fibre
SITE0400353,West Bengal,WB,East,810814,5G NSA,10679,27.5,4.8,0.62,80.2,False,Fibre
SITE0402112,Maharashtra & Goa,MH,West,203193,4G LTE,22696,14.7,10.9,1.21,134.7,False,Microwave
SITE0403522,Assam,AS,East,422818,4G LTE,29529,59.5,7.7,1.15,59.8,False,Fibre
SITE0400877,Maharashtra & Goa,MH,West,461729,4G LTE,31069,32.4,13.6,0.07,99.0,False,Fibre
SITE0401943,Karnataka,KA,South,481489,4G LTE,22255,67.6,3.4,0.4,79.6,False,Fibre
SITE0400054,West Bengal,WB,East,498650,5G SA,25223,56.5,16.1,0.01,101.8,False,Fibre
SITE0401728,Gujarat,GJ,West,309559,4G LTE,9892,31.4,7.2,0.56,67.7,False,Fibre
SITE0402027,Odisha,OR,East,353668,5G NSA,18321,65.3,9.6,0.17,73.5,False,Fibre
SITE0400015,Madhya Pradesh & Chhattisgarh,MP,North,366097,5G SA,39165,51.2,12.9,0.73,124.2,False,Fibre
SITE0402159,Andhra Pradesh & Telangana,AP,South,508421,5G NSA,34535,35.5,14.1,1.9,154.0,False,Fibre
SITE0402829,Karnataka,KA,South,823370,4G LTE,40885,75.5,13.4,0.34,97.9,True,Fibre
SITE0403523,Odisha,OR,East,404739,5G SA,7937,19.7,8.5,0.61,31.8,False,Microwave
SITE0401596,Madhya Pradesh & Chhattisgarh,MP,North,807468,5G SA,9215,33.6,4.6,0.47,89.1,False,Microwave
SITE0402416,Maharashtra & Goa,MH,West,448748,4G LTE,6889,13.6,8.6,1.09,141.3,False,Microwave
SITE0400864,Madhya Pradesh & Chhattisgarh,MP,North,167581,5G SA,32816,45.9,11.2,0.65,78.3,False,Fibre
SITE0400460,Uttar Pradesh West,UPW,North,411052,5G SA,6498,63.2,3.2,0.55,68.2,False,Fibre
SITE0401987,Andhra Pradesh & Telangana,AP,South,841199,4G LTE,22054,25.2,13.0,0.12,112.7,False,Microwave
SITE0403252,Tamil Nadu,TN,South,622196,5G NSA,31827,51.9,0.4,0.31,58.9,False,Fibre
SITE0403529,Karnataka,KA,South,384846,5G SA,26264,25.0,11.2,0.2,40.8,False,Fibre
SITE0400382,Bihar & Jharkhand,BH,East,722927,4G LTE,37770,82.0,7.7,0.85,99.5,True,Fibre
SITE0401284,Kerala,KL,South,783481,5G SA,4030,23.0,7.0,0.07,88.8,False,Fibre
SITE0401980,Haryana,HR,North,582964,4G LTE,16030,36.9,11.5,0.63,34.2,False,Fibre
SITE0403463,Maharashtra & Goa,MH,West,214999,5G SA,17115,29.3,11.8,1.37,90.1,False,Fibre
SITE0400324,Tamil Nadu,TN,South,649120,4G LTE,5890,43.2,14.2,0.33,134.4,False,Microwave
SITE0401244,Karnataka,KA,South,121545,4G LTE,31922,52.8,6.4,0.48,43.7,False,Fibre
SITE0401856,Mumbai,MU,West,313951,4G LTE,22538,23.2,19.4,0.12,97.3,False,Fibre
SITE0402358,Gujarat,GJ,West,296586,5G SA,40572,53.3,6.7,0.71,70.3,False,Fibre
SITE0401790,Rajasthan,RJ,North,214660,4G LTE,40254,41.3,21.8,0.26,132.0,False,Microwave
SITE0400097,Karnataka,KA,South,415837,4G LTE,38635,60.7,7.7,0.9,50.0,False,Fibre
SITE0403599,Maharashtra & Goa,MH,West,803106,5G NSA,5189,63.4,12.9,0.33,108.3,False,Fibre
SITE0402683,Haryana,HR,North,706782,5G SA,26086,43.3,1.7,0.39,47.3,False,Fibre
SITE0402713,Maharashtra & Goa,MH,West,242171,5G NSA,36496,39.2,7.8,0.41,51.5,False,Fibre
SITE0400173,Uttar Pradesh East,UPE,North,275990,5G SA,19706,95.2,1.8,0.13,58.7,True,Fibre
SITE0401211,Bihar & Jharkhand,BH,East,645636,4G LTE,28424,19.9,11.4,0.16,110.4,False,Fibre
SITE0401493,Rajasthan,RJ,North,206559,4G LTE,21382,66.1,4.6,0.17,98.5,False,Fibre
SITE0402915,Uttar Pradesh East,UPE,North,439765,4G LTE,2807,40.8,5.7,0.63,84.0,False,Fibre
SITE0403627,Karnataka,KA,South,746095,5G NSA,25999,27.1,7.6,0.49,27.4,False,Fibre
SITE0401283,Bihar & Jharkhand,BH,East,403680,5G NSA,38058,25.3,4.8,0.36,71.5,False,Fibre
SITE0400237,Bihar & Jharkhand,BH,East,632604,5G SA,21433,58.1,4.1,0.16,65.0,False,Fibre
SITE0403737,Uttar Pradesh West,UPW,North,847767,4G LTE,37235,78.1,3.6,0.26,86.4,True,Fibre
SITE0402073,Madhya Pradesh & Chhattisgarh,MP,North,742470,5G SA,28199,37.9,8.1,1.74,102.6,False,Fibre
SITE0403740,Gujarat,GJ,West,320729,5G SA,16415,18.4,11.4,0.33,125.7,False,Microwave
SITE0400703,Madhya Pradesh & Chhattisgarh,MP,North,328385,4G LTE,15542,91.9,6.7,1.34,93.5,True,Fibre
SITE0402611,Kerala,KL,South,622415,5G NSA,13243,9.8,14.2,0.17,127.0,False,Fibre
SITE0400525,Bihar & Jharkhand,BH,East,747697,5G SA,29180,79.5,-1.8,0.41,84.9,True,Fibre
SITE0401444,Gujarat,GJ,West,797651,5G SA,29746,27.4,10.3,0.65,98.7,False,Fibre
SITE0403148,Uttar Pradesh West,UPW,North,604473,5G SA,27370,76.9,6.7,0.29,72.0,True,Fibre
SITE0400855,Tamil Nadu,TN,South,807262,5G NSA,33113,22.5,18.1,0.72,89.0,False,Fibre
SITE0402695,Madhya Pradesh & Chhattisgarh,MP,North,175633,4G LTE,24488,13.9,12.8,1.04,102.8,False,Fibre
SITE0403428,Gujarat,GJ,West,604780,5G SA,26992,40.4,18.6,0.16,80.6,False,Fibre
SITE0402617,Mumbai,MU,West,808982,4G LTE,10441,43.8,2.7,0.22,142.7,False,Fibre
SITE0400313,Bihar & Jharkhand,BH,East,688183,4G LTE,16172,33.8,6.8,0.28,35.3,False,Fibre
SITE0402520,Tamil Nadu,TN,South,747800,4G LTE,39875,23.8,11.2,0.08,144.8,False,Fibre
SITE0401764,Uttar Pradesh East,UPE,North,172024,5G SA,35436,83.7,8.0,1.09,60.6,True,Fibre
SITE0403836,Maharashtra & Goa,MH,West,294314,4G LTE,33656,38.7,9.4,0.16,24.9,False,Fibre
SITE0400419,Andhra Pradesh & Telangana,AP,South,437134,4G LTE,24804,50.2,1.0,1.35,112.2,False,Fibre
SITE0402225,Uttar Pradesh West,UPW,North,748059,5G SA,20798,55.8,9.0,1.99,83.5,False,Fibre
SITE0400996,Bihar & Jharkhand,BH,East,147771,5G NSA,8482,66.4,6.9,0.64,33.1,False,Fibre
SITE0402306,Tamil Nadu,TN,South,551267,5G SA,29308,17.8,8.7,0.71,124.4,False,Microwave
SITE0403625,Odisha,OR,East,476770,5G NSA,37622,49.3,12.8,0.31,55.1,False,Fibre
SITE0400890,Uttar Pradesh East,UPE,North,401175,4G LTE,27028,54.6,-0.3,0.34,62.9,False,Fibre
SITE0402466,Maharashtra & Goa,MH,West,550141,4G LTE,2364,15.8,14.9,0.38,78.6,False,Fibre
SITE0400789,Bihar & Jharkhand,BH,East,331489,4G LTE,20215,50.1,2.5,0.28,82.7,False,Microwave
SITE0400335,Uttar Pradesh East,UPE,North,122321,5G NSA,35955,62.9,9.8,2.3,134.5,False,Fibre
SITE0401088,Rajasthan,RJ,North,186989,4G LTE,16350,44.8,3.5,0.42,12.8,False,Fibre
SITE0400846,Delhi NCR,DL,North,518801,5G SA,16861,54.7,5.8,0.4,103.1,False,Fibre
SITE0401786,West Bengal,WB,East,494692,5G NSA,23469,40.5,2.5,0.23,77.9,False,Fibre
SITE0403279,Karnataka,KA,South,424038,4G LTE,6941,31.6,13.0,0.38,100.5,False,Fibre
SITE0402930,Karnataka,KA,South,195070,5G NSA,23695,36.2,5.9,0.99,76.9,False,Microwave
SITE0402982,Uttar Pradesh East,UPE,North,305845,5G SA,20032,52.7,4.9,0.37,98.4,False,Fibre
SITE0401183,Uttar Pradesh East,UPE,North,525424,5G SA,31146,49.6,9.0,1.21,128.7,False,Fibre
SITE0400852,Madhya Pradesh & Chhattisgarh,MP,North,436544,4G LTE,15693,33.7,15.8,0.09,124.1,False,Fibre
SITE0402914,Haryana,HR,North,468692,5G SA,8451,32.8,11.1,0.18,74.7,False,Fibre
SITE0402262,Mumbai,MU,West,297566,4G LTE,2844,48.3,7.3,1.95,109.6,False,Fibre
SITE0400748,Bihar & Jharkhand,BH,East,580918,4G LTE,12370,26.2,14.3,0.68,108.7,False,Fibre
SITE0400234,Madhya Pradesh & Chhattisgarh,MP,North,587855,4G LTE,40137,99.0,3.2,0.06,12.9,True,Fibre
SITE0402808,Madhya Pradesh & Chhattisgarh,MP,North,850350,4G LTE,14864,21.4,4.0,0.6,118.1,False,Fibre
SITE0402421,Maharashtra & Goa,MH,West,516985,5G SA,17266,11.2,9.8,1.34,92.3,False,Fibre
SITE0403591,Madhya Pradesh & Chhattisgarh,MP,North,232665,5G SA,15876,25.4,17.1,0.22,91.8,False,Fibre
SITE0402821,Punjab,PB,North,362842,5G NSA,11998,40.2,4.0,1.15,143.7,False,Fibre
SITE0401899,Uttar Pradesh East,UPE,North,410459,4G LTE,25901,53.1,8.3,0.56,78.0,False,Fibre
SITE0400354,Uttar Pradesh West,UPW,North,853520,5G SA,42015,46.0,5.7,0.6,59.1,False,Fibre
SITE0402074,Kerala,KL,South,167557,5G SA,13022,26.7,14.5,0.83,79.4,False,Fibre
SITE0401047,Maharashtra & Goa,MH,West,368230,4G LTE,5702,20.8,10.0,0.34,58.5,False,Fibre
SITE0402684,Bihar & Jharkhand,BH,East,432755,5G NSA,7126,27.4,6.1,0.27,140.3,False,Fibre
SITE0402079,Andhra Pradesh & Telangana,AP,South,774028,4G LTE,7526,37.7,4.7,0.99,58.3,False,Fibre
SITE0401750,Kerala,KL,South,776352,4G LTE,7943,58.2,12.8,0.22,85.2,False,Fibre
SITE0402806,Tamil Nadu,TN,South,294357,4G LTE,6649,32.9,13.8,0.15,92.6,False,Fibre
SITE0400619,West Bengal,WB,East,225859,5G SA,29579,25.0,8.4,0.53,88.0,False,Fibre
SITE0401914,Uttar Pradesh East,UPE,North,167914,5G SA,9256,53.2,13.9,0.86,93.5,False,Microwave
SITE0400318,Madhya Pradesh & Chhattisgarh,MP,North,638832,5G NSA,38916,39.9,7.1,0.45,82.6,False,Microwave
SITE0402738,Uttar Pradesh East,UPE,North,782080,5G SA,17527,41.4,4.8,1.88,118.2,False,Fibre
SITE0400155,Uttar Pradesh East,UPE,North,462600,5G NSA,4576,72.9,5.6,0.59,50.4,False,Fibre
SITE0402872,Bihar & Jharkhand,BH,East,126292,5G SA,5018,38.3,12.4,0.62,54.0,False,Microwave
SITE0401350,Tamil Nadu,TN,South,740510,4G LTE,30933,20.5,11.9,1.06,118.2,False,Microwave
SITE0403525,Punjab,PB,North,331639,4G LTE,3437,52.8,9.0,0.25,46.2,False,Fibre
SITE0403494,Assam,AS,East,597855,5G NSA,24329,57.4,3.3,0.18,142.3,False,Fibre
SITE0403328,Maharashtra & Goa,MH,West,396929,4G LTE,35034,16.2,12.0,0.34,34.8,False,Fibre
SITE0401213,Maharashtra & Goa,MH,West,301973,4G LTE,19850,39.3,9.9,0.42,106.6,False,Fibre
SITE0400031,Andhra Pradesh & Telangana,AP,South,687882,5G NSA,19602,16.7,14.0,1.58,115.8,False,Fibre
SITE0400164,Bihar & Jharkhand,BH,East,708629,5G SA,19573,32.0,8.3,0.91,74.7,False,Microwave
SITE0402869,Maharashtra & Goa,MH,West,243193,4G LTE,35024,32.6,8.5,0.61,101.7,False,Fibre
SITE0403208,Tamil Nadu,TN,South,169920,5G NSA,3591,36.8,18.7,0.18,98.5,False,Fibre
SITE0400357,Madhya Pradesh & Chhattisgarh,MP,North,661351,5G NSA,16536,28.0,8.3,0.25,89.5,False,Microwave
SITE0403800,Madhya Pradesh & Chhattisgarh,MP,North,799609,4G LTE,8435,90.8,6.8,1.46,74.8,True,Fibre
SITE0401700,Karnataka,KA,South,793403,5G SA,7001,25.5,6.8,1.03,115.3,False,Fibre
SITE0401138,Punjab,PB,North,434248,5G SA,35462,18.7,12.0,0.41,70.6,False,Microwave
SITE0401961,Tamil Nadu,TN,South,544275,5G NSA,6238,51.6,4.4,0.41,77.8,False,Fibre
SITE0400689,Karnataka,KA,South,389893,5G SA,9324,29.0,10.1,0.43,75.0,False,Fibre
SITE0401525,Maharashtra & Goa,MH,West,481701,4G LTE,28410,60.8,8.7,0.46,80.5,False,Fibre
SITE0403336,Odisha,OR,East,533580,4G LTE,22085,12.7,5.0,0.41,116.4,False,Fibre
SITE0402774,Delhi NCR,DL,North,809490,4G LTE,40019,50.9,7.5,0.17,66.2,False,Fibre
SITE0400217,Gujarat,GJ,West,668369,5G NSA,21229,22.7,17.1,0.58,51.6,False,Fibre
SITE0400115,Karnataka,KA,South,375922,4G LTE,20432,19.7,11.2,0.24,80.4,False,Fibre
SITE0401791,Maharashtra & Goa,MH,West,536351,5G SA,38580,62.7,12.7,0.6,61.4,False,Fibre
SITE0403492,Madhya Pradesh & Chhattisgarh,MP,North,146391,5G SA,37612,93.1,13.7,0.66,46.6,True,Fibre
SITE0401986,Uttar Pradesh East,UPE,North,603438,5G NSA,14745,99.0,4.2,1.56,27.5,True,Fibre
SITE0400212,Delhi NCR,DL,North,842114,4G LTE,14708,52.7,8.9,0.14,8.9,False,Fibre
SITE0401259,Gujarat,GJ,West,644224,4G LTE,4018,55.5,-0.5,0.44,57.7,False,Fibre
SITE0403206,Punjab,PB,North,726009,5G NSA,17398,36.6,-0.7,0.34,63.2,False,Fibre
SITE0401828,Uttar Pradesh East,UPE,North,542629,5G SA,41066,88.9,1.5,0.3,26.7,True,Fibre
SITE0403363,Uttar Pradesh East,UPE,North,133375,4G LTE,16030,75.3,11.0,0.71,11.7,True,Fibre
SITE0402662,Bihar & Jharkhand,BH,East,455743,5G SA,36368,29.3,6.9,0.17,70.5,False,Fibre
SITE0402697,Gujarat,GJ,West,770366,5G SA,11410,49.2,13.1,2.54,61.6,False,Fibre
SITE0402086,Mumbai,MU,West,647590,5G SA,21915,41.9,14.6,0.53,79.5,False,Fibre
SITE0401464,Andhra Pradesh & Telangana,AP,South,343407,4G LTE,14540,60.4,16.4,0.68,133.6,False,Fibre
SITE0401198,Odisha,OR,East,750118,5G NSA,21397,45.8,5.3,1.27,127.4,False,Fibre
SITE0400605,Maharashtra & Goa,MH,West,754284,4G LTE,31990,21.4,14.2,0.82,65.3,False,Fibre
SITE0400545,Mumbai,MU,West,778971,4G LTE,5132,35.4,10.2,0.1,80.0,False,Fibre
SITE0401371,Maharashtra & Goa,MH,West,393726,4G LTE,15958,25.6,5.5,0.16,120.3,False,Fibre
SITE0400736,Gujarat,GJ,West,167062,5G SA,42578,45.4,8.6,0.37,45.0,False,Microwave
SITE0401126,Uttar Pradesh East,UPE,North,344509,4G LTE,13529,66.4,-0.2,1.25,57.1,False,Fibre
SITE0403631,Haryana,HR,North,734810,5G SA,12546,40.0,14.7,0.11,48.1,False,Microwave
SITE0400546,Andhra Pradesh & Telangana,AP,South,436417,5G SA,36864,44.1,17.7,0.12,92.3,False,Fibre
SITE0401626,Odisha,OR,East,402016,4G LTE,21055,46.1,18.9,0.5,100.0,False,Fibre
SITE0400693,Karnataka,KA,South,281269,5G NSA,9871,32.1,7.5,0.64,137.8,False,Fibre
SITE0402586,Mumbai,MU,West,688124,5G SA,26342,20.6,6.7,0.02,25.7,False,Fibre
SITE0401559,Punjab,PB,North,158205,4G LTE,2874,43.4,5.7,0.6,44.6,False,Microwave
SITE0403606,Gujarat,GJ,West,774357,5G NSA,20689,59.9,11.6,0.69,44.7,False,Fibre
SITE0402696,Karnataka,KA,South,318348,4G LTE,16867,61.2,6.0,0.78,12.5,False,Fibre
SITE0401668,Gujarat,GJ,West,153825,5G SA,35536,15.1,15.1,0.08,76.3,False,Fibre
SITE0401529,Delhi NCR,DL,North,493054,5G SA,33292,50.6,-0.2,0.18,125.1,False,Fibre
SITE0402699,Bihar & Jharkhand,BH,East,848816,4G LTE,9060,55.1,2.6,0.63,59.4,False,Microwave
SITE0400136,Gujarat,GJ,West,473849,4G LTE,12427,57.6,13.5,0.42,67.6,False,Microwave
SITE0402340,Kolkata,KO,East,544711,5G SA,37795,32.0,16.9,0.08,51.9,False,Microwave
SITE0401998,Uttar Pradesh East,UPE,North,223731,5G SA,39573,55.1,5.5,0.91,36.8,False,Fibre
SITE0400174,Uttar Pradesh West,UPW,North,426141,5G NSA,38084,60.0,9.3,0.11,72.1,False,Fibre
SITE0401723,Karnataka,KA,South,344089,4G LTE,26509,44.3,7.1,0.28,86.7,False,Fibre
SITE0400597,Maharashtra & Goa,MH,West,127964,5G SA,10755,51.2,7.6,0.19,83.3,False,Fibre
SITE0400132,Uttar Pradesh East,UPE,North,544572,4G LTE,30814,20.2,17.5,0.87,134.9,False,Fibre
SITE0400295,Andhra Pradesh & Telangana,AP,South,802296,5G NSA,32804,32.5,9.0,1.44,131.5,False,Fibre
SITE0400205,Kerala,KL,South,521884,5G SA,8609,62.4,12.5,0.21,100.4,False,Fibre
SITE0400245,Gujarat,GJ,West,451802,5G SA,12153,55.6,8.7,0.55,143.4,False,Fibre
SITE0400503,Maharashtra & Goa,MH,West,507723,5G NSA,7721,47.1,13.5,0.17,115.4,False,Fibre
SITE0403545,Madhya Pradesh & Chhattisgarh,MP,North,433628,5G SA,36642,65.1,10.2,0.3,95.5,False,Fibre
SITE0403263,Bihar & Jharkhand,BH,East,260678,5G NSA,15401,43.1,6.4,0.22,110.2,False,Fibre
SITE0401113,Delhi NCR,DL,North,346030,4G LTE,40651,49.8,12.3,0.36,88.0,False,Fibre
SITE0402727,Delhi NCR,DL,North,111930,5G NSA,42171,15.7,6.7,0.22,88.1,False,Fibre
SITE0401613,Maharashtra & Goa,MH,West,619694,5G SA,29722,15.5,13.2,0.67,60.9,False,Fibre
SITE0402655,Karnataka,KA,South,705374,5G SA,12055,23.7,7.4,0.17,25.4,False,Fibre
SITE0402889,Odisha,OR,East,228031,4G LTE,32797,19.3,9.7,0.63,152.6,False,Fibre
SITE0402177,Uttar Pradesh East,UPE,North,297162,5G SA,22671,56.9,8.2,0.25,55.1,False,Fibre
SITE0402885,Andhra Pradesh & Telangana,AP,South,319120,4G LTE,23093,37.2,10.7,0.27,81.0,False,Fibre
SITE0400951,Maharashtra & Goa,MH,West,725704,5G SA,6854,67.3,6.5,0.51,43.7,False,Fibre
SITE0402188,Gujarat,GJ,West,472659,5G SA,31781,8.0,12.0,0.13,47.1,False,Fibre
SITE0400303,Andhra Pradesh & Telangana,AP,South,277859,5G SA,19326,81.0,6.3,0.52,91.7,True,Fibre
SITE0401119,Maharashtra & Goa,MH,West,827240,5G SA,42058,39.4,5.1,0.11,57.2,False,Fibre
SITE0400830,Delhi NCR,DL,North,324999,5G NSA,11223,55.7,11.6,0.68,101.7,False,Microwave
SITE0402117,North East,NE,East,165541,4G LTE,24453,27.0,4.1,0.65,5.7,False,Fibre
SITE0403684,Tamil Nadu,TN,South,471937,5G SA,21597,54.6,5.7,0.23,119.5,False,Fibre
SITE0401312,Uttar Pradesh East,UPE,North,603375,5G NSA,13384,64.2,11.9,0.79,67.3,False,Fibre
SITE0401781,Karnataka,KA,South,499764,4G LTE,29220,58.0,19.3,0.96,42.2,False,Microwave
SITE0400114,Tamil Nadu,TN,South,344515,4G LTE,23598,71.6,5.0,0.11,111.4,False,Fibre
SITE0402582,Uttar Pradesh West,UPW,North,467712,4G LTE,3253,22.0,7.9,2.2,48.7,False,Fibre
SITE0401162,Uttar Pradesh East,UPE,North,181468,4G LTE,30731,31.4,19.7,0.64,90.3,False,Fibre
SITE0403058,Odisha,OR,East,798845,4G LTE,25069,50.3,11.7,1.26,48.5,False,Microwave
SITE0400143,Andhra Pradesh & Telangana,AP,South,324424,5G SA,17376,28.5,11.4,0.48,121.5,False,Fibre
SITE0401130,West Bengal,WB,East,591435,4G LTE,17863,25.9,10.2,0.31,128.8,False,Fibre
SITE0400756,Karnataka,KA,South,259731,5G SA,25269,42.7,7.7,0.85,75.7,False,Fibre
SITE0402301,Gujarat,GJ,West,528725,5G NSA,4191,53.9,12.6,0.36,38.9,False,Fibre
SITE0401837,Mumbai,MU,West,609608,4G LTE,25508,34.4,8.2,0.2,84.9,False,Fibre
SITE0400283,West Bengal,WB,East,765153,4G LTE,42264,63.3,8.7,1.36,110.1,False,Fibre
SITE0403080,Kolkata,KO,East,249350,5G NSA,14584,43.1,17.8,0.32,35.9,False,Fibre
SITE0403806,Uttar Pradesh East,UPE,North,184153,4G LTE,11819,69.4,5.4,1.05,99.2,False,Microwave
SITE0402031,Gujarat,GJ,West,497390,5G NSA,11888,31.7,3.0,0.28,1.5,False,Microwave
SITE0403074,Karnataka,KA,South,513896,5G NSA,26556,21.8,11.7,0.35,96.1,False,Fibre
SITE0401368,Punjab,PB,North,747363,5G NSA,26697,44.1,4.7,1.2,120.2,False,Fibre
SITE0402847,Tamil Nadu,TN,South,381189,5G NSA,25911,48.0,10.6,0.19,66.4,False,Fibre
SITE0401275,Karnataka,KA,South,584884,5G NSA,16427,57.3,5.7,0.16,112.6,False,Fibre
SITE0402766,Uttar Pradesh East,UPE,North,578748,4G LTE,41755,99.0,5.5,0.31,79.6,True,Fibre
SITE0401763,Madhya Pradesh & Chhattisgarh,MP,North,280394,4G LTE,3431,58.3,4.9,3.36,37.0,False,Microwave
SITE0401116,Mumbai,MU,West,695436,4G LTE,22034,8.0,18.3,0.34,52.0,False,Fibre
SITE0400137,Haryana,HR,North,641792,4G LTE,15939,56.4,7.7,0.22,39.5,False,Fibre
SITE0400368,Madhya Pradesh & Chhattisgarh,MP,North,535449,4G LTE,38592,62.7,14.3,0.44,50.8,False,Fibre
SITE0402555,Kerala,KL,South,372170,5G NSA,10689,61.8,6.3,0.16,84.5,False,Fibre
SITE0401602,Maharashtra & Goa,MH,West,585694,4G LTE,28648,55.3,13.5,0.89,27.2,False,Fibre
SITE0402316,Tamil Nadu,TN,South,257670,4G LTE,18097,39.9,13.0,0.87,63.6,False,Fibre
SITE0400964,Bihar & Jharkhand,BH,East,350743,5G NSA,25469,65.2,7.8,1.9,97.0,False,Fibre
SITE0403608,Uttar Pradesh East,UPE,North,674930,5G SA,3076,93.3,2.9,0.52,81.3,True,Fibre
SITE0400099,Gujarat,GJ,West,378828,4G LTE,4743,22.3,9.7,0.42,24.4,False,Fibre
SITE0401123,Karnataka,KA,South,345902,4G LTE,8994,44.7,13.7,0.85,20.5,False,Fibre
SITE0403239,Maharashtra & Goa,MH,West,720561,4G LTE,31234,34.0,9.3,0.38,60.0,False,Microwave
SITE0400405,Gujarat,GJ,West,683446,5G SA,21259,33.6,15.6,0.13,61.3,False,Fibre
SITE0402645,Gujarat,GJ,West,633933,4G LTE,29240,47.4,15.1,0.64,115.0,False,Microwave
SITE0401927,Tamil Nadu,TN,South,262493,5G NSA,5344,31.6,7.8,0.48,91.0,False,Fibre
SITE0403450,Himachal Pradesh,HP,North,685902,4G LTE,25037,53.0,8.5,0.08,38.0,False,Microwave
SITE0400023,Tamil Nadu,TN,South,649121,4G LTE,17094,39.0,11.4,0.08,76.0,False,Fibre
SITE0403826,Odisha,OR,East,174140,4G LTE,11989,49.3,8.8,2.43,7.1,False,Microwave
SITE0403384,Andhra Pradesh & Telangana,AP,South,143157,5G SA,29096,58.3,6.9,0.93,45.7,False,Fibre
SITE0401880,Odisha,OR,East,790498,5G NSA,10074,40.5,6.8,0.83,10.9,False,Microwave
SITE0400983,Kolkata,KO,East,127233,4G LTE,9348,40.2,4.0,0.37,48.6,False,Fibre
SITE0402327,Jammu & Kashmir,JK,North,362360,4G LTE,32641,62.6,4.5,0.52,80.6,False,Fibre
SITE0403440,Karnataka,KA,South,265109,5G SA,26477,34.6,11.7,0.76,121.2,False,Fibre
SITE0403584,Uttar Pradesh East,UPE,North,428033,5G NSA,8080,46.5,2.9,1.23,40.9,False,Fibre
SITE0400264,Rajasthan,RJ,North,546567,5G SA,6487,35.4,4.4,0.54,38.0,False,Fibre
SITE0400880,Bihar & Jharkhand,BH,East,163842,5G NSA,33086,26.5,17.0,1.0,121.0,False,Fibre
SITE0403804,Himachal Pradesh,HP,North,276932,5G SA,16828,17.0,12.8,0.97,100.4,False,Fibre
SITE0403454,Madhya Pradesh & Chhattisgarh,MP,North,513901,4G LTE,36858,61.6,4.9,0.45,100.5,False,Fibre
SITE0403034,Bihar & Jharkhand,BH,East,628890,4G LTE,3967,23.7,8.5,0.97,64.9,False,Fibre
SITE0400265,Maharashtra & Goa,MH,West,495329,5G NSA,7735,45.5,10.7,0.08,82.6,False,Microwave
SITE0403722,Odisha,OR,East,452148,4G LTE,33167,13.8,19.0,0.26,74.0,False,Fibre
SITE0402922,Maharashtra & Goa,MH,West,442866,5G NSA,30998,64.5,5.1,1.16,47.5,False,Microwave
SITE0401294,Gujarat,GJ,West,610142,5G NSA,27220,60.4,9.0,0.47,75.7,False,Fibre
SITE0400149,Maharashtra & Goa,MH,West,598047,4G LTE,23851,66.2,5.7,0.05,80.3,False,Fibre
SITE0402068,Jammu & Kashmir,JK,North,835570,4G LTE,33207,70.3,15.9,0.3,17.9,False,Microwave
SITE0400598,Bihar & Jharkhand,BH,East,338374,5G NSA,9345,99.0,6.9,0.5,28.3,True,Fibre
SITE0400376,Karnataka,KA,South,395772,4G LTE,15577,27.5,12.3,0.85,96.3,False,Fibre
SITE0402778,Andhra Pradesh & Telangana,AP,South,813212,5G NSA,7335,19.9,23.2,0.44,54.9,False,Fibre
SITE0403094,Maharashtra & Goa,MH,West,576185,5G NSA,35679,38.5,14.7,0.14,44.2,False,Fibre
SITE0402556,West Bengal,WB,East,133167,5G SA,7550,34.3,14.9,0.64,81.9,False,Fibre
SITE0401304,Rajasthan,RJ,North,315599,5G SA,8082,60.6,5.2,0.32,30.7,False,Fibre
SITE0403443,North East,NE,East,146779,5G SA,30770,44.8,10.3,1.39,125.4,False,Fibre
SITE0402222,Uttar Pradesh East,UPE,North,135602,5G SA,8839,36.0,8.3,1.18,76.2,False,Microwave
SITE0402851,Uttar Pradesh West,UPW,North,679990,4G LTE,20083,32.7,12.3,0.4,125.6,False,Fibre
SITE0403355,Andhra Pradesh & Telangana,AP,South,550896,5G SA,4294,61.5,9.1,0.84,84.1,False,Microwave
SITE0402941,Tamil Nadu,TN,South,630169,5G SA,36763,37.0,6.1,0.08,68.9,False,Fibre
SITE0402760,Delhi NCR,DL,North,173510,5G SA,11535,33.2,10.6,0.08,122.8,False,Microwave
SITE0402679,Gujarat,GJ,West,734078,5G SA,39518,25.8,8.9,0.7,60.1,False,Fibre
SITE0401174,Himachal Pradesh,HP,North,509225,5G SA,21118,29.8,6.7,0.14,109.7,False,Fibre
SITE0402827,Uttar Pradesh East,UPE,North,533810,4G LTE,12903,93.5,6.7,0.43,73.6,True,Fibre
SITE0401675,Mumbai,MU,West,159404,4G LTE,34347,21.4,15.5,0.4,74.2,False,Microwave
SITE0403121,Bihar & Jharkhand,BH,East,254481,5G SA,7977,43.7,7.8,0.26,71.7,False,Fibre
SITE0402081,Maharashtra & Goa,MH,West,302993,4G LTE,7119,35.5,8.3,0.67,116.7,False,Microwave
SITE0402945,Madhya Pradesh & Chhattisgarh,MP,North,276645,4G LTE,12158,21.6,10.7,0.61,112.1,False,Fibre
SITE0400374,Andhra Pradesh & Telangana,AP,South,815327,4G LTE,40758,45.7,4.9,0.09,46.2,False,Fibre
SITE0400766,Delhi NCR,DL,North,756270,5G SA,22489,42.5,3.7,0.24,142.4,False,Fibre
SITE0403813,Uttar Pradesh West,UPW,North,551955,4G LTE,15162,55.9,12.7,0.4,41.2,False,Fibre
SITE0401471,Kerala,KL,South,702501,4G LTE,31232,62.5,13.1,0.1,51.5,False,Microwave
SITE0401136,Gujarat,GJ,West,172963,4G LTE,29047,32.1,6.1,2.21,1.5,False,Fibre
SITE0400268,Tamil Nadu,TN,South,837698,5G SA,13423,12.6,16.5,0.85,74.5,False,Fibre
SITE0402972,Uttar Pradesh West,UPW,North,527857,4G LTE,6220,66.1,5.5,0.65,67.8,False,Fibre
SITE0403297,Andhra Pradesh & Telangana,AP,South,605792,4G LTE,39524,69.5,4.1,0.63,43.4,False,Fibre
SITE0403457,Haryana,HR,North,683222,4G LTE,6738,14.3,20.5,0.35,36.9,False,Fibre
SITE0403832,Delhi NCR,DL,North,462821,5G NSA,35894,38.2,12.1,0.31,74.0,False,Fibre
SITE0402618,Rajasthan,RJ,North,701160,4G LTE,41199,65.6,12.3,0.14,102.7,False,Fibre
SITE0403173,Rajasthan,RJ,North,438490,4G LTE,22279,45.5,9.0,0.26,70.4,False,Microwave
SITE0401028,Madhya Pradesh & Chhattisgarh,MP,North,694771,4G LTE,38978,45.4,7.2,0.76,59.7,False,Fibre
SITE0400122,Uttar Pradesh West,UPW,North,443862,5G SA,41321,50.8,13.1,1.24,123.0,False,Fibre
SITE0401402,Uttar Pradesh West,UPW,North,422509,4G LTE,15150,48.7,10.0,0.3,115.1,False,Fibre
SITE0402767,Madhya Pradesh & Chhattisgarh,MP,North,354847,5G NSA,38861,50.6,9.2,1.09,104.8,False,Microwave
SITE0403765,Uttar Pradesh East,UPE,North,238152,4G LTE,42316,51.7,7.4,0.72,45.1,False,Fibre
SITE0402955,Gujarat,GJ,West,691360,4G LTE,31566,18.0,17.0,0.7,110.3,False,Fibre
SITE0402828,Odisha,OR,East,580063,4G LTE,8038,72.3,5.7,0.54,158.7,False,Microwave
SITE0401778,Uttar Pradesh East,UPE,North,604252,5G SA,36378,54.6,10.5,0.66,80.3,False,Fibre
SITE0400923,Bihar & Jharkhand,BH,East,652233,4G LTE,25857,43.6,12.9,0.02,107.6,False,Fibre
SITE0402960,Mumbai,MU,West,502325,5G SA,30399,4.3,18.3,0.76,109.5,False,Microwave
SITE0403301,Andhra Pradesh & Telangana,AP,South,491082,4G LTE,8802,29.3,9.9,0.88,84.5,False,Fibre
SITE0400344,Uttar Pradesh West,UPW,North,246209,5G SA,36765,53.3,7.0,0.37,71.6,False,Fibre
SITE0402282,Karnataka,KA,South,193294,4G LTE,11264,39.3,9.2,0.88,95.3,False,Fibre
SITE0402897,Bihar & Jharkhand,BH,East,649209,5G SA,26146,72.1,8.6,0.36,52.2,False,Fibre
SITE0402139,Madhya Pradesh & Chhattisgarh,MP,North,110983,5G NSA,18173,57.9,16.5,1.36,87.0,False,Fibre
SITE0402933,West Bengal,WB,East,702529,4G LTE,19017,56.4,7.5,0.11,119.4,False,Fibre
SITE0402580,Rajasthan,RJ,North,514431,5G SA,17200,11.8,13.9,0.11,103.4,False,Microwave
SITE0400657,Gujarat,GJ,West,273441,4G LTE,18607,71.0,3.8,1.15,72.7,False,Fibre
SITE0403057,Madhya Pradesh & Chhattisgarh,MP,North,257206,5G SA,5197,21.3,2.3,1.05,170.0,False,Microwave
SITE0400000,Maharashtra & Goa,MH,West,386115,5G SA,20037,24.1,7.7,0.42,132.6,False,Fibre
SITE0403188,Uttar Pradesh East,UPE,North,526145,5G NSA,13430,68.5,3.2,1.29,38.1,False,Fibre
SITE0400413,Gujarat,GJ,West,597971,5G NSA,19359,37.4,14.3,0.18,61.2,False,Fibre
SITE0403796,Odisha,OR,East,258538,4G LTE,6245,51.6,2.2,0.38,75.0,False,Fibre
SITE0401808,Madhya Pradesh & Chhattisgarh,MP,North,157952,4G LTE,40450,58.5,12.7,0.74,75.8,False,Microwave
SITE0400651,Uttar Pradesh West,UPW,North,252825,5G NSA,36028,49.9,9.8,0.19,77.2,False,Fibre
SITE0400147,Tamil Nadu,TN,South,489510,5G NSA,42141,30.2,12.5,1.07,98.5,False,Microwave
SITE0402121,Uttar Pradesh West,UPW,North,530224,4G LTE,12201,49.6,13.5,0.12,52.3,False,Microwave
SITE0403460,Andhra Pradesh & Telangana,AP,South,311197,5G SA,8911,39.4,8.3,0.22,78.8,False,Fibre
SITE0403466,Tamil Nadu,TN,South,524330,5G NSA,39112,60.7,1.2,0.57,46.9,False,Fibre
SITE0402401,West Bengal,WB,East,199098,5G SA,25334,58.5,8.5,0.18,84.2,False,Microwave
SITE0402405,Tamil Nadu,TN,South,257953,5G SA,4265,59.7,6.2,0.9,62.9,False,Fibre
SITE0400009,Rajasthan,RJ,North,381991,5G NSA,15480,38.2,11.3,0.49,108.0,False,Fibre
SITE0402636,Kolkata,KO,East,846882,4G LTE,30294,26.8,13.8,0.47,56.5,False,Microwave
SITE0401279,Odisha,OR,East,810209,4G LTE,37787,61.8,6.3,1.52,27.8,False,Fibre
SITE0401855,Andhra Pradesh & Telangana,AP,South,606665,4G LTE,10703,30.5,18.6,0.63,89.4,False,Fibre
SITE0400426,Delhi NCR,DL,North,590120,5G SA,26327,46.2,10.8,0.99,51.6,False,Fibre
SITE0402619,Bihar & Jharkhand,BH,East,123391,5G SA,7104,48.2,14.7,0.92,13.3,False,Fibre
SITE0401200,Mumbai,MU,West,651963,5G NSA,29407,21.6,13.4,0.78,66.4,False,Fibre
SITE0402891,Rajasthan,RJ,North,557819,4G LTE,13388,41.9,17.2,0.6,59.1,False,Fibre
SITE0403600,Odisha,OR,East,218660,4G LTE,39427,16.8,14.6,0.41,170.2,False,Fibre
SITE0403186,Karnataka,KA,South,445792,5G NSA,22719,33.5,11.5,0.41,45.6,False,Fibre
SITE0403550,Gujarat,GJ,West,511954,4G LTE,23572,52.9,13.0,0.47,43.1,False,Fibre
SITE0402871,Punjab,PB,North,650619,5G NSA,8226,71.9,8.4,0.51,71.3,False,Fibre
SITE0400832,Odisha,OR,East,604918,4G LTE,26844,48.3,10.8,0.71,88.1,False,Fibre
SITE0401223,Bihar & Jharkhand,BH,East,848541,5G NSA,21987,26.9,14.7,1.14,127.9,False,Fibre
SITE0401255,Gujarat,GJ,West,162127,5G SA,40016,38.1,6.3,0.3,100.7,False,Fibre
SITE0400680,Uttar Pradesh West,UPW,North,451760,4G LTE,15372,37.4,7.0,0.21,132.4,False,Fibre
SITE0403510,Punjab,PB,North,172437,5G NSA,21746,39.3,8.2,0.38,83.3,False,Fibre
SITE0401973,Gujarat,GJ,West,352030,5G NSA,26692,41.7,11.1,0.2,1.5,False,Fibre
SITE0400557,Kolkata,KO,East,156319,5G SA,41443,15.0,7.4,0.76,123.8,False,Microwave
SITE0401384,West Bengal,WB,East,267985,5G NSA,21198,70.0,-0.5,0.96,58.3,False,Fibre
SITE0402064,Karnataka,KA,South,598598,5G SA,24550,59.5,18.4,0.65,81.3,False,Fibre
SITE0400749,Uttar Pradesh West,UPW,North,846257,4G LTE,10872,60.7,1.9,0.76,76.5,False,Fibre
SITE0403597,Madhya Pradesh & Chhattisgarh,MP,North,842828,5G SA,6097,33.4,11.5,0.16,82.4,False,Fibre
SITE0401646,Tamil Nadu,TN,South,206000,4G LTE,40415,31.1,10.1,1.48,99.6,False,Microwave
SITE0403311,Tamil Nadu,TN,South,449935,5G SA,22685,9.9,16.2,0.3,128.9,False,Fibre
SITE0400883,Madhya Pradesh & Chhattisgarh,MP,North,818033,5G SA,8431,99.0,3.5,0.66,20.8,True,Fibre
SITE0402863,Karnataka,KA,South,726579,4G LTE,28980,57.1,10.3,0.11,22.7,False,Fibre
SITE0401907,Andhra Pradesh & Telangana,AP,South,113793,5G NSA,24365,25.4,13.8,1.51,68.0,False,Microwave
SITE0400176,Bihar & Jharkhand,BH,East,420015,5G NSA,36767,29.8,17.0,0.12,105.0,False,Fibre
SITE0400909,Andhra Pradesh & Telangana,AP,South,407623,4G LTE,25170,56.8,7.9,0.99,90.1,False,Microwave
SITE0400322,Andhra Pradesh & Telangana,AP,South,211527,5G SA,32379,48.9,18.7,0.31,60.5,False,Fibre
SITE0402110,Uttar Pradesh East,UPE,North,152882,5G SA,7292,98.0,6.2,0.1,69.1,True,Microwave
SITE0400058,Uttar Pradesh East,UPE,North,500449,5G SA,31931,86.7,5.2,0.18,113.1,True,Fibre
SITE0402283,Delhi NCR,DL,North,518829,5G NSA,32197,63.3,10.3,0.21,72.4,False,Microwave
SITE0402689,Madhya Pradesh & Chhattisgarh,MP,North,317150,4G LTE,25119,34.8,15.3,2.64,88.2,False,Microwave
SITE0402935,Mumbai,MU,West,186697,4G LTE,20861,43.8,10.7,0.75,38.9,False,Microwave
SITE0400604,Punjab,PB,North,674174,5G SA,2309,36.5,7.4,1.03,76.8,False,Fibre
SITE0401385,Rajasthan,RJ,North,701209,4G LTE,36673,65.6,15.0,1.44,120.9,False,Microwave
SITE0403040,Madhya Pradesh & Chhattisgarh,MP,North,299607,5G NSA,37902,90.5,-1.8,0.75,44.8,True,Fibre
SITE0402372,Uttar Pradesh West,UPW,North,120508,4G LTE,31713,87.9,5.9,1.03,84.4,True,Fibre
SITE0400016,Bihar & Jharkhand,BH,East,787627,5G NSA,27508,71.0,15.0,0.4,46.1,False,Fibre
SITE0400141,Delhi NCR,DL,North,616995,5G SA,17124,22.8,11.8,0.18,112.5,False,Fibre
SITE0403334,Bihar & Jharkhand,BH,East,241339,5G NSA,28201,27.4,12.3,0.48,195.7,False,Microwave
SITE0403511,Kerala,KL,South,180007,5G SA,28362,68.0,10.5,0.79,50.6,False,Microwave
SITE0400120,Rajasthan,RJ,North,569281,5G NSA,29836,65.0,18.9,0.58,98.5,False,Microwave
SITE0402145,Bihar & Jharkhand,BH,East,531959,4G LTE,40283,46.9,9.9,0.29,63.9,False,Fibre
SITE0401166,Maharashtra & Goa,MH,West,245599,5G SA,40972,53.9,7.7,0.21,128.0,False,Fibre
SITE0400705,Kerala,KL,South,476563,4G LTE,37088,20.5,9.1,0.68,81.9,False,Fibre
SITE0400628,Haryana,HR,North,172006,4G LTE,13909,9.5,13.8,0.32,136.9,False,Fibre
SITE0401273,Maharashtra & Goa,MH,West,381767,5G NSA,21978,60.3,4.6,0.33,63.6,False,Microwave
SITE0403309,Uttar Pradesh West,UPW,North,533403,4G LTE,28305,95.0,6.8,1.33,53.5,True,Fibre
SITE0402775,Maharashtra & Goa,MH,West,636360,5G NSA,33328,39.1,11.8,0.49,77.1,False,Fibre
SITE0403538,Madhya Pradesh & Chhattisgarh,MP,North,680980,5G NSA,25433,57.8,4.3,0.86,102.2,False,Microwave
SITE0403159,Uttar Pradesh West,UPW,North,421955,5G SA,10408,47.9,12.5,0.55,50.5,False,Fibre
SITE0403030,Uttar Pradesh East,UPE,North,444222,5G NSA,26606,76.8,4.6,0.34,117.2,True,Fibre
SITE0400285,Kolkata,KO,East,198554,4G LTE,29141,48.6,13.7,0.42,52.5,False,Fibre
SITE0402606,Karnataka,KA,South,459926,5G SA,22818,52.0,13.6,0.58,90.4,False,Fibre
SITE0402836,Maharashtra & Goa,MH,West,834258,5G SA,12589,28.2,8.1,0.37,105.8,False,Fibre
SITE0400002,Mumbai,MU,West,209192,5G SA,11824,34.1,6.4,0.61,57.5,False,Fibre
SITE0402849,North East,NE,East,202248,5G NSA,32976,69.3,8.8,0.2,27.7,False,Fibre
SITE0400893,Uttar Pradesh West,UPW,North,110548,5G SA,28957,34.2,10.1,0.87,64.9,False,Fibre
SITE0403392,Mumbai,MU,West,653822,5G SA,25918,33.0,13.4,0.61,92.3,False,Fibre
SITE0402058,Mumbai,MU,West,764935,5G SA,14403,38.2,11.3,0.14,80.7,False,Microwave
SITE0402238,Mumbai,MU,West,300066,5G SA,7871,11.9,6.7,0.26,22.1,False,Fibre
SITE0402562,Kerala,KL,South,384967,5G SA,7495,41.6,13.6,0.67,92.8,False,Fibre
SITE0403748,Rajasthan,RJ,North,121800,4G LTE,26834,26.4,8.3,0.4,47.3,False,Fibre
SITE0401688,Karnataka,KA,South,719752,5G SA,36419,31.9,18.3,0.35,98.3,False,Fibre
SITE0400119,Tamil Nadu,TN,South,439547,5G SA,8160,35.8,6.3,0.47,39.8,False,Microwave
SITE0402496,Uttar Pradesh East,UPE,North,513391,4G LTE,7521,55.1,4.7,0.61,98.2,False,Microwave
SITE0403002,West Bengal,WB,East,222787,4G LTE,3383,40.6,15.3,0.13,94.4,False,Fibre
SITE0401483,Haryana,HR,North,383061,5G SA,30276,57.8,8.6,0.07,108.0,False,Microwave
SITE0400871,Assam,AS,East,280938,4G LTE,2994,55.6,9.1,0.31,113.5,False,Fibre
SITE0403135,Kolkata,KO,East,386518,4G LTE,13783,28.0,4.2,0.08,65.9,False,Fibre
SITE0400709,West Bengal,WB,East,722057,5G NSA,36384,52.2,5.1,0.79,30.5,False,Fibre
SITE0403640,Delhi NCR,DL,North,290111,4G LTE,16570,42.1,18.6,0.4,67.1,False,Fibre
SITE0400796,Maharashtra & Goa,MH,West,745204,4G LTE,21983,17.3,16.1,0.31,75.1,False,Fibre
SITE0403776,Bihar & Jharkhand,BH,East,546796,5G NSA,26608,16.3,17.1,0.73,9.7,False,Fibre
SITE0402484,Tamil Nadu,TN,South,141036,5G SA,17501,27.6,13.0,0.41,128.1,False,Fibre
SITE0400026,Bihar & Jharkhand,BH,East,818463,5G NSA,41413,65.0,10.5,0.48,56.9,False,Fibre
SITE0401309,Punjab,PB,North,772560,5G NSA,2190,59.0,10.0,0.27,118.3,False,Fibre
SITE0403132,Uttar Pradesh East,UPE,North,413338,4G LTE,28870,48.3,8.5,1.5,124.3,False,Microwave
SITE0401110,Delhi NCR,DL,North,620056,4G LTE,13021,20.6,9.7,1.42,160.8,False,Fibre
SITE0401287,Andhra Pradesh & Telangana,AP,South,585110,5G NSA,30772,28.3,7.4,0.13,184.6,False,Fibre
SITE0401269,Gujarat,GJ,West,481107,5G SA,24966,53.9,9.3,0.79,114.8,False,Fibre
SITE0403254,Assam,AS,East,210082,5G SA,5297,49.5,10.8,0.4,99.5,False,Fibre
SITE0402004,Maharashtra & Goa,MH,West,119428,5G NSA,7599,26.8,11.6,0.58,69.0,False,Fibre
SITE0402072,Maharashtra & Goa,MH,West,147037,5G NSA,22006,14.0,13.9,0.47,116.3,False,Fibre
SITE0403298,Mumbai,MU,West,379002,5G SA,7458,27.0,3.6,0.18,107.0,False,Fibre
SITE0401389,Bihar & Jharkhand,BH,East,847044,4G LTE,25594,77.9,6.0,0.9,79.4,True,Fibre
SITE0400169,Uttar Pradesh East,UPE,North,278648,4G LTE,6851,61.1,7.1,0.58,86.4,False,Fibre
SITE0402558,Tamil Nadu,TN,South,257396,5G SA,29169,51.5,9.2,0.34,45.6,False,Microwave
SITE0401439,Uttar Pradesh East,UPE,North,503944,4G LTE,18287,59.5,5.9,1.31,84.3,False,Fibre
SITE0401145,North East,NE,East,368304,4G LTE,35335,48.2,10.1,0.14,47.1,False,Microwave
SITE0401669,Uttar Pradesh West,UPW,North,478796,5G SA,3556,41.9,15.9,1.35,109.9,False,Fibre
SITE0402518,Uttar Pradesh West,UPW,North,449988,5G NSA,40196,31.1,7.7,0.08,40.9,False,Fibre
SITE0400887,Madhya Pradesh & Chhattisgarh,MP,North,853493,5G SA,40006,99.0,-0.7,0.29,42.0,True,Microwave
SITE0402788,Maharashtra & Goa,MH,West,421516,5G SA,3807,33.2,6.6,0.13,38.1,False,Fibre
SITE0402000,Kolkata,KO,East,446640,4G LTE,15045,51.4,1.6,0.29,37.3,False,Fibre
SITE0400558,Punjab,PB,North,485058,4G LTE,40368,57.5,9.1,0.56,26.6,False,Fibre
SITE0403352,Odisha,OR,East,251398,5G SA,27903,25.8,16.7,0.83,68.9,False,Fibre
SITE0401374,Madhya Pradesh & Chhattisgarh,MP,North,294426,4G LTE,5983,27.6,8.4,0.28,95.5,False,Fibre
SITE0402059,Kerala,KL,South,615089,5G NSA,13577,23.7,10.3,0.74,59.5,False,Microwave
SITE0403379,Gujarat,GJ,West,474555,4G LTE,17429,49.5,7.5,0.09,31.0,False,Fibre
SITE0401330,Karnataka,KA,South,290346,5G SA,32987,44.7,5.6,0.28,33.7,False,Microwave
SITE0400397,West Bengal,WB,East,341917,5G SA,34180,29.5,4.4,0.24,78.6,False,Fibre
SITE0402561,Uttar Pradesh East,UPE,North,326833,5G SA,8271,42.6,8.3,0.9,88.3,False,Fibre
SITE0401125,Kerala,KL,South,520388,4G LTE,13477,36.8,17.6,0.14,68.9,False,Microwave
SITE0401216,Maharashtra & Goa,MH,West,608687,5G SA,31919,73.1,1.8,0.44,61.1,False,Fibre
SITE0402135,Andhra Pradesh & Telangana,AP,South,577881,5G NSA,37259,30.5,5.8,0.43,89.4,False,Fibre
SITE0400552,Rajasthan,RJ,North,770220,4G LTE,31786,88.3,2.3,0.89,81.4,True,Microwave
SITE0401063,Punjab,PB,North,654294,5G NSA,39639,27.3,7.2,0.18,92.1,False,Microwave
SITE0400314,Maharashtra & Goa,MH,West,215552,5G SA,2853,12.3,9.0,0.48,97.3,False,Fibre
SITE0402284,Gujarat,GJ,West,404917,5G NSA,20933,42.9,16.2,0.08,115.7,False,Fibre
SITE0400011,Uttar Pradesh East,UPE,North,712354,4G LTE,28804,99.0,11.2,0.24,16.6,True,Microwave
SITE0402566,Gujarat,GJ,West,540553,4G LTE,22870,34.8,10.4,0.32,16.1,False,Fibre
SITE0400062,Tamil Nadu,TN,South,613765,5G SA,18418,61.9,8.9,0.76,130.7,False,Fibre
SITE0402798,Bihar & Jharkhand,BH,East,240634,5G SA,10050,75.4,2.6,0.53,68.5,True,Fibre
SITE0402999,Andhra Pradesh & Telangana,AP,South,278381,4G LTE,42386,54.2,6.9,1.13,132.4,False,Fibre
SITE0401170,Tamil Nadu,TN,South,214663,4G LTE,40780,47.9,12.9,0.51,69.5,False,Fibre
SITE0403701,Uttar Pradesh West,UPW,North,137559,5G NSA,25480,15.4,9.9,0.81,56.4,False,Fibre
SITE0401992,Madhya Pradesh & Chhattisgarh,MP,North,713152,5G SA,41587,99.0,9.2,1.41,33.7,True,Microwave
SITE0403020,Maharashtra & Goa,MH,West,258401,5G NSA,13536,82.7,2.0,0.79,53.8,True,Microwave
SITE0401486,Mumbai,MU,West,820367,5G NSA,22767,40.8,10.1,0.86,168.8,False,Fibre
SITE0401752,Rajasthan,RJ,North,460123,4G LTE,24736,34.1,6.1,0.28,104.8,False,Fibre
SITE0402065,Kerala,KL,South,510648,5G SA,28356,46.2,13.5,0.7,111.2,False,Fibre
SITE0400144,Karnataka,KA,South,703996,4G LTE,2702,63.3,1.3,1.02,63.7,False,Fibre
SITE0403446,Uttar Pradesh East,UPE,North,323562,5G SA,42261,83.6,-2.6,1.11,55.6,True,Fibre
SITE0403410,Andhra Pradesh & Telangana,AP,South,818023,5G NSA,35517,57.9,12.5,0.24,9.9,False,Fibre
SITE0403808,Karnataka,KA,South,189799,5G SA,33051,41.9,18.8,0.4,47.3,False,Fibre
SITE0401019,Madhya Pradesh & Chhattisgarh,MP,North,576121,5G SA,22342,30.3,10.9,0.01,58.4,False,Fibre
SITE0403430,Maharashtra & Goa,MH,West,391928,5G NSA,28955,26.9,17.4,0.68,92.5,False,Microwave
SITE0401718,West Bengal,WB,East,568152,4G LTE,12477,67.4,7.1,0.67,45.8,False,Fibre
SITE0402815,Himachal Pradesh,HP,North,425318,4G LTE,22396,30.4,7.1,0.66,58.5,False,Fibre
SITE0403371,Rajasthan,RJ,North,671925,4G LTE,9040,57.8,9.7,0.94,53.0,False,Fibre
SITE0400665,Haryana,HR,North,492367,5G SA,38032,34.3,10.4,0.37,124.9,False,Fibre
SITE0402866,Punjab,PB,North,497294,5G SA,34277,13.6,13.6,0.61,56.6,False,Fibre
SITE0400385,Tamil Nadu,TN,South,268129,5G SA,26828,28.7,9.1,0.45,64.6,False,Fibre
SITE0401676,Bihar & Jharkhand,BH,East,493044,4G LTE,4870,96.7,5.8,0.39,77.7,True,Fibre
SITE0403331,Kerala,KL,South,330867,5G NSA,32199,40.6,11.8,0.67,29.0,False,Microwave
SITE0401373,Punjab,PB,North,756327,5G NSA,34997,71.3,9.1,0.26,97.5,False,Fibre
SITE0400761,Andhra Pradesh & Telangana,AP,South,178705,4G LTE,19461,4.9,14.9,0.07,74.8,False,Microwave
SITE0400496,North East,NE,East,253291,5G SA,29438,51.6,9.9,0.18,102.1,False,Fibre
SITE0403438,Tamil Nadu,TN,South,593143,5G NSA,17425,33.9,4.8,1.27,115.4,False,Microwave
SITE0401475,Uttar Pradesh East,UPE,North,404169,5G SA,36570,74.8,11.5,0.61,80.3,True,Fibre
SITE0402055,Rajasthan,RJ,North,245084,5G NSA,19135,73.3,0.2,0.33,53.9,False,Microwave
SITE0401842,Uttar Pradesh West,UPW,North,735737,5G SA,20300,19.8,16.6,0.76,89.4,False,Fibre
SITE0401167,Haryana,HR,North,451977,4G LTE,33086,36.6,22.8,1.17,111.8,False,Fibre
SITE0403633,Odisha,OR,East,502151,4G LTE,28797,42.2,6.5,0.15,56.1,False,Fibre
SITE0401920,Uttar Pradesh East,UPE,North,307183,5G NSA,21129,99.0,6.1,1.8,25.1,True,Fibre
SITE0401256,Kerala,KL,South,519789,5G NSA,19903,20.6,18.6,0.06,129.5,False,Fibre
SITE0400406,Bihar & Jharkhand,BH,East,810813,5G SA,3887,41.5,12.8,0.49,127.3,False,Fibre
SITE0400315,West Bengal,WB,East,304793,5G NSA,13989,40.4,15.5,0.3,57.1,False,Fibre
SITE0400912,Karnataka,KA,South,367991,5G SA,33245,59.6,9.9,0.16,73.5,False,Fibre
SITE0401151,Maharashtra & Goa,MH,West,718762,5G SA,10073,38.5,14.8,0.14,55.5,False,Microwave
SITE0401708,Kolkata,KO,East,353567,4G LTE,22995,34.0,5.9,0.53,102.0,False,Fibre
SITE0402037,Madhya Pradesh & Chhattisgarh,MP,North,844390,4G LTE,20888,99.0,0.5,0.85,3.7,True,Fibre
SITE0402459,Bihar & Jharkhand,BH,East,855033,5G SA,35553,35.9,10.9,0.31,67.3,False,Microwave
SITE0402779,Tamil Nadu,TN,South,181163,4G LTE,1846,25.4,7.9,0.21,107.7,False,Fibre
SITE0400504,Maharashtra & Goa,MH,West,568516,5G SA,25709,34.0,9.8,0.15,77.9,False,Fibre
SITE0402811,Uttar Pradesh East,UPE,North,426094,5G SA,19609,54.1,13.7,0.22,123.3,False,Microwave
SITE0400142,West Bengal,WB,East,610598,4G LTE,37234,51.3,6.0,0.01,55.3,False,Fibre
SITE0402823,Delhi NCR,DL,North,608821,4G LTE,6633,26.3,9.7,0.29,100.8,False,Microwave
SITE0402444,Uttar Pradesh East,UPE,North,823778,4G LTE,24340,80.2,3.0,0.51,79.4,True,Fibre
SITE0401785,Maharashtra & Goa,MH,West,240556,5G SA,34805,67.3,12.2,0.59,102.2,False,Fibre
SITE0403184,Odisha,OR,East,752641,5G SA,28678,23.8,4.4,0.59,103.8,False,Microwave
SITE0401171,Odisha,OR,East,737633,5G SA,9998,48.7,14.5,0.59,41.4,False,Fibre
SITE0403170,Uttar Pradesh East,UPE,North,515958,5G SA,5383,60.5,8.6,2.19,25.9,False,Fibre
SITE0402061,Bihar & Jharkhand,BH,East,157170,5G NSA,20734,86.5,10.6,1.87,34.1,True,Fibre
SITE0400064,Mumbai,MU,West,317171,4G LTE,4258,18.0,12.0,0.18,110.0,False,Microwave
SITE0401449,Bihar & Jharkhand,BH,East,274407,4G LTE,9597,48.0,6.9,0.82,58.1,False,Fibre
SITE0400037,Madhya Pradesh & Chhattisgarh,MP,North,734409,4G LTE,21024,53.1,4.5,0.04,8.3,False,Microwave
SITE0401190,Rajasthan,RJ,North,789044,5G NSA,16214,86.0,8.3,0.35,43.0,True,Microwave
SITE0400721,Bihar & Jharkhand,BH,East,798150,5G NSA,4225,99.0,5.6,0.73,42.9,True,Microwave
SITE0402149,Madhya Pradesh & Chhattisgarh,MP,North,371296,4G LTE,29991,94.6,8.8,1.06,97.1,True,Fibre
SITE0400258,Rajasthan,RJ,North,572953,4G LTE,41468,28.0,14.1,0.23,18.8,False,Fibre
SITE0403675,Kolkata,KO,East,774741,5G NSA,15935,65.6,0.2,0.19,9.7,False,Fibre
SITE0402690,Andhra Pradesh & Telangana,AP,South,162251,5G NSA,33156,64.1,7.2,0.35,63.2,False,Fibre
SITE0401422,Kolkata,KO,East,229160,5G NSA,40217,45.3,9.6,0.48,100.8,False,Fibre
SITE0400601,Uttar Pradesh West,UPW,North,121897,5G SA,4337,34.4,6.9,0.75,96.6,False,Fibre
SITE0402902,Bihar & Jharkhand,BH,East,141737,4G LTE,20621,47.6,6.4,0.36,100.8,False,Fibre
SITE0400686,Himachal Pradesh,HP,North,653222,5G SA,22108,18.7,15.2,0.65,64.9,False,Fibre
SITE0401196,Maharashtra & Goa,MH,West,451126,5G NSA,8870,78.7,5.1,0.47,1.5,True,Fibre
SITE0400741,Tamil Nadu,TN,South,596190,5G SA,15750,50.5,15.3,0.39,43.4,False,Fibre
SITE0402367,Bihar & Jharkhand,BH,East,481541,5G NSA,37587,79.6,3.7,0.46,55.6,True,Microwave
SITE0403592,Maharashtra & Goa,MH,West,198347,5G SA,23325,69.3,4.4,0.72,88.4,False,Microwave
SITE0402452,West Bengal,WB,East,581692,5G NSA,13605,63.7,12.5,0.83,107.2,False,Fibre
SITE0400297,Uttar Pradesh East,UPE,North,271090,5G NSA,20487,81.8,9.3,0.35,42.2,True,Fibre
SITE0400612,Andhra Pradesh & Telangana,AP,South,375552,4G LTE,2561,64.3,-1.5,0.2,68.9,False,Fibre
SITE0402704,Uttar Pradesh West,UPW,North,705009,5G SA,28170,58.8,4.4,1.48,102.2,False,Fibre
SITE0400924,Maharashtra & Goa,MH,West,131156,4G LTE,36555,53.5,9.0,0.45,174.6,False,Fibre
SITE0403340,Jammu & Kashmir,JK,North,692933,4G LTE,6140,35.2,16.6,0.46,75.3,False,Fibre
SITE0403055,Punjab,PB,North,854739,5G SA,22750,34.7,16.9,0.69,29.4,False,Fibre
SITE0401205,Madhya Pradesh & Chhattisgarh,MP,North,361656,5G NSA,3642,55.1,3.1,0.15,60.3,False,Fibre
SITE0401687,Madhya Pradesh & Chhattisgarh,MP,North,829655,4G LTE,28999,29.8,6.5,0.22,125.6,False,Fibre
SITE0403718,Karnataka,KA,South,612735,4G LTE,11485,46.6,6.4,1.08,53.8,False,Fibre
SITE0400679,Mumbai,MU,West,851913,4G LTE,34833,38.1,17.4,0.51,77.9,False,Fibre
SITE0403246,Maharashtra & Goa,MH,West,492578,4G LTE,25213,39.0,16.4,1.21,64.1,False,Fibre
SITE0403172,Haryana,HR,North,259909,4G LTE,39439,69.7,4.1,0.69,33.8,False,Microwave
SITE0402910,Haryana,HR,North,154474,5G SA,23208,50.6,11.5,0.72,101.9,False,Fibre
SITE0403829,Gujarat,GJ,West,515079,5G NSA,11792,67.5,4.6,0.11,32.7,False,Fibre
SITE0400519,Gujarat,GJ,West,833348,5G NSA,23185,19.8,10.4,0.41,74.1,False,Microwave
SITE0402266,Andhra Pradesh & Telangana,AP,South,284257,5G NSA,32691,14.7,9.4,0.79,146.0,False,Microwave
SITE0401584,Assam,AS,East,492128,4G LTE,35920,33.0,16.9,0.1,43.0,False,Fibre
SITE0400763,Bihar & Jharkhand,BH,East,584405,4G LTE,35288,68.0,4.7,0.58,122.5,False,Fibre
SITE0400677,Punjab,PB,North,830852,4G LTE,42206,59.1,5.2,1.32,99.1,False,Microwave
SITE0400235,Uttar Pradesh West,UPW,North,221354,5G SA,2451,42.9,2.3,0.6,125.2,False,Microwave
SITE0402853,Madhya Pradesh & Chhattisgarh,MP,North,601412,4G LTE,33277,41.1,11.1,2.66,88.7,False,Fibre
SITE0402335,Uttar Pradesh East,UPE,North,144635,5G NSA,13682,13.1,10.6,1.01,68.0,False,Fibre
SITE0401129,Madhya Pradesh & Chhattisgarh,MP,North,818639,5G SA,27021,30.9,12.7,0.25,83.1,False,Fibre
SITE0402311,Odisha,OR,East,755146,5G SA,2079,47.4,16.8,0.27,121.0,False,Fibre
SITE0403647,Haryana,HR,North,789164,5G NSA,14219,35.5,10.0,0.94,83.1,False,Fibre
SITE0401692,Uttar Pradesh East,UPE,North,646761,4G LTE,13685,88.8,0.0,0.36,124.1,True,Microwave
SITE0403156,Delhi NCR,DL,North,147693,5G SA,40613,65.0,6.9,0.45,79.5,False,Microwave
SITE0400767,Tamil Nadu,TN,South,846884,5G SA,13944,30.1,11.7,0.57,56.1,False,Fibre
SITE0403712,Mumbai,MU,West,340399,5G NSA,9122,54.5,11.7,0.77,94.5,False,Fibre
SITE0403669,Andhra Pradesh & Telangana,AP,South,708771,5G NSA,40542,70.7,11.1,0.03,45.3,False,Fibre
SITE0402715,Uttar Pradesh West,UPW,North,463315,4G LTE,35388,99.0,5.0,0.13,24.6,True,Fibre
SITE0401202,Kerala,KL,South,618752,5G NSA,3835,25.9,6.9,0.87,72.8,False,Fibre
SITE0402322,Madhya Pradesh & Chhattisgarh,MP,North,649705,5G SA,27303,45.8,10.6,0.43,93.3,False,Microwave
SITE0400109,Kerala,KL,South,262534,5G SA,22857,60.9,2.1,0.53,33.0,False,Fibre
SITE0402656,Karnataka,KA,South,301154,5G SA,26409,55.2,3.3,0.49,103.4,False,Fibre
SITE0403580,Uttar Pradesh West,UPW,North,440350,5G NSA,2426,57.4,5.3,0.73,89.7,False,Fibre
SITE0400841,Uttar Pradesh West,UPW,North,471077,5G NSA,17469,65.5,13.0,0.44,29.9,False,Fibre
SITE0402521,Andhra Pradesh & Telangana,AP,South,212615,5G NSA,8309,21.9,10.8,0.18,100.4,False,Fibre
SITE0403221,Andhra Pradesh & Telangana,AP,South,409371,5G SA,5606,23.1,9.4,0.23,154.8,False,Fibre
SITE0402622,West Bengal,WB,East,521750,5G SA,25707,55.1,8.1,1.04,18.5,False,Microwave
SITE0401218,Delhi NCR,DL,North,479918,4G LTE,42086,37.8,9.5,0.48,121.4,False,Fibre
SITE0401526,Punjab,PB,North,551655,5G SA,41097,95.4,-1.1,0.94,49.3,True,Fibre
SITE0401135,Kerala,KL,South,240773,5G NSA,4821,38.0,18.6,0.05,70.3,False,Fibre
SITE0401533,Punjab,PB,North,344588,5G SA,29371,41.5,6.0,0.65,64.0,False,Fibre
SITE0400884,Andhra Pradesh & Telangana,AP,South,141177,4G LTE,2089,53.2,14.1,0.78,90.6,False,Fibre
SITE0400231,Karnataka,KA,South,142775,5G NSA,2855,29.3,16.4,0.43,53.9,False,Fibre
SITE0400239,Maharashtra & Goa,MH,West,162230,5G SA,36471,45.1,4.2,0.17,60.8,False,Fibre
SITE0403731,Madhya Pradesh & Chhattisgarh,MP,North,373291,4G LTE,18233,18.8,3.9,0.66,98.3,False,Microwave
SITE0403378,Bihar & Jharkhand,BH,East,648991,4G LTE,32964,61.0,6.2,0.77,84.9,False,Fibre
SITE0401096,Kolkata,KO,East,350343,4G LTE,20975,44.2,19.9,0.13,31.3,False,Fibre
SITE0401911,Karnataka,KA,South,671509,4G LTE,3740,16.9,15.6,0.24,89.8,False,Fibre
SITE0403293,Bihar & Jharkhand,BH,East,599251,4G LTE,38666,67.3,6.5,0.25,66.8,False,Microwave
SITE0401308,Punjab,PB,North,130831,5G SA,22580,30.6,13.3,0.76,50.2,False,Fibre
SITE0400831,Delhi NCR,DL,North,816553,5G SA,11559,57.7,11.9,1.21,46.5,False,Fibre
SITE0401430,Karnataka,KA,South,207298,4G LTE,29035,21.6,14.0,0.85,121.1,False,Fibre
SITE0402887,North East,NE,East,160066,4G LTE,21678,51.9,13.8,0.79,1.5,False,Fibre
SITE0401180,Rajasthan,RJ,North,766834,5G SA,42423,15.0,14.6,1.09,50.6,False,Fibre
SITE0403636,Madhya Pradesh & Chhattisgarh,MP,North,404587,4G LTE,3703,90.7,4.3,1.59,43.3,True,Microwave
SITE0401040,Madhya Pradesh & Chhattisgarh,MP,North,174514,5G SA,8636,48.7,0.0,1.89,98.3,False,Fibre
SITE0400701,Uttar Pradesh West,UPW,North,183042,5G SA,4885,56.7,9.6,2.39,87.6,False,Fibre
SITE0402601,Uttar Pradesh West,UPW,North,484302,4G LTE,29657,54.0,15.7,0.71,53.8,False,Fibre
SITE0402659,Maharashtra & Goa,MH,West,786201,5G NSA,4867,27.5,6.6,0.48,52.1,False,Fibre
SITE0403303,Kerala,KL,South,812654,4G LTE,41009,32.5,6.4,0.11,49.8,False,Fibre
SITE0401084,Haryana,HR,North,709318,4G LTE,16453,35.0,16.9,0.71,62.3,False,Fibre
SITE0403655,Madhya Pradesh & Chhattisgarh,MP,North,726540,5G NSA,28356,47.7,5.9,0.63,114.1,False,Microwave
SITE0403129,Andhra Pradesh & Telangana,AP,South,657811,5G SA,32776,24.1,13.1,1.13,132.8,False,Microwave
SITE0403499,Assam,AS,East,808345,4G LTE,36277,66.3,7.0,1.39,74.3,False,Fibre
SITE0400594,Bihar & Jharkhand,BH,East,135819,4G LTE,40634,41.7,6.5,1.34,80.9,False,Fibre
SITE0400522,Tamil Nadu,TN,South,118634,4G LTE,41296,47.2,9.0,2.04,25.6,False,Fibre
SITE0400575,Uttar Pradesh West,UPW,North,392873,5G SA,2053,35.9,11.1,0.25,72.2,False,Fibre
SITE0402129,Andhra Pradesh & Telangana,AP,South,546149,5G SA,30433,69.8,19.9,0.14,104.8,False,Fibre
SITE0402912,Gujarat,GJ,West,337718,5G SA,12497,28.4,8.6,1.25,102.1,False,Fibre
SITE0403106,Maharashtra & Goa,MH,West,555545,4G LTE,27993,44.3,6.6,0.78,101.5,False,Fibre
SITE0403716,Uttar Pradesh East,UPE,North,725280,5G NSA,12829,70.6,-1.7,2.02,14.1,False,Fibre
SITE0403063,Uttar Pradesh East,UPE,North,362842,5G NSA,11115,40.3,4.2,0.34,96.4,False,Microwave
SITE0402430,Madhya Pradesh & Chhattisgarh,MP,North,129938,5G NSA,24109,63.3,2.3,0.36,116.8,False,Fibre
SITE0403435,Karnataka,KA,South,190346,4G LTE,11064,53.6,14.8,1.0,40.7,False,Fibre
SITE0402826,Tamil Nadu,TN,South,425832,5G SA,32777,13.3,15.8,0.17,42.1,False,Fibre
SITE0401641,Maharashtra & Goa,MH,West,763150,5G NSA,29458,12.7,8.2,0.5,168.7,False,Fibre
SITE0400409,Maharashtra & Goa,MH,West,725235,5G SA,22766,70.5,7.2,0.63,56.8,False,Fibre
SITE0403365,Uttar Pradesh East,UPE,North,282519,4G LTE,22906,45.3,11.7,0.07,102.0,False,Fibre
SITE0402816,Rajasthan,RJ,North,714233,4G LTE,7781,75.5,2.0,1.34,66.7,True,Fibre
SITE0401061,Punjab,PB,North,571079,4G LTE,21348,44.3,8.2,0.13,122.1,False,Fibre
SITE0403204,Jammu & Kashmir,JK,North,294624,5G SA,27715,40.7,8.7,0.61,109.3,False,Fibre
SITE0403031,Himachal Pradesh,HP,North,388713,4G LTE,29627,24.6,11.7,0.52,79.6,False,Fibre
SITE0403565,West Bengal,WB,East,544516,5G NSA,13179,15.6,11.6,0.61,110.0,False,Fibre
SITE0401827,Uttar Pradesh East,UPE,North,197246,5G SA,21383,96.0,14.5,0.44,63.3,True,Fibre
SITE0400724,Odisha,OR,East,464625,4G LTE,8879,57.6,13.5,0.4,45.7,False,Fibre
SITE0401502,Madhya Pradesh & Chhattisgarh,MP,North,789505,4G LTE,28263,53.3,0.3,0.71,65.5,False,Fibre
SITE0400745,Odisha,OR,East,514275,4G LTE,37523,19.5,12.2,0.21,160.0,False,Fibre
SITE0401558,Uttar Pradesh East,UPE,North,111550,5G SA,34620,75.4,1.5,0.15,17.4,True,Fibre
SITE0400590,Madhya Pradesh & Chhattisgarh,MP,North,403097,4G LTE,3484,54.8,11.4,0.29,43.3,False,Fibre
SITE0401463,Karnataka,KA,South,138291,5G NSA,33405,35.5,16.9,0.24,78.2,False,Fibre
SITE0400676,Karnataka,KA,South,408099,4G LTE,24779,36.4,15.7,0.32,138.1,False,Fibre
SITE0402410,Rajasthan,RJ,North,189101,5G NSA,19847,45.7,1.2,0.38,101.0,False,Fibre
SITE0402753,Rajasthan,RJ,North,620612,5G SA,19591,18.0,15.5,0.88,48.9,False,Microwave
SITE0401006,Delhi NCR,DL,North,261967,5G SA,34673,28.4,10.1,0.21,42.6,False,Fibre
SITE0403042,Karnataka,KA,South,294594,4G LTE,17154,20.5,6.6,1.36,107.6,False,Fibre
SITE0400952,Delhi NCR,DL,North,370720,4G LTE,17866,44.1,9.4,0.62,122.7,False,Fibre
SITE0401893,Punjab,PB,North,384590,5G NSA,29485,96.9,1.9,0.19,85.4,True,Fibre
SITE0401082,Karnataka,KA,South,465534,4G LTE,22696,10.9,11.2,0.27,89.0,False,Fibre
SITE0403111,Karnataka,KA,South,298010,5G SA,7093,49.8,12.9,0.8,29.8,False,Microwave
SITE0401766,Karnataka,KA,South,262009,5G SA,25970,70.9,7.4,0.34,88.1,False,Fibre
SITE0402647,Rajasthan,RJ,North,812217,5G SA,17151,25.2,5.9,0.13,103.0,False,Fibre
SITE0403628,Madhya Pradesh & Chhattisgarh,MP,North,670791,5G SA,24926,42.0,10.4,0.59,63.3,False,Fibre
SITE0403120,Uttar Pradesh West,UPW,North,651386,4G LTE,9925,55.6,6.4,0.87,89.5,False,Fibre
SITE0400216,Karnataka,KA,South,369962,5G SA,11647,20.6,12.2,0.19,98.7,False,Fibre
SITE0401658,Uttar Pradesh East,UPE,North,121333,5G NSA,37470,99.0,2.4,0.99,70.0,True,Fibre
SITE0400308,Uttar Pradesh West,UPW,North,744440,4G LTE,32013,30.6,8.9,0.59,47.5,False,Fibre
SITE0401877,Rajasthan,RJ,North,461778,5G SA,18798,43.3,13.6,1.47,81.9,False,Fibre
SITE0403417,Assam,AS,East,710001,5G SA,39075,42.7,10.6,0.49,75.8,False,Fibre
SITE0402731,Rajasthan,RJ,North,476431,5G NSA,38358,26.7,8.1,0.52,61.8,False,Microwave
SITE0402621,Uttar Pradesh East,UPE,North,119891,5G NSA,18170,60.2,5.0,0.31,135.9,False,Fibre
SITE0400043,Gujarat,GJ,West,684347,5G SA,27975,32.8,16.4,0.26,106.6,False,Fibre
SITE0402212,Delhi NCR,DL,North,686396,4G LTE,35326,28.5,2.2,0.59,48.3,False,Microwave
SITE0401481,Punjab,PB,North,360044,4G LTE,41725,79.5,8.2,0.29,88.8,True,Fibre
SITE0403838,Uttar Pradesh West,UPW,North,642278,5G SA,22823,49.6,8.5,0.29,73.7,False,Fibre
SITE0400563,Andhra Pradesh & Telangana,AP,South,424577,4G LTE,24668,50.4,7.3,0.93,75.8,False,Fibre
SITE0401736,Kolkata,KO,East,346629,4G LTE,37120,57.5,7.2,0.09,77.7,False,Microwave
SITE0403837,Maharashtra & Goa,MH,West,638809,5G NSA,3660,20.3,9.0,0.23,110.2,False,Fibre
SITE0400723,Karnataka,KA,South,548945,4G LTE,4292,47.8,9.9,0.03,28.3,False,Fibre
SITE0400277,Karnataka,KA,South,752853,5G NSA,19658,11.7,6.4,0.16,53.6,False,Fibre
SITE0400367,North East,NE,East,516552,4G LTE,15054,40.9,4.4,1.94,77.0,False,Fibre
SITE0400602,Maharashtra & Goa,MH,West,159843,4G LTE,18630,23.8,8.1,1.11,122.3,False,Microwave
SITE0402781,Punjab,PB,North,643263,5G SA,15690,35.6,14.9,0.39,107.9,False,Fibre
SITE0401801,West Bengal,WB,East,697995,5G SA,23309,41.0,1.7,0.96,91.7,False,Microwave
SITE0401633,Uttar Pradesh East,UPE,North,174701,5G NSA,13270,75.1,3.2,1.92,82.0,True,Fibre
SITE0400415,Bihar & Jharkhand,BH,East,315356,4G LTE,31584,31.1,8.0,0.74,139.8,False,Microwave
SITE0403323,Andhra Pradesh & Telangana,AP,South,749598,4G LTE,19199,62.8,11.0,0.24,54.0,False,Fibre
SITE0400035,Maharashtra & Goa,MH,West,435076,5G NSA,6273,36.8,14.6,0.36,89.1,False,Microwave
SITE0400775,Bihar & Jharkhand,BH,East,376603,5G SA,15813,47.5,11.3,0.44,80.1,False,Microwave
SITE0401459,Madhya Pradesh & Chhattisgarh,MP,North,526084,5G SA,11117,64.5,6.0,0.85,58.2,False,Fibre
SITE0403226,Kerala,KL,South,318691,4G LTE,34384,48.4,12.8,0.16,47.7,False,Fibre
SITE0401742,Kerala,KL,South,500385,4G LTE,34168,28.0,8.4,0.42,103.8,False,Fibre
SITE0403747,Madhya Pradesh & Chhattisgarh,MP,North,674350,5G NSA,14721,36.7,11.1,1.54,123.9,False,Microwave
SITE0400733,Rajasthan,RJ,North,482251,5G SA,14243,57.2,9.7,0.82,56.0,False,Fibre
SITE0401554,Punjab,PB,North,636133,4G LTE,11558,39.9,5.6,0.47,58.5,False,Fibre
SITE0400903,Kerala,KL,South,248729,4G LTE,20176,20.1,10.3,0.04,132.0,False,Fibre
SITE0400014,Assam,AS,East,144579,4G LTE,29964,65.7,10.3,0.72,71.5,False,Microwave
SITE0402599,Andhra Pradesh & Telangana,AP,South,286286,4G LTE,19610,32.6,5.9,0.67,78.0,False,Fibre
SITE0400425,Gujarat,GJ,West,488614,4G LTE,33373,4.7,16.3,0.55,115.1,False,Fibre
SITE0402285,Madhya Pradesh & Chhattisgarh,MP,North,197319,5G SA,25911,54.4,10.0,1.27,92.4,False,Microwave
SITE0400699,Bihar & Jharkhand,BH,East,222325,5G NSA,29681,76.1,6.6,0.16,74.9,True,Fibre
SITE0401545,Delhi NCR,DL,North,248698,4G LTE,13942,31.8,7.3,0.24,83.4,False,Microwave
SITE0403685,Bihar & Jharkhand,BH,East,264148,5G SA,3929,85.1,9.3,1.07,16.1,True,Fibre
SITE0401217,Bihar & Jharkhand,BH,East,686101,4G LTE,40474,56.5,3.6,0.43,51.2,False,Fibre
SITE0400692,Uttar Pradesh West,UPW,North,396517,4G LTE,17061,65.4,10.2,0.08,78.9,False,Fibre
SITE0400401,Mumbai,MU,West,639461,5G SA,42469,38.5,12.7,0.76,145.6,False,Fibre
SITE0402378,Uttar Pradesh West,UPW,North,242285,5G NSA,18960,24.4,16.5,0.54,164.0,False,Fibre
SITE0402424,Andhra Pradesh & Telangana,AP,South,303251,5G SA,31697,54.3,4.3,0.33,45.9,False,Fibre
SITE0400135,Maharashtra & Goa,MH,West,283767,5G SA,32473,63.0,2.0,0.78,87.8,False,Fibre
SITE0403187,Tamil Nadu,TN,South,244388,4G LTE,37361,18.9,11.3,0.75,121.3,False,Fibre
SITE0402790,Uttar Pradesh West,UPW,North,512306,5G SA,5231,30.5,10.2,0.53,80.8,False,Fibre
SITE0401165,Maharashtra & Goa,MH,West,761705,5G SA,19697,63.2,3.8,0.13,82.5,False,Microwave
SITE0400424,Andhra Pradesh & Telangana,AP,South,656944,4G LTE,22963,18.9,11.5,1.04,95.8,False,Fibre
SITE0401679,Rajasthan,RJ,North,817380,4G LTE,18123,19.9,15.4,0.21,54.5,False,Microwave
SITE0403528,Karnataka,KA,South,122910,4G LTE,9854,41.7,6.4,0.2,108.2,False,Fibre
SITE0403564,Odisha,OR,East,326687,5G SA,6355,36.9,8.1,0.5,102.9,False,Fibre
SITE0403779,Andhra Pradesh & Telangana,AP,South,472830,5G NSA,12916,59.9,12.9,0.63,130.0,False,Fibre
SITE0403571,Kolkata,KO,East,404983,4G LTE,28704,21.2,12.6,0.59,113.5,False,Fibre
SITE0400573,Odisha,OR,East,313669,4G LTE,2634,54.2,11.6,0.35,98.9,False,Fibre
SITE0403255,Madhya Pradesh & Chhattisgarh,MP,North,456700,4G LTE,33650,62.4,8.8,0.59,52.5,False,Fibre
SITE0403485,Uttar Pradesh East,UPE,North,460790,4G LTE,41700,93.1,10.7,0.38,96.9,True,Microwave
SITE0400082,Maharashtra & Goa,MH,West,407529,4G LTE,14709,40.2,12.5,1.12,60.7,False,Microwave
SITE0400595,Jammu & Kashmir,JK,North,670218,5G SA,12392,54.8,8.0,0.51,28.6,False,Fibre
SITE0402709,Bihar & Jharkhand,BH,East,130606,4G LTE,33956,41.3,11.5,0.41,59.5,False,Fibre
SITE0401955,Kolkata,KO,East,486706,4G LTE,9589,30.0,9.6,0.06,1.5,False,Fibre
SITE0402380,Punjab,PB,North,776400,5G NSA,8463,66.3,12.0,0.02,61.3,False,Microwave
SITE0402458,Maharashtra & Goa,MH,West,499096,5G NSA,24003,27.0,12.3,0.43,27.2,False,Fibre
SITE0401947,Uttar Pradesh West,UPW,North,825681,4G LTE,41708,58.7,8.9,1.02,97.7,False,Fibre
SITE0402957,Andhra Pradesh & Telangana,AP,South,170876,4G LTE,16782,22.7,18.2,0.37,83.4,False,Microwave
SITE0400988,Uttar Pradesh West,UPW,North,797056,5G SA,25075,56.8,6.0,0.49,75.9,False,Fibre
SITE0400111,Haryana,HR,North,129595,5G SA,19654,18.7,13.2,0.1,93.5,False,Fibre
SITE0400562,Karnataka,KA,South,824115,5G SA,12472,64.5,6.1,0.08,33.1,False,Fibre
SITE0403045,Kolkata,KO,East,379828,5G SA,4976,24.2,1.5,0.49,112.4,False,Fibre
SITE0400250,Tamil Nadu,TN,South,627694,4G LTE,39842,43.9,9.1,0.85,66.7,False,Microwave
SITE0401568,Kerala,KL,South,786666,4G LTE,3056,32.7,11.0,0.35,91.2,False,Fibre
SITE0403670,Maharashtra & Goa,MH,West,390316,4G LTE,28790,82.1,8.2,0.51,95.9,True,Fibre
SITE0401236,Madhya Pradesh & Chhattisgarh,MP,North,126080,5G NSA,34487,65.5,13.4,0.11,140.6,False,Fibre
SITE0402236,Madhya Pradesh & Chhattisgarh,MP,North,457513,5G NSA,8341,62.5,9.9,1.79,42.1,False,Fibre
SITE0400435,Delhi NCR,DL,North,516089,5G SA,32837,40.2,7.6,0.27,128.6,False,Fibre
SITE0401290,West Bengal,WB,East,500680,4G LTE,33199,12.2,7.5,1.13,171.9,False,Fibre
SITE0403555,Uttar Pradesh West,UPW,North,307140,5G SA,4728,90.6,3.8,0.25,89.9,True,Fibre
SITE0401036,Uttar Pradesh West,UPW,North,386950,5G SA,36978,81.3,-0.1,0.62,108.7,True,Fibre
SITE0401345,Andhra Pradesh & Telangana,AP,South,314440,4G LTE,7865,64.9,12.5,0.94,28.2,False,Fibre
SITE0401689,Gujarat,GJ,West,578206,5G SA,27204,9.3,12.1,0.37,69.7,False,Fibre
SITE0401680,Madhya Pradesh & Chhattisgarh,MP,North,359580,5G SA,21651,90.1,4.4,0.74,24.0,True,Fibre
SITE0400698,Punjab,PB,North,300002,4G LTE,33576,34.0,9.7,0.24,46.7,False,Fibre
SITE0403056,Gujarat,GJ,West,684211,4G LTE,23694,41.6,0.0,0.29,58.8,False,Fibre
SITE0403820,Karnataka,KA,South,589120,4G LTE,16475,67.3,11.7,0.31,24.7,False,Fibre
SITE0403391,Uttar Pradesh East,UPE,North,111663,5G SA,18164,58.3,1.5,0.74,68.1,False,Fibre
SITE0403029,Rajasthan,RJ,North,704819,4G LTE,34335,22.9,8.4,1.86,76.1,False,Fibre
SITE0402670,Tamil Nadu,TN,South,176390,5G SA,18654,30.1,10.7,0.84,26.0,False,Fibre
SITE0403755,West Bengal,WB,East,241921,4G LTE,16077,27.8,10.8,0.25,39.7,False,Fibre
SITE0402052,Madhya Pradesh & Chhattisgarh,MP,North,359404,4G LTE,40136,18.1,19.0,0.7,111.8,False,Microwave
SITE0400835,Uttar Pradesh West,UPW,North,288551,5G SA,22001,74.7,3.4,0.66,63.3,True,Fibre
SITE0402698,Karnataka,KA,South,719056,4G LTE,31257,19.7,9.1,0.13,105.8,False,Fibre
SITE0402620,Uttar Pradesh East,UPE,North,804097,5G SA,34055,38.5,7.0,1.59,191.2,False,Fibre
SITE0403488,Kolkata,KO,East,663230,5G SA,31919,33.7,9.7,0.32,71.0,False,Fibre
SITE0400688,Gujarat,GJ,West,612181,5G SA,9266,63.7,9.5,0.11,65.6,False,Fibre
SITE0401186,Maharashtra & Goa,MH,West,253199,5G SA,33541,24.2,4.3,0.31,52.8,False,Fibre
SITE0402615,Madhya Pradesh & Chhattisgarh,MP,North,576177,4G LTE,5247,79.1,13.2,0.95,80.9,True,Microwave
SITE0401574,Punjab,PB,North,586886,5G NSA,10995,68.4,-2.1,0.6,49.6,False,Microwave
SITE0401381,Uttar Pradesh East,UPE,North,524486,5G SA,31771,83.6,9.2,1.11,41.2,True,Fibre
SITE0402545,Maharashtra & Goa,MH,West,555750,5G NSA,22908,46.5,12.1,0.15,36.0,False,Microwave
SITE0402384,Gujarat,GJ,West,132520,5G SA,11237,33.2,8.8,0.83,101.9,False,Fibre
SITE0401367,Kolkata,KO,East,672017,4G LTE,37070,23.5,14.5,0.22,93.2,False,Fibre
SITE0402043,Mumbai,MU,West,653078,5G NSA,2215,30.0,19.3,0.7,92.1,False,Fibre
SITE0403295,Uttar Pradesh West,UPW,North,398414,4G LTE,29230,99.0,5.2,0.37,65.4,True,Fibre
SITE0400609,Andhra Pradesh & Telangana,AP,South,311541,4G LTE,28217,27.0,7.4,0.34,80.8,False,Microwave
SITE0403167,Uttar Pradesh West,UPW,North,288576,5G NSA,11119,28.6,14.2,1.25,75.0,False,Microwave
SITE0402986,Tamil Nadu,TN,South,318916,5G SA,24750,26.7,9.7,0.17,89.0,False,Microwave
SITE0400991,Tamil Nadu,TN,South,745731,4G LTE,27033,59.2,10.9,0.81,88.2,False,Microwave
SITE0402624,Assam,AS,East,632769,5G SA,12636,74.4,8.0,0.39,1.5,True,Fibre
SITE0403768,Tamil Nadu,TN,South,459902,5G SA,34011,36.1,12.0,0.35,84.7,False,Fibre
SITE0401628,Odisha,OR,East,140460,5G SA,5302,29.5,7.0,0.59,76.5,False,Fibre
SITE0400989,Tamil Nadu,TN,South,722846,5G SA,33666,30.6,10.5,0.04,58.0,False,Fibre
SITE0401597,Rajasthan,RJ,North,525881,4G LTE,26833,74.5,8.3,0.16,56.5,True,Fibre
SITE0402207,Karnataka,KA,South,409419,5G NSA,41815,38.8,7.9,0.17,77.4,False,Fibre
SITE0403544,Karnataka,KA,South,484702,5G SA,3778,64.7,8.6,0.08,92.8,False,Fibre
SITE0402333,Maharashtra & Goa,MH,West,524954,4G LTE,9722,50.4,13.5,0.79,33.2,False,Microwave
SITE0401318,Uttar Pradesh East,UPE,North,357095,5G SA,8410,39.4,12.4,0.99,59.1,False,Fibre
SITE0403346,Uttar Pradesh East,UPE,North,806632,5G SA,33730,19.2,15.8,1.67,109.6,False,Fibre
SITE0400955,Punjab,PB,North,379611,5G SA,38851,94.9,1.9,1.38,46.3,True,Fibre
SITE0403576,Gujarat,GJ,West,515804,5G SA,27358,62.8,8.6,0.61,85.4,False,Fibre
SITE0402550,Uttar Pradesh East,UPE,North,843009,4G LTE,10881,75.3,10.2,0.46,55.7,True,Fibre
SITE0400615,Himachal Pradesh,HP,North,272764,5G NSA,18482,38.6,9.6,0.46,142.6,False,Fibre
SITE0400081,Andhra Pradesh & Telangana,AP,South,663065,4G LTE,4808,39.9,10.0,0.28,61.3,False,Fibre
SITE0403540,Maharashtra & Goa,MH,West,427015,4G LTE,16787,58.0,11.5,0.24,106.8,False,Fibre
SITE0400024,Tamil Nadu,TN,South,171008,4G LTE,21747,16.4,10.5,0.27,104.3,False,Microwave
SITE0403065,Tamil Nadu,TN,South,852976,4G LTE,13268,36.8,8.3,0.35,45.5,False,Fibre
SITE0401392,Maharashtra & Goa,MH,West,734605,4G LTE,12125,56.8,2.4,0.07,66.4,False,Fibre
SITE0401871,Tamil Nadu,TN,South,112725,4G LTE,40746,49.3,13.7,0.14,63.6,False,Fibre
SITE0402024,Maharashtra & Goa,MH,West,152589,5G SA,37289,37.7,4.1,0.43,45.3,False,Fibre
SITE0402343,Assam,AS,East,113674,5G NSA,34775,54.5,8.0,0.18,152.2,False,Fibre
SITE0400469,Mumbai,MU,West,183355,5G NSA,20183,50.8,15.5,0.18,66.1,False,Microwave
SITE0402716,Gujarat,GJ,West,614278,5G NSA,5868,44.8,5.9,0.05,85.5,False,Fibre
SITE0402770,West Bengal,WB,East,591755,4G LTE,29707,50.7,4.0,0.18,125.6,False,Fibre
SITE0402435,Maharashtra & Goa,MH,West,449641,5G NSA,40415,56.6,11.6,0.21,45.5,False,Fibre
SITE0402415,Maharashtra & Goa,MH,West,571147,4G LTE,5703,30.9,10.9,0.21,72.0,False,Fibre
SITE0401348,Delhi NCR,DL,North,391244,5G SA,37401,20.8,12.9,0.16,83.2,False,Fibre
SITE0402060,Rajasthan,RJ,North,331987,5G SA,34614,46.8,16.2,0.35,90.6,False,Fibre
SITE0400075,Andhra Pradesh & Telangana,AP,South,607152,5G SA,20160,47.0,6.7,0.19,88.3,False,Fibre
SITE0400800,Delhi NCR,DL,North,227716,4G LTE,6730,27.3,8.5,0.11,140.1,False,Fibre
SITE0403472,Rajasthan,RJ,North,836074,4G LTE,32834,44.2,11.2,0.22,116.5,False,Fibre
SITE0402269,Maharashtra & Goa,MH,West,279028,4G LTE,23804,64.4,9.1,0.23,57.2,False,Fibre
SITE0400783,Bihar & Jharkhand,BH,East,619604,5G SA,29817,75.3,6.8,0.35,24.1,True,Fibre
SITE0400311,Bihar & Jharkhand,BH,East,732572,5G NSA,31735,52.6,6.9,0.38,107.0,False,Fibre
SITE0400611,West Bengal,WB,East,835433,4G LTE,19182,57.5,5.0,0.14,98.8,False,Fibre
SITE0401295,Bihar & Jharkhand,BH,East,542647,4G LTE,10334,12.2,14.4,0.24,87.5,False,Fibre
SITE0403587,West Bengal,WB,East,420772,5G SA,24619,42.8,9.9,0.45,116.5,False,Fibre
SITE0401324,Rajasthan,RJ,North,546555,5G NSA,39016,20.0,16.4,0.24,54.2,False,Microwave
SITE0402373,West Bengal,WB,East,774511,5G SA,37451,69.9,5.8,0.11,103.8,False,Microwave
SITE0402608,Maharashtra & Goa,MH,West,117510,5G SA,32483,25.5,8.9,0.73,109.9,False,Fibre
SITE0401115,West Bengal,WB,East,759575,5G SA,24220,22.0,12.9,0.52,121.8,False,Fibre
SITE0401655,Maharashtra & Goa,MH,West,719782,4G LTE,21590,40.9,1.1,0.37,44.5,False,Fibre
SITE0402741,North East,NE,East,768636,5G NSA,29224,31.2,9.6,0.4,43.4,False,Fibre
SITE0402205,Rajasthan,RJ,North,774262,5G SA,3333,84.3,0.0,0.59,99.1,True,Fibre
SITE0402917,Maharashtra & Goa,MH,West,573043,4G LTE,36594,49.6,14.8,0.3,69.4,False,Microwave
SITE0402881,Andhra Pradesh & Telangana,AP,South,165578,5G SA,5197,41.6,12.0,0.16,80.8,False,Microwave
SITE0403569,Uttar Pradesh East,UPE,North,388608,5G SA,4572,39.1,10.8,0.65,120.8,False,Microwave
SITE0403372,Rajasthan,RJ,North,286459,5G SA,4413,30.4,11.9,0.64,78.8,False,Fibre
SITE0402894,Madhya Pradesh & Chhattisgarh,MP,North,663176,5G SA,9630,84.8,5.5,0.08,103.0,True,Fibre
SITE0400441,Punjab,PB,North,512188,4G LTE,36586,45.7,4.4,0.32,73.2,False,Fibre
SITE0400567,Andhra Pradesh & Telangana,AP,South,231552,5G SA,23634,13.1,7.4,0.34,39.4,False,Fibre
SITE0401652,Gujarat,GJ,West,763854,4G LTE,21819,18.2,12.7,0.11,15.0,False,Fibre
SITE0401447,Uttar Pradesh West,UPW,North,506979,5G SA,14537,70.5,12.6,0.9,29.0,False,Fibre
SITE0402383,West Bengal,WB,East,790270,5G NSA,20301,19.0,11.9,0.95,53.3,False,Fibre
SITE0401072,Bihar & Jharkhand,BH,East,549570,5G SA,9339,30.1,17.2,0.25,108.1,False,Fibre
SITE0403325,Rajasthan,RJ,North,289858,4G LTE,19100,45.9,17.3,0.33,65.4,False,Fibre
SITE0402408,West Bengal,WB,East,386812,4G LTE,13695,47.9,12.3,0.65,12.5,False,Fibre
SITE0402845,West Bengal,WB,East,793479,4G LTE,24121,25.9,11.7,1.22,56.9,False,Fibre
SITE0403269,Karnataka,KA,South,594559,4G LTE,6894,16.9,15.2,0.46,90.6,False,Fibre
SITE0400947,Mumbai,MU,West,368111,5G SA,15331,25.1,5.8,0.13,126.7,False,Fibre
SITE0400697,Haryana,HR,North,708752,5G NSA,24606,82.7,8.1,0.82,73.4,True,Fibre
SITE0403473,Kolkata,KO,East,576024,5G SA,4303,47.0,9.9,0.66,117.7,False,Fibre
SITE0402201,Karnataka,KA,South,265008,5G NSA,18144,48.2,7.2,0.76,72.8,False,Fibre
SITE0403520,Kerala,KL,South,736958,5G SA,17303,38.5,16.4,0.41,89.3,False,Fibre
SITE0401642,Bihar & Jharkhand,BH,East,685758,5G SA,7981,44.3,3.9,0.75,49.8,False,Fibre
SITE0400223,Bihar & Jharkhand,BH,East,176570,4G LTE,21452,73.5,4.7,0.94,109.2,False,Microwave
SITE0403480,Karnataka,KA,South,758546,5G SA,14544,63.8,14.2,0.5,69.4,False,Fibre
SITE0401231,Kerala,KL,South,709866,4G LTE,12293,32.9,14.3,0.56,70.2,False,Microwave
SITE0403604,Madhya Pradesh & Chhattisgarh,MP,North,312089,4G LTE,37816,81.6,13.3,0.98,77.0,True,Microwave
SITE0402631,Tamil Nadu,TN,South,751391,5G SA,17471,35.3,7.6,1.18,36.4,False,Fibre
SITE0403674,Delhi NCR,DL,North,316868,4G LTE,32360,11.2,24.5,0.6,91.4,False,Fibre
SITE0402567,Kerala,KL,South,799251,5G SA,32134,45.2,5.1,1.11,91.6,False,Fibre
SITE0400337,Assam,AS,East,485633,4G LTE,27339,47.1,9.6,0.38,48.9,False,Fibre
SITE0400171,Haryana,HR,North,634090,5G SA,10590,41.0,5.0,0.67,88.5,False,Fibre
SITE0402896,Haryana,HR,North,182433,5G SA,11941,38.0,7.9,0.51,95.9,False,Fibre
SITE0402184,Haryana,HR,North,772280,4G LTE,40745,49.0,22.3,0.64,95.4,False,Fibre
SITE0403361,Delhi NCR,DL,North,376316,4G LTE,1895,26.5,7.8,0.82,98.4,False,Fibre
SITE0403177,North East,NE,East,399743,5G NSA,26705,23.2,18.3,0.5,101.4,False,Fibre
SITE0403349,Haryana,HR,North,238094,4G LTE,30358,55.1,7.6,1.66,90.5,False,Fibre
SITE0402359,Haryana,HR,North,327901,4G LTE,23259,46.7,5.4,0.27,34.2,False,Fibre
SITE0400336,Uttar Pradesh West,UPW,North,589825,5G SA,18672,59.5,8.4,1.36,51.2,False,Fibre
SITE0403834,Uttar Pradesh East,UPE,North,594801,4G LTE,19648,48.0,9.2,0.71,105.8,False,Fibre
SITE0403729,Assam,AS,East,827175,4G LTE,13107,63.4,14.5,0.29,96.4,False,Fibre
SITE0403359,Uttar Pradesh East,UPE,North,642057,5G SA,27251,88.8,-1.8,0.6,83.6,True,Fibre
SITE0401509,Assam,AS,East,653250,5G NSA,10479,30.9,11.0,0.4,98.1,False,Fibre
SITE0402078,Bihar & Jharkhand,BH,East,568970,5G SA,32528,57.9,7.9,0.53,59.9,False,Fibre
SITE0401101,Rajasthan,RJ,North,374367,5G NSA,3729,24.5,16.6,1.91,126.3,False,Fibre
SITE0400663,West Bengal,WB,East,325437,5G NSA,25311,22.5,8.2,0.65,111.1,False,Fibre
SITE0403405,Uttar Pradesh West,UPW,North,142753,5G SA,2385,26.9,14.2,0.89,58.6,False,Fibre
SITE0401661,Bihar & Jharkhand,BH,East,589159,5G SA,22142,23.8,14.7,0.61,99.1,False,Fibre
SITE0403253,Uttar Pradesh East,UPE,North,668903,4G LTE,38066,69.9,-3.5,0.37,86.8,False,Microwave
SITE0400953,Maharashtra & Goa,MH,West,533297,4G LTE,37038,21.7,11.7,0.73,108.8,False,Fibre
SITE0401800,West Bengal,WB,East,479767,4G LTE,4058,63.9,10.9,0.35,50.2,False,Fibre
SITE0402352,West Bengal,WB,East,452335,4G LTE,28685,49.5,9.3,0.75,41.4,False,Fibre
SITE0401109,Rajasthan,RJ,North,243423,4G LTE,32872,25.9,8.1,0.12,109.3,False,Fibre
SITE0401610,Tamil Nadu,TN,South,635677,5G NSA,39334,48.5,4.9,0.14,25.7,False,Fibre
SITE0402051,Karnataka,KA,South,750756,5G SA,11416,65.2,10.5,0.7,45.8,False,Fibre
SITE0402840,Madhya Pradesh & Chhattisgarh,MP,North,490440,5G NSA,9395,60.4,2.9,0.37,45.6,False,Fibre
SITE0402046,Tamil Nadu,TN,South,425142,4G LTE,25621,47.8,13.0,0.28,43.2,False,Fibre
SITE0400990,Karnataka,KA,South,226087,4G LTE,10360,55.6,8.8,0.34,118.7,False,Fibre
SITE0401478,Assam,AS,East,554718,5G NSA,2392,61.6,5.0,0.37,1.5,False,Fibre
SITE0400252,Bihar & Jharkhand,BH,East,437452,4G LTE,24600,99.0,1.6,1.3,53.1,True,Fibre
SITE0400752,Uttar Pradesh West,UPW,North,171781,5G SA,34884,35.3,9.8,0.38,91.8,False,Fibre
SITE0400592,Tamil Nadu,TN,South,520914,4G LTE,24145,40.6,7.8,0.47,78.7,False,Microwave
SITE0402154,Gujarat,GJ,West,321325,5G SA,10476,55.6,10.6,0.49,75.1,False,Fibre
SITE0401300,Uttar Pradesh East,UPE,North,799696,5G NSA,21390,56.0,15.7,0.44,83.9,False,Fibre
SITE0401185,Madhya Pradesh & Chhattisgarh,MP,North,164721,5G SA,37101,14.5,18.1,0.83,131.5,False,Fibre
SITE0403190,Uttar Pradesh East,UPE,North,659844,5G SA,19437,46.2,10.3,1.0,36.1,False,Fibre
SITE0400828,Odisha,OR,East,682948,4G LTE,3903,70.1,1.6,0.13,89.7,False,Fibre
SITE0400221,Jammu & Kashmir,JK,North,823326,5G SA,2802,44.4,12.1,0.82,44.5,False,Fibre
SITE0400976,West Bengal,WB,East,300604,4G LTE,30747,47.1,11.2,0.77,108.1,False,Fibre
SITE0402671,Rajasthan,RJ,North,781004,5G SA,21982,31.6,10.0,0.23,93.3,False,Microwave
SITE0402017,Uttar Pradesh East,UPE,North,745507,5G SA,34877,43.1,15.7,0.32,65.5,False,Fibre
SITE0401860,Kolkata,KO,East,423615,5G NSA,9203,32.7,8.7,0.32,49.0,False,Fibre
SITE0402098,Rajasthan,RJ,North,228515,5G SA,23098,43.2,12.5,0.07,110.9,False,Microwave
SITE0401934,Madhya Pradesh & Chhattisgarh,MP,North,212044,5G SA,37250,62.5,8.2,0.88,62.5,False,Fibre
SITE0403833,Bihar & Jharkhand,BH,East,773296,5G SA,8922,33.5,10.2,0.75,136.1,False,Fibre
SITE0402194,Uttar Pradesh East,UPE,North,795541,5G NSA,41127,73.1,7.1,0.53,43.0,False,Fibre
SITE0403616,Uttar Pradesh East,UPE,North,201251,5G SA,32952,76.2,7.6,1.53,45.1,True,Fibre
SITE0400352,Jammu & Kashmir,JK,North,547484,5G SA,2848,43.9,19.9,0.22,65.7,False,Fibre
SITE0401282,Uttar Pradesh East,UPE,North,167338,5G SA,10987,71.6,7.8,0.66,79.8,False,Microwave
SITE0401490,Maharashtra & Goa,MH,West,133375,4G LTE,4879,40.2,7.6,0.18,89.0,False,Fibre
SITE0402584,Mumbai,MU,West,277567,5G SA,8837,30.9,13.4,0.25,72.2,False,Fibre
SITE0402323,Uttar Pradesh East,UPE,North,199964,4G LTE,8439,80.0,6.1,0.43,106.8,True,Microwave
SITE0403243,North East,NE,East,528577,4G LTE,38838,46.0,2.6,0.23,90.7,False,Fibre
SITE0403076,Delhi NCR,DL,North,219600,5G SA,5690,13.3,8.4,0.25,89.7,False,Fibre
SITE0400372,Gujarat,GJ,West,350662,5G SA,17482,44.6,21.4,0.65,119.6,False,Fibre
SITE0401814,Uttar Pradesh East,UPE,North,240145,5G NSA,26532,99.0,8.4,0.48,54.8,True,Fibre
SITE0403643,Kerala,KL,South,316856,4G LTE,7495,33.8,6.8,0.44,32.1,False,Fibre
SITE0401970,Mumbai,MU,West,451910,5G NSA,7393,50.5,8.2,0.04,76.9,False,Fibre
SITE0402963,Andhra Pradesh & Telangana,AP,South,720505,4G LTE,3358,43.6,7.3,0.44,176.5,False,Fibre
SITE0403572,Maharashtra & Goa,MH,West,189215,5G NSA,31183,82.0,3.6,0.74,124.0,True,Microwave
SITE0401066,Delhi NCR,DL,North,541448,5G SA,7214,35.5,10.7,0.45,131.1,False,Fibre
SITE0403075,Uttar Pradesh West,UPW,North,551279,5G SA,6689,84.3,10.6,1.19,80.8,True,Fibre
SITE0403407,Gujarat,GJ,West,671004,5G NSA,24886,63.4,16.6,1.1,26.2,False,Fibre
SITE0402786,Gujarat,GJ,West,531683,5G NSA,29536,55.2,17.6,0.25,113.0,False,Fibre
SITE0403484,Uttar Pradesh East,UPE,North,338491,4G LTE,27113,46.9,1.5,1.07,106.0,False,Fibre
SITE0400544,Karnataka,KA,South,191027,5G NSA,11403,12.3,16.2,0.38,32.2,False,Fibre
SITE0401405,Maharashtra & Goa,MH,West,388754,4G LTE,31120,63.7,9.0,0.24,90.4,False,Microwave
SITE0400648,Andhra Pradesh & Telangana,AP,South,259420,5G SA,4926,25.4,16.2,0.6,106.6,False,Fibre
SITE0400620,Madhya Pradesh & Chhattisgarh,MP,North,326967,5G SA,24383,95.0,4.6,0.86,95.1,True,Fibre
SITE0400842,Andhra Pradesh & Telangana,AP,South,113853,5G NSA,18324,22.9,13.1,0.4,143.8,False,Fibre
SITE0400626,West Bengal,WB,East,797296,4G LTE,10091,39.5,18.2,0.5,71.1,False,Fibre
SITE0401996,Karnataka,KA,South,659660,5G NSA,32347,66.0,-0.6,0.52,33.2,False,Fibre
SITE0402783,Odisha,OR,East,340464,4G LTE,41424,16.6,14.3,0.3,99.6,False,Fibre
SITE0401022,Tamil Nadu,TN,South,682659,5G SA,2074,8.8,9.1,1.06,92.9,False,Fibre
SITE0402834,Uttar Pradesh West,UPW,North,175455,4G LTE,27703,82.2,8.6,0.2,98.6,True,Fibre
SITE0403234,Delhi NCR,DL,North,537978,5G SA,42541,33.3,16.4,0.09,57.6,False,Fibre
SITE0400365,Tamil Nadu,TN,South,785868,4G LTE,24585,60.0,12.2,0.16,86.9,False,Fibre
SITE0401820,Maharashtra & Goa,MH,West,835618,5G NSA,16975,44.1,13.9,0.54,66.5,False,Fibre
SITE0403554,Himachal Pradesh,HP,North,275988,5G SA,5018,36.6,11.7,0.75,74.9,False,Fibre
SITE0401775,Maharashtra & Goa,MH,West,199800,5G SA,32897,49.1,5.2,0.19,79.0,False,Microwave
SITE0403732,Maharashtra & Goa,MH,West,683042,5G SA,38800,37.2,1.4,0.33,49.5,False,Microwave
SITE0400269,Uttar Pradesh West,UPW,North,449164,4G LTE,38457,55.5,4.2,0.41,56.4,False,Fibre
SITE0403686,Uttar Pradesh West,UPW,North,852112,5G SA,22071,79.6,10.9,0.68,83.2,True,Fibre
SITE0401099,Karnataka,KA,South,624580,5G SA,29812,13.6,14.5,0.53,104.6,False,Fibre
SITE0401985,Uttar Pradesh West,UPW,North,609504,4G LTE,18981,74.2,11.1,0.94,97.5,True,Microwave
SITE0400104,Gujarat,GJ,West,593881,4G LTE,6685,44.5,7.7,0.16,96.7,False,Microwave
SITE0400840,Uttar Pradesh West,UPW,North,528097,4G LTE,30041,12.7,23.6,1.61,63.5,False,Fibre
SITE0400816,Jammu & Kashmir,JK,North,173192,4G LTE,37417,74.5,10.5,1.21,45.1,True,Fibre
SITE0401169,Karnataka,KA,South,848594,4G LTE,33693,62.7,8.9,0.07,89.5,False,Fibre
SITE0402729,Bihar & Jharkhand,BH,East,399994,5G SA,2153,66.6,6.8,0.18,50.8,False,Fibre
SITE0401289,Tamil Nadu,TN,South,398377,5G NSA,17456,49.2,17.0,0.15,75.8,False,Fibre
SITE0401881,Uttar Pradesh East,UPE,North,407391,4G LTE,31580,69.4,4.7,1.75,66.0,False,Fibre
SITE0401379,Assam,AS,East,486461,5G NSA,14841,23.9,6.3,0.94,72.1,False,Fibre
SITE0401090,Bihar & Jharkhand,BH,East,477907,5G SA,3708,52.8,11.4,0.67,76.7,False,Fibre
SITE0403469,Maharashtra & Goa,MH,West,329759,5G SA,16796,22.6,13.3,0.26,73.9,False,Fibre
SITE0402167,Gujarat,GJ,West,476314,4G LTE,30977,17.7,10.6,0.49,76.7,False,Fibre
SITE0403163,Delhi NCR,DL,North,480651,5G SA,17874,24.1,13.1,0.2,1.5,False,Fibre
SITE0403415,Karnataka,KA,South,487605,4G LTE,6102,48.5,7.7,0.25,48.0,False,Microwave
SITE0400154,Odisha,OR,East,742991,5G NSA,39650,64.0,3.3,1.25,90.3,False,Fibre
SITE0402947,Bihar & Jharkhand,BH,East,135027,5G NSA,35181,89.8,12.7,0.2,63.4,True,Microwave
SITE0403629,Karnataka,KA,South,333522,4G LTE,39054,53.4,6.6,0.18,58.6,False,Fibre
SITE0401904,Uttar Pradesh West,UPW,North,209174,4G LTE,10167,90.7,4.9,0.65,34.0,True,Fibre
SITE0402215,Uttar Pradesh East,UPE,North,557390,5G SA,32159,87.4,3.1,1.28,39.7,True,Fibre
SITE0403225,Madhya Pradesh & Chhattisgarh,MP,North,277235,5G NSA,20860,89.5,0.8,0.28,52.8,True,Fibre
SITE0401682,Haryana,HR,North,517390,5G NSA,35924,38.1,7.6,0.69,34.7,False,Fibre
SITE0403754,Rajasthan,RJ,North,495074,4G LTE,37557,59.4,7.0,0.98,120.2,False,Fibre
SITE0403416,Kerala,KL,South,220433,5G SA,30098,30.2,12.2,0.15,66.8,False,Fibre
SITE0402189,Tamil Nadu,TN,South,373706,4G LTE,2704,36.8,17.2,0.17,143.1,False,Fibre
SITE0400694,Madhya Pradesh & Chhattisgarh,MP,North,683234,5G SA,25550,73.4,13.3,1.32,70.2,False,Microwave
SITE0400792,Uttar Pradesh East,UPE,North,115420,4G LTE,17826,25.9,6.4,0.47,101.4,False,Fibre
SITE0401819,Andhra Pradesh & Telangana,AP,South,721939,4G LTE,39931,37.5,9.4,0.5,79.2,False,Microwave
SITE0400664,Kolkata,KO,East,213163,4G LTE,10262,27.3,3.9,0.34,58.7,False,Fibre
SITE0402469,Gujarat,GJ,West,176891,4G LTE,10605,37.5,5.9,0.57,83.8,False,Fibre
SITE0402975,Gujarat,GJ,West,409919,4G LTE,39520,37.7,9.9,0.84,112.2,False,Fibre
SITE0400040,Uttar Pradesh East,UPE,North,391764,4G LTE,8153,11.7,6.4,0.32,90.8,False,Microwave
SITE0400682,Uttar Pradesh East,UPE,North,455092,4G LTE,7900,50.3,10.2,0.54,38.9,False,Fibre
SITE0400047,Bihar & Jharkhand,BH,East,240855,5G NSA,6463,68.0,9.2,0.54,1.5,False,Fibre
SITE0400172,Delhi NCR,DL,North,734636,4G LTE,31916,53.1,8.8,0.39,42.3,False,Fibre
SITE0400862,Uttar Pradesh West,UPW,North,241194,5G NSA,33352,54.1,10.9,0.82,21.3,False,Fibre
SITE0403535,Madhya Pradesh & Chhattisgarh,MP,North,461517,4G LTE,22296,45.9,7.4,0.77,95.3,False,Fibre
SITE0403016,Tamil Nadu,TN,South,120107,4G LTE,41221,38.6,9.4,0.46,33.4,False,Fibre
SITE0401683,Gujarat,GJ,West,295879,5G NSA,7952,36.1,10.8,0.42,100.3,False,Fibre
SITE0401499,Andhra Pradesh & Telangana,AP,South,724428,4G LTE,34027,30.4,19.2,0.87,30.2,False,Microwave
SITE0401799,Madhya Pradesh & Chhattisgarh,MP,North,778776,4G LTE,15399,14.2,13.7,0.46,81.8,False,Microwave
SITE0402577,Uttar Pradesh East,UPE,North,835990,4G LTE,39737,80.9,8.6,1.02,53.3,True,Fibre
SITE0403124,Punjab,PB,North,345861,4G LTE,25519,49.7,4.2,0.86,71.0,False,Fibre
SITE0401323,West Bengal,WB,East,576968,5G SA,33841,69.9,10.1,0.81,23.0,False,Fibre
SITE0400561,Tamil Nadu,TN,South,246892,4G LTE,11795,24.8,9.4,0.68,38.7,False,Microwave
SITE0403680,Kerala,KL,South,846269,5G SA,14544,42.4,12.7,0.05,70.8,False,Fibre
SITE0400193,Odisha,OR,East,233984,5G SA,9673,41.7,3.2,0.19,129.3,False,Fibre
SITE0401592,Haryana,HR,North,240695,4G LTE,2531,46.1,9.1,0.17,89.4,False,Fibre
SITE0401069,Maharashtra & Goa,MH,West,167359,5G NSA,33032,46.1,5.9,0.25,18.2,False,Fibre
SITE0400431,Karnataka,KA,South,191436,4G LTE,39149,29.9,16.1,0.18,121.2,False,Fibre
SITE0401428,Uttar Pradesh East,UPE,North,301501,4G LTE,24635,61.3,10.9,0.79,52.4,False,Fibre
SITE0400105,Andhra Pradesh & Telangana,AP,South,849912,4G LTE,12534,51.4,6.4,0.62,76.5,False,Fibre
SITE0403810,Kerala,KL,South,153772,4G LTE,13182,12.8,15.8,0.17,102.0,False,Fibre
SITE0400813,Kerala,KL,South,196932,4G LTE,35382,42.8,14.2,0.14,25.6,False,Fibre
SITE0402271,Uttar Pradesh West,UPW,North,191384,5G SA,5441,40.6,9.9,1.83,104.6,False,Fibre
SITE0401418,Uttar Pradesh East,UPE,North,533148,4G LTE,10838,93.2,5.5,0.37,26.4,True,Fibre
SITE0402427,North East,NE,East,454533,5G NSA,7999,56.1,13.7,1.15,103.4,False,Fibre
SITE0400182,Uttar Pradesh East,UPE,North,441720,5G NSA,9441,23.0,14.1,0.36,173.0,False,Fibre
SITE0401795,Madhya Pradesh & Chhattisgarh,MP,North,838256,5G SA,25636,20.8,1.4,0.71,114.7,False,Microwave
SITE0401343,Mumbai,MU,West,159163,4G LTE,35705,13.4,14.3,0.8,6.1,False,Microwave
SITE0400417,North East,NE,East,774330,4G LTE,34871,76.0,9.6,0.16,1.5,True,Fibre
SITE0401062,Tamil Nadu,TN,South,757354,5G SA,37516,45.9,13.6,0.35,110.2,False,Fibre
SITE0401730,Uttar Pradesh West,UPW,North,557871,5G SA,14174,74.2,15.2,0.29,77.8,True,Fibre
SITE0402672,Andhra Pradesh & Telangana,AP,South,281711,5G SA,36944,22.9,14.9,1.26,155.9,False,Fibre
SITE0403774,Mumbai,MU,West,278190,4G LTE,13346,46.1,6.3,0.31,91.4,False,Fibre
SITE0400123,Bihar & Jharkhand,BH,East,378227,5G SA,35390,82.7,5.8,2.65,111.7,True,Microwave
SITE0402229,Odisha,OR,East,241109,5G SA,14573,85.3,6.5,0.47,89.4,True,Fibre
SITE0402247,Gujarat,GJ,West,631766,5G SA,31132,17.4,10.7,0.21,71.6,False,Microwave
SITE0403773,West Bengal,WB,East,569082,5G SA,11928,43.0,10.5,1.47,82.5,False,Fibre
SITE0400175,Tamil Nadu,TN,South,743976,5G SA,33034,55.5,3.7,0.43,72.4,False,Fibre
SITE0400007,Uttar Pradesh East,UPE,North,387413,5G NSA,15105,93.8,1.2,0.36,47.6,True,Fibre
SITE0401382,Maharashtra & Goa,MH,West,245066,4G LTE,9470,80.1,12.5,0.25,65.6,True,Fibre
SITE0402857,West Bengal,WB,East,305282,4G LTE,42545,42.6,4.0,0.27,12.9,False,Fibre
SITE0402970,Rajasthan,RJ,North,644271,5G SA,42129,55.9,6.9,1.04,55.2,False,Fibre
SITE0402334,Delhi NCR,DL,North,603480,5G SA,9054,50.5,9.2,0.74,88.9,False,Fibre
SITE0400559,Gujarat,GJ,West,338665,5G NSA,9970,55.1,11.5,1.23,63.6,False,Microwave
SITE0403583,Kolkata,KO,East,637019,4G LTE,30622,70.3,5.3,0.19,72.4,False,Microwave
SITE0400784,Odisha,OR,East,291780,5G NSA,14988,60.2,3.8,0.09,62.7,False,Fibre
SITE0400063,Uttar Pradesh East,UPE,North,840361,5G NSA,36678,44.4,7.1,1.51,139.7,False,Fibre
SITE0400249,Uttar Pradesh East,UPE,North,817218,4G LTE,23717,32.7,19.6,0.22,84.7,False,Fibre
SITE0402056,Tamil Nadu,TN,South,834975,5G SA,35754,39.9,11.3,0.68,83.2,False,Fibre
SITE0400052,Madhya Pradesh & Chhattisgarh,MP,North,159016,5G NSA,37175,55.2,16.6,1.29,16.9,False,Fibre
SITE0402523,Haryana,HR,North,405916,4G LTE,34350,33.8,11.3,0.63,42.1,False,Microwave
SITE0401292,Bihar & Jharkhand,BH,East,329638,5G NSA,32313,54.0,10.5,0.95,41.0,False,Microwave
SITE0402919,Maharashtra & Goa,MH,West,173558,4G LTE,18939,9.8,13.5,0.37,159.7,False,Microwave
SITE0402965,Kerala,KL,South,776321,4G LTE,36419,32.4,11.6,1.54,31.5,False,Fibre
SITE0401188,Bihar & Jharkhand,BH,East,719769,4G LTE,22524,72.1,1.5,0.67,27.0,False,Microwave
SITE0403296,Bihar & Jharkhand,BH,East,502029,4G LTE,14314,79.7,11.5,0.17,23.4,True,Fibre
SITE0402723,Uttar Pradesh West,UPW,North,227833,4G LTE,2951,31.5,14.7,0.87,47.0,False,Fibre
SITE0401566,Uttar Pradesh East,UPE,North,232301,4G LTE,14314,88.4,7.6,0.14,74.4,True,Fibre
SITE0400349,Andhra Pradesh & Telangana,AP,South,676711,4G LTE,41555,36.7,5.4,1.31,107.3,False,Fibre
SITE0403142,Odisha,OR,East,702790,4G LTE,8025,13.5,3.4,0.36,90.2,False,Fibre
SITE0401556,Uttar Pradesh West,UPW,North,804338,4G LTE,41293,43.3,9.3,0.98,67.4,False,Fibre
