subscriber_id,circle,circle_code,zone,join_date,tenure_months,plan_type,plan_price_inr,plan_validity_days,arpu_last_month_inr,arpu_3m_avg_inr,arpu_6m_avg_inr,recharge_count_6m,avg_recharge_gap_days,days_since_last_recharge,payment_failures_6m,autopay_enabled,data_gb_last_month,data_gb_3m_avg,voice_minutes_last_month,sms_count_last_month,device_brand,is_5g_device,is_5g_active,avg_sinr_db,drop_call_rate_pct,site_congestion_score,complaints_6m,unresolved_complaints,avg_resolution_days,home_product,num_services,family_plan_flag,app_logins_30d,outgoing_to_competitor_pct,roaming_user_flag,offer_exposed_90d,offer_redeemed_90d,mnp_enquiry_flag,churn_flag_30d,churn_flag_90d,churn_reason,churn_date,days_after_snapshot
JIO10014248,Maharashtra & Goa,MH,West,2026-01-29,7,Prepaid,579,365,124.96,138.37,113.95,1,349.3,74,1,False,21.39,24.52,228,7,Xiaomi,True,True,15.4,0.66,60.6,0,0,0.0,,2,False,1,43.4,False,True,True,True,True,True,Dormant / non-recharge,2026-11-01,62
JIO10042324,Karnataka,KA,South,2025-04-30,16,Prepaid,155,56,112.77,101.9,115.4,2,83.7,124,1,False,23.75,24.62,346,11,OnePlus,True,True,22.7,0.7,47.6,2,2,3.8,,1,False,2,12.7,False,False,False,False,True,True,Unresolved complaint,2026-10-28,58
JIO10041436,Punjab,PB,North,2025-10-30,10,Prepaid,239,56,236.84,204.95,229.91,3,61.3,54,0,False,59.68,68.0,371,15,Samsung,True,False,18.5,1.44,41.7,1,0,3.8,,1,False,6,68.3,False,False,False,True,True,True,Relocation,2026-10-28,58
JIO10001739,Karnataka,KA,South,2026-03-31,5,Prepaid,239,365,169.93,165.66,136.0,0,261.0,210,0,False,18.19,17.25,321,15,Xiaomi,False,False,19.4,0.79,13.9,1,0,0.9,,2,False,2,55.3,True,False,False,False,True,True,Competitor offer / price,2026-10-17,47
JIO10042579,Rajasthan,RJ,North,2022-11-30,45,Prepaid,449,56,184.97,194.18,167.34,4,61.1,109,3,False,36.45,37.41,845,8,Xiaomi,False,False,6.6,0.94,34.4,2,1,12.2,,1,False,1,11.1,False,False,False,False,True,True,Competitor offer / price,2026-11-12,73
JIO10030146,Uttar Pradesh West,UPW,North,2024-09-29,23,Prepaid,189,365,164.75,155.92,141.3,0,400.0,210,3,False,46.9,54.77,483,13,Apple,True,True,11.5,0.47,40.5,0,0,0.0,,1,False,5,19.5,False,False,False,False,True,True,Competitor offer / price,2026-10-26,56
JIO10058804,Gujarat,GJ,West,2025-12-30,8,Prepaid,449,84,89.86,78.0,109.5,2,87.0,123,0,False,30.81,39.71,259,6,realme,False,False,14.1,0.64,40.8,1,0,5.0,,1,False,0,36.1,False,False,False,True,True,True,Competitor offer / price,2026-10-26,56
JIO10058323,Uttar Pradesh West,UPW,North,2023-07-01,38,Prepaid,579,365,236.0,231.27,267.43,1,354.4,210,2,False,125.93,114.89,357,9,vivo,True,True,15.7,0.66,67.4,2,0,7.9,,1,False,7,27.4,False,True,True,False,True,True,Competitor offer / price,2026-10-06,36
JIO10017376,Uttar Pradesh East,UPE,North,2026-05-31,3,Prepaid,799,28,76.42,78.75,75.0,6,36.1,38,0,False,5.19,5.2,259,12,OPPO,False,False,7.4,0.24,23.6,1,0,2.0,,2,False,0,14.3,False,False,False,True,True,True,Unresolved complaint,2026-11-05,66
JIO10036456,Bihar & Jharkhand,BH,East,2023-03-01,42,Prepaid,349,365,160.93,150.56,187.08,0,365.1,210,2,False,63.98,62.67,163,13,Xiaomi,False,False,7.3,1.44,38.2,1,1,2.1,,2,False,5,18.7,False,False,False,True,True,True,Dormant / non-recharge,2026-10-06,36
JIO10022323,Andhra Pradesh & Telangana,AP,South,2025-08-30,12,Prepaid,299,365,109.15,106.99,103.76,1,378.7,181,0,False,12.4,11.24,395,9,POCO,False,False,10.0,1.21,6.9,3,0,2.8,,1,False,1,33.0,False,False,False,False,True,True,Competitor offer / price,2026-11-01,62
JIO10010300,Uttar Pradesh West,UPW,North,2025-05-31,15,Postpaid,299,30,426.1,472.23,435.75,6,30.1,15,1,False,45.41,44.21,593,11,Xiaomi,False,False,7.2,0.29,66.5,0,0,0.0,,1,False,14,41.2,False,False,False,False,True,True,Competitor offer / price,2026-10-30,60
JIO10048486,Maharashtra & Goa,MH,West,2023-01-30,43,Prepaid,239,365,99.57,103.51,111.46,1,400.0,210,0,True,11.2,9.81,510,12,OPPO,False,False,14.3,0.05,56.4,0,0,0.0,,1,False,5,19.3,True,False,False,True,True,True,Dormant / non-recharge,2026-10-05,35
JIO10021382,Punjab,PB,North,2025-04-30,16,Prepaid,399,365,117.85,119.74,105.44,1,305.6,191,1,False,24.06,26.59,211,19,Xiaomi,False,False,12.4,0.58,27.2,0,0,0.0,,1,False,2,40.9,False,False,False,False,True,True,Competitor offer / price,2026-10-26,56
JIO10052722,Maharashtra & Goa,MH,West,2025-05-31,15,Prepaid,349,365,182.27,198.44,172.91,1,333.9,210,1,True,23.71,21.89,318,9,Apple,False,False,10.0,0.37,18.4,0,0,0.0,,1,False,6,53.7,False,False,False,False,True,True,Dormant / non-recharge,2026-11-15,76
JIO10036960,Uttar Pradesh West,UPW,North,2026-03-01,6,Prepaid,349,28,75.99,78.0,87.95,6,28.9,35,0,False,7.49,6.99,64,10,realme,False,False,9.9,1.19,77.5,2,2,3.4,,1,False,0,29.6,False,False,False,True,True,True,Dormant / non-recharge,2026-10-14,44
JIO10050821,Maharashtra & Goa,MH,West,2026-05-01,4,Prepaid,799,84,146.24,153.3,133.23,2,88.5,40,1,False,10.48,10.2,397,12,OPPO,False,False,8.5,0.66,11.8,1,0,6.7,,1,False,8,42.3,False,False,False,True,True,True,Competitor offer / price,2026-10-30,60
JIO10014000,Andhra Pradesh & Telangana,AP,South,2025-10-30,10,Prepaid,155,365,140.72,115.27,128.94,0,400.0,187,2,False,111.58,122.87,153,16,realme,True,True,15.4,0.37,21.5,0,0,0.0,,1,False,2,12.5,False,False,False,False,True,True,Competitor offer / price,2026-10-05,35
JIO10035604,Madhya Pradesh & Chhattisgarh,MP,North,2024-04-30,28,Prepaid,399,365,198.47,228.64,209.99,0,400.0,176,1,True,30.88,35.16,392,9,realme,True,True,9.6,0.65,22.7,3,1,5.8,,1,False,9,55.5,False,False,False,True,True,True,Device or SIM change,2026-10-24,54
JIO10043309,West Bengal,WB,East,2023-01-30,43,Prepaid,189,365,94.65,110.99,99.32,1,366.0,52,1,False,7.68,7.82,181,6,vivo,False,False,13.1,0.7,29.5,1,1,4.1,,2,False,0,28.6,False,False,False,True,True,True,Competitor offer / price,2026-10-03,33
JIO10039703,Uttar Pradesh East,UPE,North,2024-02-29,30,Prepaid,349,28,167.39,174.07,195.45,7,37.0,11,0,False,58.37,57.81,239,17,realme,False,False,15.7,0.81,35.9,5,2,4.2,,1,False,2,17.5,False,False,False,True,True,True,Unresolved complaint,2026-10-07,37
JIO10008561,Tamil Nadu,TN,South,2023-11-30,33,Prepaid,155,365,142.34,168.78,151.25,1,400.0,210,0,False,28.41,30.93,259,11,OPPO,False,False,11.1,0.75,30.1,2,0,6.0,,2,False,0,27.7,False,False,False,True,True,True,Competitor offer / price,2026-11-09,70
JIO10045015,Himachal Pradesh,HP,North,2026-03-31,5,Prepaid,349,84,166.2,151.08,182.77,3,101.2,177,1,False,36.82,54.94,494,9,Xiaomi,False,False,9.1,0.37,37.5,1,1,1.8,,2,False,3,9.1,False,False,False,True,True,True,Billing dispute,2026-11-07,68
JIO10063289,Kolkata,KO,East,2024-05-31,27,Prepaid,239,84,114.61,127.52,124.58,2,115.0,150,0,False,34.87,35.86,184,7,Samsung,False,False,10.4,1.27,30.1,2,0,4.0,,1,False,0,44.9,False,False,False,False,True,True,Dormant / non-recharge,2026-10-07,37
JIO10003262,Tamil Nadu,TN,South,2025-12-30,8,Prepaid,239,84,132.56,134.61,151.77,2,105.8,117,0,False,32.1,29.68,476,15,Xiaomi,False,False,4.6,0.98,40.2,0,0,0.0,,1,False,2,24.0,False,False,False,False,True,True,Dormant / non-recharge,2026-11-18,79
JIO10049733,Gujarat,GJ,West,2024-03-31,29,Prepaid,189,56,140.51,133.27,146.72,4,69.2,99,3,False,13.25,10.27,418,20,Samsung,True,False,14.2,0.53,54.6,0,0,0.0,,1,False,1,27.8,False,False,False,True,True,True,Competitor offer / price,2026-11-13,74
JIO10012890,Bihar & Jharkhand,BH,East,2025-07-31,13,Prepaid,239,365,75.99,78.0,89.62,1,349.8,133,0,False,6.85,6.01,108,7,JioBharat / JioPhone,False,False,11.6,0.36,27.7,0,0,0.0,,1,False,1,43.1,False,False,False,True,True,True,Dormant / non-recharge,2026-11-27,88
JIO10060789,Madhya Pradesh & Chhattisgarh,MP,North,2024-10-30,22,Prepaid,189,365,108.71,108.1,98.86,1,320.0,155,0,False,54.84,59.59,712,13,POCO,False,False,15.4,0.31,48.9,1,0,5.9,,1,True,0,35.8,False,False,False,False,True,True,Competitor offer / price,2026-10-20,50
JIO10064364,Jammu & Kashmir,JK,North,2026-07-01,2,Prepaid,799,28,103.13,93.7,91.92,6,28.2,33,1,False,13.67,12.62,160,10,vivo,False,False,17.3,0.24,55.3,3,2,2.4,,2,False,0,44.9,False,False,False,True,True,True,Competitor offer / price,2026-10-26,56
JIO10015910,Haryana,HR,North,2021-02-28,66,Postpaid,599,30,77.51,78.02,75.0,6,34.2,76,1,True,26.59,20.16,359,14,vivo,False,False,11.1,0.44,48.4,2,0,5.0,,1,False,8,39.1,False,False,False,False,True,True,Dormant / non-recharge,2026-10-18,48
JIO10048297,Uttar Pradesh East,UPE,North,2023-11-30,33,Prepaid,999,365,261.61,237.01,274.93,1,377.6,210,3,False,11.37,10.78,229,7,OPPO,True,False,4.6,0.36,47.7,0,0,0.0,,1,False,3,71.3,False,True,False,True,True,True,Competitor offer / price,2026-10-16,46
JIO10036032,Karnataka,KA,South,2024-10-30,22,Prepaid,299,28,271.03,284.35,335.45,5,22.3,3,1,False,68.88,86.43,366,12,Xiaomi,True,True,15.6,0.6,34.5,3,2,0.3,,1,False,9,39.4,False,False,False,True,True,True,Device or SIM change,2026-10-05,35
JIO10039075,Odisha,OR,East,2025-01-29,19,Prepaid,1559,28,83.77,96.04,75.57,5,25.7,52,0,False,18.46,17.84,311,11,Samsung,False,False,9.8,0.28,18.0,2,2,11.2,,1,False,0,4.8,False,False,False,True,True,True,Dormant / non-recharge,2026-11-13,74
JIO10062098,Rajasthan,RJ,North,2025-11-30,9,Prepaid,349,365,222.94,229.95,252.74,0,378.5,183,2,False,68.51,88.36,487,7,Xiaomi,False,False,12.7,0.66,35.1,5,1,3.6,,1,False,5,20.4,False,True,False,False,True,True,Competitor offer / price,2026-10-18,48
JIO10043648,Assam,AS,East,2024-12-30,20,Prepaid,349,365,273.01,279.21,257.04,0,331.7,174,0,False,63.78,56.31,301,12,vivo,True,True,13.7,1.08,53.3,0,0,0.0,,1,False,7,33.2,False,False,False,True,True,True,Unresolved complaint,2026-11-03,64
JIO10030564,Madhya Pradesh & Chhattisgarh,MP,North,2025-04-30,16,Prepaid,155,365,142.61,135.82,164.05,0,264.7,181,1,False,46.42,50.65,131,11,OPPO,False,False,18.0,0.28,18.2,0,0,0.0,,1,False,1,26.6,False,False,False,True,True,True,Dormant / non-recharge,2026-11-17,78
JIO10012522,West Bengal,WB,East,2024-04-30,28,Prepaid,449,28,151.12,151.64,164.12,8,29.7,6,0,False,79.19,76.5,429,10,vivo,True,True,14.1,1.95,46.1,0,0,0.0,,1,True,1,35.6,True,True,False,False,True,True,Competitor offer / price,2026-10-25,55
JIO10008422,Bihar & Jharkhand,BH,East,2025-01-29,19,Prepaid,449,28,165.88,156.49,142.33,6,39.4,25,1,False,10.3,9.74,245,11,Xiaomi,False,False,13.4,0.07,68.9,2,1,0.6,,1,False,3,40.7,False,False,False,False,True,True,Unresolved complaint,2026-11-02,63
JIO10064273,Rajasthan,RJ,North,2025-07-31,13,Prepaid,209,56,75.99,82.25,92.89,3,64.1,77,1,False,8.51,9.89,259,10,vivo,False,False,15.7,1.63,29.7,0,0,0.0,,1,False,0,18.9,False,False,False,True,True,True,Device or SIM change,2026-10-07,37
JIO10018147,Kolkata,KO,East,2022-12-30,44,Prepaid,209,84,75.99,78.0,75.0,3,102.3,56,0,False,12.91,15.71,465,10,JioBharat / JioPhone,False,False,18.5,0.35,27.1,0,0,0.0,,1,False,0,50.9,False,False,False,True,True,True,Competitor offer / price,2026-10-15,45
JIO10025820,Punjab,PB,North,2025-05-31,15,Prepaid,209,56,83.58,78.12,80.61,4,53.8,11,1,False,18.99,26.45,215,14,vivo,False,False,22.0,0.62,23.6,2,1,12.0,,2,False,0,46.9,False,False,False,False,True,True,Competitor offer / price,2026-10-07,37
JIO10047273,Punjab,PB,North,2026-03-31,5,Prepaid,299,28,187.92,193.63,190.01,6,41.6,33,1,False,6.64,8.16,159,7,Xiaomi,True,False,11.7,1.47,61.0,1,0,5.6,,1,False,4,33.4,False,False,False,False,True,True,Dormant / non-recharge,2026-10-31,61
JIO10039807,Tamil Nadu,TN,South,2026-05-31,3,Prepaid,799,84,88.65,83.95,93.15,2,94.9,48,3,False,24.07,23.47,146,13,realme,False,False,19.5,1.89,34.6,1,0,4.0,,1,True,2,3.2,False,False,False,True,True,True,Competitor offer / price,2026-10-26,56
JIO10039316,Uttar Pradesh West,UPW,North,2026-01-29,7,Prepaid,299,365,226.33,248.89,253.19,1,400.0,130,1,True,24.88,25.16,757,12,Samsung,True,True,15.2,1.04,20.1,0,0,0.0,,2,False,9,42.7,False,True,True,False,True,True,Unresolved complaint,2026-11-16,77
JIO10006254,Madhya Pradesh & Chhattisgarh,MP,North,2025-07-31,13,Prepaid,799,28,75.99,78.0,75.0,7,35.4,30,1,False,19.75,13.93,485,8,Xiaomi,False,False,8.3,0.79,75.6,1,0,2.9,,2,False,0,56.4,False,True,False,False,True,True,Relocation,2026-10-03,33
JIO10016656,Uttar Pradesh East,UPE,North,2025-03-31,17,Prepaid,399,28,126.64,131.55,120.08,9,38.4,139,3,False,11.59,15.43,439,10,Apple,False,False,16.1,1.28,74.9,0,0,0.0,,1,False,2,32.8,False,True,False,False,True,True,Unresolved complaint,2026-10-04,34
JIO10010314,Gujarat,GJ,West,2025-12-30,8,Prepaid,349,84,192.97,189.22,204.4,2,102.7,210,1,False,121.36,116.75,301,7,Apple,False,False,10.4,0.79,24.3,1,0,1.8,,2,True,4,16.0,False,False,False,True,True,True,Dormant / non-recharge,2026-11-13,74
JIO10059777,Kerala,KL,South,2025-04-30,16,Prepaid,579,365,75.99,78.86,75.0,1,308.8,173,0,False,37.57,48.69,177,9,Motorola,False,False,17.4,0.22,28.6,1,1,1.7,,1,False,0,42.1,False,False,False,True,True,True,Dormant / non-recharge,2026-11-22,83
JIO10032962,Uttar Pradesh West,UPW,North,2021-10-30,58,Prepaid,155,365,104.12,111.45,94.94,0,343.2,210,1,True,39.84,39.57,61,12,vivo,False,False,17.6,0.91,56.1,1,0,8.3,,1,False,6,40.7,False,False,False,True,True,True,Network quality,2026-10-05,35
JIO10015567,Uttar Pradesh East,UPE,North,2024-02-29,30,Prepaid,239,365,173.97,172.68,174.83,0,379.3,210,1,False,24.15,23.31,683,8,realme,True,True,13.6,1.33,40.3,0,0,0.0,,1,False,8,41.9,False,True,False,True,True,True,Competitor offer / price,2026-11-13,74
JIO10018209,Uttar Pradesh East,UPE,North,2021-09-30,59,Prepaid,349,365,284.82,244.54,274.72,1,390.9,210,0,False,29.65,39.47,572,11,Xiaomi,True,False,11.6,0.72,62.1,1,0,6.7,,1,False,6,12.5,True,False,False,False,True,True,Device or SIM change,2026-10-08,38
JIO10063993,Andhra Pradesh & Telangana,AP,South,2025-06-30,14,Prepaid,349,56,96.34,111.78,107.54,4,73.0,62,1,False,24.0,18.21,391,11,JioBharat / JioPhone,False,False,8.5,1.52,31.6,1,0,14.7,,1,False,1,14.5,False,False,False,False,True,True,Competitor offer / price,2026-10-28,58
JIO10008982,Haryana,HR,North,2025-11-30,9,Prepaid,799,56,245.86,226.03,227.75,3,63.8,47,4,False,11.22,10.58,81,5,Xiaomi,False,False,17.3,1.73,39.7,1,0,6.6,,1,False,3,32.2,True,False,False,False,True,True,Competitor offer / price,2026-10-10,40
JIO10033055,West Bengal,WB,East,2025-10-30,10,Prepaid,399,56,100.33,105.14,90.22,3,66.9,47,3,True,39.08,37.29,146,5,POCO,False,False,14.6,0.19,41.6,1,0,3.3,,1,False,6,24.6,False,True,False,False,True,True,Competitor offer / price,2026-10-14,44
JIO10055508,Rajasthan,RJ,North,2026-03-01,6,Prepaid,399,365,87.51,88.93,101.29,0,400.0,210,1,False,26.04,26.14,220,20,vivo,False,False,9.1,0.71,32.9,2,0,0.8,,1,False,0,62.3,False,True,False,True,True,True,Competitor offer / price,2026-11-15,76
JIO10015610,Madhya Pradesh & Chhattisgarh,MP,North,2026-07-01,2,Prepaid,155,56,148.01,155.64,139.67,3,65.1,9,0,False,88.28,110.4,418,9,realme,True,True,13.4,0.31,45.7,3,1,6.0,,1,False,4,21.0,False,False,False,True,True,True,Dormant / non-recharge,2026-11-11,72
JIO10012073,Andhra Pradesh & Telangana,AP,South,2026-05-01,4,Prepaid,399,28,160.98,157.05,154.25,7,47.3,100,0,False,56.31,44.5,518,14,Xiaomi,True,True,11.7,0.15,40.0,1,0,1.7,,2,False,1,15.6,False,False,False,False,True,True,Unresolved complaint,2026-10-16,46
JIO10054784,Uttar Pradesh East,UPE,North,2025-09-30,11,Prepaid,349,56,113.2,94.42,105.46,4,39.6,31,0,True,28.59,28.18,236,11,vivo,True,True,18.1,3.24,99.0,1,1,2.7,,1,False,8,35.3,False,True,False,False,True,True,Competitor offer / price,2026-10-07,37
JIO10058960,Bihar & Jharkhand,BH,East,2026-01-29,7,Prepaid,299,28,98.12,103.43,77.82,5,34.2,47,0,False,24.89,24.41,261,12,vivo,False,False,14.1,0.65,40.1,1,0,4.6,,2,False,0,22.0,False,True,False,False,True,True,Competitor offer / price,2026-11-05,66
JIO10064480,Karnataka,KA,South,2025-03-01,18,Prepaid,155,28,149.54,128.16,153.93,6,34.6,56,1,False,99.23,102.47,86,7,OPPO,True,True,21.1,1.79,36.2,0,0,0.0,,1,False,4,48.5,False,False,False,False,True,True,Competitor offer / price,2026-11-15,76
JIO10017853,Uttar Pradesh East,UPE,North,2023-12-30,32,Prepaid,209,28,184.75,145.9,219.33,5,35.7,27,0,False,11.91,11.69,954,13,Samsung,False,False,11.0,0.31,57.0,1,1,0.7,,1,False,4,39.5,False,False,False,True,True,True,Competitor offer / price,2026-10-06,36
JIO10032939,West Bengal,WB,East,2026-03-01,6,Prepaid,449,28,99.2,95.67,84.56,8,24.2,11,2,False,33.24,38.15,158,10,realme,True,True,16.4,0.98,33.7,2,1,4.8,,2,False,1,44.5,False,False,False,True,True,True,Network quality,2026-10-15,45
JIO10035354,Uttar Pradesh West,UPW,North,2024-11-29,21,Prepaid,189,84,146.99,133.05,158.51,3,108.9,178,3,False,12.22,14.69,324,6,Samsung,False,False,11.4,0.41,11.3,0,0,0.0,,1,False,6,19.6,False,False,False,False,True,True,Dormant / non-recharge,2026-10-29,59
JIO10053457,Karnataka,KA,South,2025-11-30,9,Prepaid,349,365,172.07,175.23,190.35,0,376.7,210,4,True,10.79,12.22,597,17,vivo,True,True,15.8,0.71,39.8,0,0,0.0,,1,False,12,20.0,False,False,False,False,True,True,Dormant / non-recharge,2026-11-08,69
JIO10015613,Karnataka,KA,South,2025-10-30,10,Prepaid,155,56,102.92,95.3,112.53,4,70.8,61,0,False,6.15,7.42,300,9,vivo,False,False,8.1,0.99,44.9,2,1,2.7,,1,False,0,45.0,False,True,False,False,True,True,Dormant / non-recharge,2026-10-16,46
JIO10022712,West Bengal,WB,East,2022-11-30,45,Prepaid,3599,56,225.96,234.45,261.05,3,55.0,210,1,True,99.45,93.13,75,14,Samsung,True,True,17.0,0.73,21.0,0,0,0.0,,1,False,12,34.6,False,False,False,False,True,True,Competitor offer / price,2026-11-21,82
JIO10003423,Bihar & Jharkhand,BH,East,2025-03-01,18,Prepaid,349,28,152.81,159.02,152.12,8,35.0,24,0,False,94.68,87.77,351,10,Xiaomi,True,True,12.9,2.21,14.3,0,0,0.0,,1,False,2,37.5,False,False,False,True,True,True,Relocation,2026-11-04,65
JIO10006972,Odisha,OR,East,2025-10-30,10,Prepaid,155,28,162.7,160.51,160.59,6,32.4,42,0,False,15.67,14.97,615,10,Xiaomi,False,False,4.0,0.56,22.4,0,0,0.0,,1,False,6,46.0,False,False,False,True,True,True,Competitor offer / price,2026-10-27,57
JIO10040078,Madhya Pradesh & Chhattisgarh,MP,North,2024-06-30,26,Prepaid,209,28,177.09,197.97,182.54,5,34.4,60,0,False,69.53,75.16,307,13,Tecno,True,True,12.8,0.38,61.4,1,1,7.4,,2,False,4,35.8,False,False,False,True,True,True,Relocation,2026-11-19,80
JIO10004671,Madhya Pradesh & Chhattisgarh,MP,North,2018-08-30,96,Prepaid,299,365,200.9,199.69,214.87,1,400.0,54,0,False,86.8,70.55,124,13,OPPO,True,True,7.7,0.88,30.0,1,1,1.2,,2,False,6,21.6,False,False,False,False,True,True,Competitor offer / price,2026-11-24,85
JIO10058879,Uttar Pradesh East,UPE,North,2023-10-31,34,Prepaid,999,84,96.62,103.09,104.75,1,87.8,106,0,False,23.48,18.89,355,12,Tecno,False,False,8.8,0.51,88.1,2,1,6.5,,1,False,2,28.7,False,False,False,False,True,True,Dormant / non-recharge,2026-10-13,43
JIO10000842,Uttar Pradesh East,UPE,North,2024-05-31,27,Prepaid,209,365,94.17,103.43,121.5,0,330.4,42,0,False,41.37,38.36,437,10,realme,False,False,6.8,1.16,80.2,1,0,0.3,,1,False,0,43.5,False,False,False,False,True,True,Device or SIM change,2026-11-29,90
JIO10036411,Andhra Pradesh & Telangana,AP,South,2024-01-30,31,Prepaid,155,56,88.59,84.98,90.79,3,63.3,13,1,False,15.8,16.37,171,17,POCO,False,False,15.3,0.23,59.1,1,0,2.1,,2,False,1,19.2,False,False,False,False,True,True,Competitor offer / price,2026-11-13,74
JIO10045375,Uttar Pradesh West,UPW,North,2021-03-31,65,Prepaid,999,365,250.51,186.41,296.82,0,400.0,210,2,False,98.68,100.26,99,5,Xiaomi,True,True,25.7,1.83,38.2,1,0,3.4,JioAirFiber,3,False,7,30.9,False,False,False,True,True,True,Dormant / non-recharge,2026-10-17,47
JIO10061320,Maharashtra & Goa,MH,West,2022-07-31,49,Prepaid,155,365,171.58,173.01,170.71,0,400.0,210,0,False,19.6,21.03,512,18,POCO,False,False,8.1,1.02,49.2,1,0,1.6,,1,False,1,36.0,False,True,False,False,True,True,Dormant / non-recharge,2026-11-21,82
JIO10042616,Uttar Pradesh East,UPE,North,2018-06-30,98,Prepaid,155,365,118.47,129.88,121.82,0,384.2,168,2,False,10.4,9.61,330,14,Motorola,True,False,16.0,0.67,39.3,2,0,3.8,,3,False,0,41.9,False,True,True,False,True,True,Competitor offer / price,2026-11-11,72
JIO10049527,Tamil Nadu,TN,South,2026-03-01,6,Prepaid,209,84,124.94,129.07,114.99,2,75.2,32,1,False,12.55,10.49,369,9,Xiaomi,False,False,11.6,1.3,22.4,0,0,0.0,,1,False,2,63.0,False,True,False,True,True,True,Unresolved complaint,2026-10-19,49
JIO10045211,Uttar Pradesh East,UPE,North,2020-12-30,68,Prepaid,299,365,170.5,189.91,200.06,1,398.5,210,1,False,42.29,31.42,201,8,Apple,False,False,8.6,1.13,13.4,0,0,0.0,,1,False,4,43.3,False,True,False,True,True,True,Competitor offer / price,2026-11-06,67
JIO10018739,Rajasthan,RJ,North,2022-11-30,45,Prepaid,189,365,127.32,117.07,136.95,1,400.0,210,0,True,18.69,13.95,137,13,Samsung,False,False,10.7,1.32,58.1,1,0,3.1,,3,True,2,15.0,False,True,True,False,True,True,Dormant / non-recharge,2026-10-17,47
JIO10046457,Karnataka,KA,South,2023-10-31,34,Prepaid,189,365,184.15,195.93,163.4,0,400.0,186,1,False,40.52,38.04,429,13,Xiaomi,True,True,18.6,0.36,16.0,0,0,0.0,,2,False,8,31.4,False,False,False,True,True,True,Dormant / non-recharge,2026-10-11,41
JIO10019905,Uttar Pradesh West,UPW,North,2020-12-30,68,Prepaid,209,28,75.99,78.0,85.36,6,23.9,23,0,False,12.94,16.29,452,8,Samsung,True,True,9.8,1.45,14.5,0,0,0.0,,1,False,0,35.1,False,False,False,True,True,True,Unresolved complaint,2026-10-02,32
JIO10023595,Andhra Pradesh & Telangana,AP,South,2024-06-30,26,Prepaid,155,84,98.92,102.91,106.35,2,102.6,110,1,False,19.67,16.4,121,7,OnePlus,False,False,10.3,0.27,23.7,1,0,2.1,,2,False,0,48.2,False,False,False,True,True,True,Competitor offer / price,2026-11-27,88
JIO10025591,Bihar & Jharkhand,BH,East,2025-06-30,14,Prepaid,399,28,191.63,178.19,214.53,8,35.0,53,0,False,85.6,94.72,391,15,vivo,True,True,15.7,0.43,63.4,3,2,0.2,,2,False,8,61.5,False,False,False,False,True,True,Competitor offer / price,2026-11-27,88
JIO10024905,Uttar Pradesh West,UPW,North,2022-01-29,55,Prepaid,155,365,150.2,158.71,167.89,1,351.7,210,1,True,42.81,36.87,157,13,Apple,True,True,16.3,2.12,72.8,1,0,3.6,,1,False,4,31.0,False,False,False,True,True,True,Competitor offer / price,2026-11-17,78
JIO10026698,Madhya Pradesh & Chhattisgarh,MP,North,2026-07-31,1,Prepaid,155,84,177.63,170.41,160.05,2,96.0,104,1,False,30.67,26.99,182,8,Xiaomi,False,False,10.1,1.5,68.9,1,1,4.9,,1,False,7,9.8,False,False,False,False,True,True,Unresolved complaint,2026-10-03,33
JIO10044083,Madhya Pradesh & Chhattisgarh,MP,North,2025-10-30,10,Prepaid,209,365,282.46,307.6,290.72,1,394.4,210,1,False,48.16,43.45,872,18,POCO,True,True,13.2,0.34,28.3,0,0,0.0,,2,False,7,6.0,False,False,False,False,True,True,Billing dispute,2026-11-05,66
JIO10014935,Gujarat,GJ,West,2025-09-30,11,Prepaid,449,28,138.36,143.39,142.51,7,34.5,11,1,False,30.95,26.91,154,8,realme,True,False,13.9,0.28,27.0,2,1,2.5,,2,False,3,6.7,False,True,True,False,True,True,Unresolved complaint,2026-11-07,68
JIO10060243,West Bengal,WB,East,2024-11-29,21,Prepaid,189,56,86.47,81.66,90.86,4,63.0,29,1,False,8.39,10.67,150,14,Xiaomi,False,False,14.2,0.63,7.9,1,0,7.2,,1,True,0,43.0,False,False,False,False,True,True,Billing dispute,2026-11-10,71
JIO10030804,Uttar Pradesh West,UPW,North,2025-08-30,12,Prepaid,999,365,162.05,164.06,154.78,0,400.0,102,0,False,32.94,29.43,512,8,Samsung,False,False,6.5,0.6,11.1,1,0,2.7,,1,False,2,16.0,False,False,False,True,True,True,Network quality,2026-10-21,51
JIO10037620,Delhi NCR,DL,North,2024-06-30,26,Prepaid,449,365,123.48,111.46,104.33,0,400.0,34,0,False,12.6,11.28,80,6,realme,False,False,15.5,0.98,36.7,0,0,0.0,,1,False,0,52.0,False,False,False,True,True,True,Competitor offer / price,2026-10-02,32
JIO10043175,West Bengal,WB,East,2022-01-29,55,Prepaid,209,84,150.31,143.02,130.83,3,89.4,210,1,False,27.7,29.66,301,9,JioBharat / JioPhone,False,False,11.9,0.79,16.5,2,1,0.7,,2,False,3,65.6,False,False,False,True,True,True,Competitor offer / price,2026-11-28,89
JIO10023318,Andhra Pradesh & Telangana,AP,South,2023-07-31,37,Prepaid,209,365,162.12,167.08,206.73,1,254.7,210,2,True,20.61,16.41,222,17,Samsung,False,False,13.2,0.2,45.1,0,0,0.0,,1,False,9,18.5,False,False,False,False,True,True,Unresolved complaint,2026-10-21,51
JIO10057571,Kerala,KL,South,2023-03-31,41,Prepaid,449,28,120.67,105.14,129.75,8,43.8,40,1,True,45.78,42.63,239,6,Tecno,True,True,8.7,0.12,23.6,4,1,2.9,,2,False,10,58.7,False,False,False,False,True,True,Competitor offer / price,2026-11-01,62
JIO10046235,Bihar & Jharkhand,BH,East,2025-08-30,12,Prepaid,209,365,300.89,321.84,314.28,1,339.1,58,0,False,52.59,63.81,478,12,JioBharat / JioPhone,False,False,14.9,0.29,74.5,0,0,0.0,,1,True,7,34.2,False,False,False,True,True,True,Network quality,2026-11-23,84
JIO10064058,Bihar & Jharkhand,BH,East,2016-09-29,119,Prepaid,449,365,112.78,113.05,102.21,0,400.0,210,1,True,9.75,9.15,425,7,vivo,True,False,12.4,0.34,97.4,3,1,3.0,,1,False,7,19.4,False,False,False,False,True,True,Competitor offer / price,2026-10-26,56
JIO10026277,Rajasthan,RJ,North,2017-10-30,106,Prepaid,209,56,101.18,98.41,91.52,3,63.5,93,3,False,24.62,23.73,293,8,vivo,False,False,12.3,1.95,9.2,3,1,1.7,,1,True,1,60.1,False,False,False,True,True,True,Dormant / non-recharge,2026-11-15,76
JIO10036244,Maharashtra & Goa,MH,West,2022-11-30,45,Prepaid,299,365,191.78,220.43,189.01,0,400.0,210,0,False,31.72,36.8,379,10,JioBharat / JioPhone,False,False,16.5,0.59,17.3,0,0,0.0,,1,False,4,37.5,False,False,False,True,True,True,Dormant / non-recharge,2026-10-09,39
JIO10048674,Kerala,KL,South,2023-12-30,32,Prepaid,155,84,99.23,99.48,95.44,2,90.5,29,0,False,25.97,30.53,90,14,vivo,False,False,11.5,0.2,50.8,0,0,0.0,,1,False,0,66.1,False,True,False,True,True,True,Competitor offer / price,2026-11-18,79
JIO10052470,Uttar Pradesh East,UPE,North,2021-12-30,56,Prepaid,155,28,198.57,243.68,198.87,7,20.0,14,0,False,16.38,16.64,351,19,vivo,False,False,12.0,1.13,49.9,2,0,4.2,,1,False,5,43.0,False,False,False,True,True,True,Competitor offer / price,2026-10-03,33
JIO10061385,Haryana,HR,North,2022-07-31,49,Prepaid,999,28,104.38,106.82,98.05,9,29.5,12,0,False,9.86,9.92,195,8,Xiaomi,False,False,9.1,1.05,54.2,1,0,2.7,,1,False,0,53.4,False,False,False,True,True,True,Unresolved complaint,2026-10-24,54
JIO10006356,Bihar & Jharkhand,BH,East,2026-05-31,3,Prepaid,999,84,104.99,116.49,97.32,2,57.7,13,0,False,7.67,8.14,152,16,realme,False,False,11.6,0.43,24.5,3,0,3.8,,1,False,1,23.2,False,False,False,True,True,True,Competitor offer / price,2026-11-06,67
JIO10029320,Madhya Pradesh & Chhattisgarh,MP,North,2026-07-31,1,Prepaid,349,84,116.7,117.98,135.78,2,71.4,60,0,True,21.52,13.8,144,10,POCO,True,False,13.0,0.74,80.3,0,0,0.0,,1,True,5,30.0,False,False,False,True,True,True,Competitor offer / price,2026-11-02,63
JIO10030984,Maharashtra & Goa,MH,West,2017-05-31,111,Prepaid,155,56,75.99,78.0,75.0,2,57.5,14,0,False,35.43,36.58,338,8,realme,False,False,14.8,3.25,21.8,3,0,5.3,,1,False,2,69.5,False,False,False,True,True,True,Dormant / non-recharge,2026-11-09,70
JIO10029048,Uttar Pradesh East,UPE,North,2026-03-31,5,Prepaid,299,365,77.4,84.19,75.0,0,400.0,133,0,False,8.13,10.04,151,18,vivo,False,False,20.4,1.28,59.7,1,1,1.3,,2,False,0,31.9,False,False,False,False,True,True,Unresolved complaint,2026-11-10,71
JIO10051026,Bihar & Jharkhand,BH,East,2026-05-31,3,Prepaid,449,56,137.19,141.56,125.33,4,58.1,42,0,False,35.85,32.0,215,14,vivo,True,True,13.0,0.2,38.2,3,1,5.6,,1,False,3,76.1,False,False,False,False,True,True,Relocation,2026-10-07,37
JIO10028080,Uttar Pradesh West,UPW,North,2023-07-01,38,Prepaid,399,365,177.23,165.44,184.42,1,400.0,119,1,False,16.04,19.13,226,10,JioBharat / JioPhone,False,False,9.4,0.62,54.8,1,0,5.1,,1,False,6,9.9,False,False,False,True,True,True,Dormant / non-recharge,2026-10-20,50
JIO10047994,West Bengal,WB,East,2025-11-30,9,Postpaid,299,30,240.92,239.22,234.38,6,39.9,10,1,True,21.33,19.08,210,18,realme,True,True,14.0,1.73,38.6,2,0,6.1,,1,False,7,15.5,False,False,False,True,True,True,Competitor offer / price,2026-11-06,67
JIO10049308,Uttar Pradesh East,UPE,North,2025-07-31,13,Prepaid,299,365,178.75,179.76,227.11,1,368.4,210,0,False,12.46,13.68,166,9,realme,False,False,12.9,0.96,41.3,1,0,1.2,,1,False,4,32.3,False,False,False,True,True,True,Billing dispute,2026-11-22,83
JIO10035255,Uttar Pradesh West,UPW,North,2023-12-30,32,Prepaid,349,84,272.35,280.43,267.71,2,74.0,21,0,False,53.9,44.16,624,12,vivo,True,True,18.6,1.97,99.0,0,0,0.0,,1,False,6,27.6,False,False,False,False,True,True,Competitor offer / price,2026-11-18,79
JIO10044151,Rajasthan,RJ,North,2025-07-31,13,Prepaid,579,56,145.23,132.82,186.61,4,81.1,115,2,False,42.56,55.18,364,11,vivo,False,False,12.7,0.86,16.4,0,0,0.0,,1,False,7,24.8,False,False,False,True,True,True,Dormant / non-recharge,2026-11-22,83
JIO10037236,Tamil Nadu,TN,South,2025-07-31,13,Prepaid,189,365,263.1,282.97,258.44,1,400.0,210,3,False,4.05,4.3,198,17,Samsung,False,False,3.7,0.46,36.4,0,0,0.0,,1,False,5,39.7,True,False,False,True,True,True,Competitor offer / price,2026-10-09,39
JIO10033803,Haryana,HR,North,2025-10-30,10,Prepaid,155,28,171.09,199.4,172.81,5,30.4,14,0,False,64.1,74.25,335,13,Xiaomi,True,True,20.2,0.45,61.5,1,1,2.7,,1,False,4,1.3,False,False,False,True,True,True,Dormant / non-recharge,2026-10-12,42
JIO10023095,Tamil Nadu,TN,South,2024-11-29,21,Prepaid,155,84,115.18,123.25,94.43,2,72.8,210,3,False,52.86,60.19,343,10,realme,False,False,12.2,0.72,48.5,0,0,0.0,,2,False,0,20.5,False,False,False,True,True,True,Network quality,2026-10-19,49
JIO10002811,Madhya Pradesh & Chhattisgarh,MP,North,2025-03-31,17,Prepaid,299,28,75.99,81.34,85.65,6,29.5,23,1,False,6.89,6.42,349,14,Xiaomi,False,False,14.4,0.46,6.8,0,0,0.0,,1,False,1,63.7,False,True,True,True,True,True,Competitor offer / price,2026-10-09,39
JIO10022303,Kerala,KL,South,2025-05-31,15,Prepaid,3599,365,205.64,181.63,188.82,1,400.0,210,1,False,14.05,12.42,133,11,Motorola,False,False,12.2,0.12,51.2,2,0,8.6,,1,False,7,7.1,True,True,False,True,True,True,Unresolved complaint,2026-10-28,58
JIO10045261,Gujarat,GJ,West,2025-10-30,10,Prepaid,579,56,168.89,161.71,164.42,3,73.0,60,1,False,5.21,4.94,160,9,POCO,True,True,11.2,2.05,42.7,0,0,0.0,,2,False,5,23.1,False,False,False,True,True,True,Dormant / non-recharge,2026-10-13,43
JIO10049713,Mumbai,MU,West,2025-04-30,16,Prepaid,155,365,84.38,85.76,76.14,1,322.4,210,1,True,16.93,19.34,133,13,Apple,False,False,5.6,0.19,22.6,1,0,0.9,,1,False,4,35.3,False,False,False,True,True,True,Competitor offer / price,2026-11-13,74
JIO10030744,Bihar & Jharkhand,BH,East,2023-03-01,42,Prepaid,239,28,122.43,125.29,135.06,7,36.0,54,0,False,36.38,36.21,504,20,Samsung,False,False,14.0,1.24,47.4,3,2,2.4,,2,False,0,8.2,False,False,False,True,True,True,Competitor offer / price,2026-11-13,74
JIO10050518,Rajasthan,RJ,North,2024-05-31,27,Prepaid,155,56,113.0,113.02,147.96,3,80.1,41,0,False,33.69,26.53,76,7,JioBharat / JioPhone,True,True,12.2,0.05,51.3,3,2,10.1,,1,False,0,25.1,False,False,False,True,True,True,Network quality,2026-11-04,65
JIO10041234,Tamil Nadu,TN,South,2025-12-30,8,Prepaid,155,84,185.64,209.73,184.99,2,118.5,75,0,False,10.35,9.24,306,10,JioBharat / JioPhone,False,False,15.8,1.77,31.6,1,1,1.5,,3,False,1,32.5,False,False,False,False,True,True,Dormant / non-recharge,2026-11-10,71
JIO10031611,Uttar Pradesh East,UPE,North,2018-05-31,99,Prepaid,155,56,97.63,87.72,113.93,4,54.4,39,0,False,23.48,20.21,328,12,Samsung,True,True,12.2,0.43,60.6,2,1,12.4,,1,False,0,45.7,False,True,False,False,True,True,Unresolved complaint,2026-10-14,44
JIO10022805,Rajasthan,RJ,North,2022-09-30,47,Prepaid,209,365,75.99,78.0,75.0,1,359.0,167,3,False,15.44,16.49,233,16,Xiaomi,False,False,9.7,0.07,60.9,0,0,0.0,,1,False,0,33.6,False,False,False,False,True,True,Network quality,2026-11-25,86
JIO10035762,Odisha,OR,East,2021-02-28,66,Prepaid,155,84,170.43,198.55,206.74,2,103.4,191,0,False,14.23,17.15,215,8,Motorola,False,False,12.2,1.53,64.1,1,0,13.7,,1,False,2,24.5,False,False,False,True,True,True,Unresolved complaint,2026-10-08,38
JIO10007271,Bihar & Jharkhand,BH,East,2024-08-30,24,Prepaid,449,365,129.02,143.37,110.34,0,225.9,210,0,True,40.97,41.13,719,16,Motorola,False,False,12.4,0.18,62.4,3,0,2.2,,1,False,10,20.0,False,False,False,False,True,True,Network quality,2026-11-03,64
JIO10030194,Haryana,HR,North,2021-08-30,60,Prepaid,209,84,146.55,122.5,150.28,2,82.3,109,1,False,56.14,56.26,371,12,Motorola,False,False,11.6,0.14,15.9,0,0,0.0,,1,False,1,53.8,False,False,False,True,True,True,Dormant / non-recharge,2026-11-15,76
JIO10049789,Madhya Pradesh & Chhattisgarh,MP,North,2024-04-30,28,Prepaid,239,84,83.8,78.0,82.26,2,116.2,30,0,False,19.59,24.27,681,10,OnePlus,False,False,4.4,0.8,86.2,0,0,0.0,,2,False,1,32.6,False,False,False,False,True,True,Device or SIM change,2026-10-24,54
JIO10018901,Maharashtra & Goa,MH,West,2026-05-01,4,Prepaid,799,365,132.82,125.21,157.78,1,350.4,46,2,False,13.6,12.22,607,7,Samsung,False,False,11.2,0.35,37.8,1,1,7.3,,1,False,3,11.8,False,True,False,True,True,True,Competitor offer / price,2026-11-29,90
JIO10028715,Uttar Pradesh East,UPE,North,2021-07-31,61,Prepaid,299,365,266.29,285.74,284.46,1,343.4,210,5,False,67.89,72.73,63,12,Xiaomi,False,False,14.3,1.47,29.5,0,0,0.0,JioFiber,2,False,5,33.4,False,False,False,False,True,True,Competitor offer / price,2026-11-06,67
JIO10009192,Uttar Pradesh West,UPW,North,2025-06-30,14,Prepaid,189,28,149.9,158.55,143.89,6,30.4,54,0,False,27.51,24.82,391,5,JioBharat / JioPhone,False,False,10.6,1.32,61.0,5,2,2.7,,1,True,0,22.1,False,False,False,True,True,True,Dormant / non-recharge,2026-10-15,45
JIO10008348,Bihar & Jharkhand,BH,East,2026-01-29,7,Prepaid,299,28,133.57,140.81,155.7,7,32.0,4,0,False,20.37,21.94,536,10,Samsung,False,False,12.7,0.69,30.6,2,1,9.3,,1,False,0,32.1,False,False,False,False,True,True,Device or SIM change,2026-10-27,57
JIO10026344,Maharashtra & Goa,MH,West,2025-09-30,11,Prepaid,579,365,199.33,222.09,196.71,1,375.1,142,1,False,27.92,25.27,734,12,Samsung,False,False,15.6,0.61,61.9,3,1,1.2,,2,False,7,9.4,False,False,False,False,True,True,Competitor offer / price,2026-11-24,85
JIO10017367,Uttar Pradesh West,UPW,North,2025-10-30,10,Prepaid,399,365,189.52,182.3,180.85,0,400.0,210,2,False,20.68,26.77,324,8,Apple,False,False,11.2,0.25,42.1,1,0,5.2,,1,False,2,24.2,False,False,False,True,True,True,Billing dispute,2026-11-25,86
JIO10021657,Uttar Pradesh West,UPW,North,2023-08-31,36,Prepaid,349,56,81.72,84.58,75.0,3,70.5,52,0,False,8.25,8.71,325,12,Xiaomi,False,False,17.4,0.84,24.1,1,0,2.2,,2,False,0,32.1,False,False,False,True,True,True,Competitor offer / price,2026-10-25,55
JIO10007408,Haryana,HR,North,2026-05-31,3,Prepaid,299,56,377.53,361.87,318.63,3,65.3,37,1,False,63.2,72.51,349,9,JioBharat / JioPhone,False,False,6.2,0.76,26.4,1,0,4.4,,1,True,8,21.6,False,False,False,True,True,True,Competitor offer / price,2026-10-02,32
JIO10046987,Andhra Pradesh & Telangana,AP,South,2026-07-31,1,Prepaid,449,56,136.49,102.14,124.0,3,76.4,88,2,False,16.6,21.6,247,16,Xiaomi,False,False,19.2,0.36,66.3,0,0,0.0,,1,True,3,63.3,False,False,False,False,True,True,Device or SIM change,2026-10-18,48
JIO10018594,North East,NE,East,2023-12-30,32,Prepaid,239,365,88.4,95.68,91.77,1,378.7,210,2,False,20.75,25.36,212,8,Xiaomi,False,False,14.5,1.36,40.9,2,0,2.1,,2,False,0,29.2,False,False,False,False,True,True,Unresolved complaint,2026-10-24,54
JIO10018515,Uttar Pradesh East,UPE,North,2023-09-30,35,Prepaid,239,84,269.01,276.67,297.76,2,106.2,210,1,False,52.11,52.7,541,16,Motorola,True,True,16.1,1.09,95.7,2,1,0.8,,1,False,9,11.6,False,False,False,True,True,True,Dormant / non-recharge,2026-11-28,89
JIO10023902,Rajasthan,RJ,North,2024-03-31,29,Prepaid,449,365,75.99,78.0,111.41,0,344.0,210,0,False,19.75,18.34,36,18,vivo,False,False,10.3,0.23,41.3,1,0,1.5,,1,False,0,48.7,False,False,False,False,True,True,Dormant / non-recharge,2026-11-14,75
JIO10055583,Uttar Pradesh West,UPW,North,2023-05-31,39,Prepaid,239,84,75.99,78.0,77.71,2,87.4,23,1,False,20.82,19.49,468,14,JioBharat / JioPhone,False,False,19.4,1.19,20.6,0,0,0.0,,1,False,0,23.0,False,False,False,True,True,True,Competitor offer / price,2026-10-13,43
JIO10001698,West Bengal,WB,East,2022-05-01,52,Prepaid,799,365,177.63,167.43,156.9,0,363.1,128,0,True,7.24,7.93,140,12,Apple,False,False,11.9,1.38,18.5,1,0,1.0,,1,False,10,22.6,False,True,False,True,True,True,Dormant / non-recharge,2026-10-28,58
JIO10038425,Rajasthan,RJ,North,2024-05-31,27,Prepaid,155,365,188.14,198.62,142.61,1,388.5,190,1,False,86.5,104.4,68,24,Xiaomi,True,True,7.6,0.48,59.8,1,1,8.6,,2,False,4,23.4,False,False,False,True,True,True,Network quality,2026-10-25,55
JIO10018609,Madhya Pradesh & Chhattisgarh,MP,North,2022-03-31,53,Prepaid,155,28,75.99,80.6,76.7,7,34.6,38,1,True,25.49,29.16,101,4,Samsung,False,False,14.4,1.87,23.3,3,1,6.0,,1,False,2,24.3,False,False,False,True,True,True,Unresolved complaint,2026-10-26,56
JIO10019641,Delhi NCR,DL,North,2024-12-30,20,Prepaid,349,365,75.99,81.43,75.0,0,357.2,78,0,True,27.44,30.54,371,11,OPPO,False,False,14.9,0.46,10.3,1,1,13.3,,2,True,2,34.4,False,False,False,False,True,True,Competitor offer / price,2026-10-08,38
JIO10064064,Kerala,KL,South,2023-07-31,37,Prepaid,399,84,343.26,347.4,280.84,2,128.9,168,2,False,21.74,20.88,127,8,Samsung,True,True,8.3,0.33,25.2,2,1,5.5,,2,False,9,24.4,False,True,False,True,True,True,Unresolved complaint,2026-10-21,51
JIO10000769,Tamil Nadu,TN,South,2025-03-31,17,Prepaid,399,365,228.02,214.3,202.24,1,400.0,210,0,False,115.91,121.35,190,13,Xiaomi,True,True,16.9,0.85,37.7,1,1,8.8,,1,False,4,25.5,False,True,True,False,True,True,Network quality,2026-11-19,80
JIO10017408,Uttar Pradesh West,UPW,North,2025-07-31,13,Prepaid,449,365,114.99,114.2,115.27,1,391.4,210,0,False,67.31,54.06,74,13,OPPO,True,True,5.9,0.63,30.6,1,0,6.0,,1,False,2,24.2,True,True,False,True,True,True,Device or SIM change,2026-10-12,42
JIO10054549,Uttar Pradesh East,UPE,North,2021-09-30,59,Prepaid,209,84,190.69,150.24,164.03,2,75.2,210,3,False,90.21,93.06,222,8,Samsung,False,False,21.1,0.61,11.5,2,1,2.8,,1,False,5,1.9,False,False,False,True,True,True,Unresolved complaint,2026-10-10,40
JIO10061111,Punjab,PB,North,2025-04-30,16,Prepaid,209,84,136.47,117.93,133.2,2,56.2,43,1,False,31.53,32.57,204,12,realme,False,False,3.7,0.91,72.9,1,1,0.4,,1,False,1,20.8,False,False,False,True,True,True,Dormant / non-recharge,2026-11-18,79
JIO10063693,Maharashtra & Goa,MH,West,2024-05-31,27,Prepaid,999,365,131.0,129.35,122.63,1,400.0,210,2,True,29.52,25.16,686,12,Xiaomi,False,False,12.9,0.14,5.8,0,0,0.0,,2,False,5,40.8,False,True,False,True,True,True,Dormant / non-recharge,2026-10-17,47
JIO10053391,Haryana,HR,North,2023-11-30,33,Prepaid,449,28,75.99,78.59,75.0,7,26.1,105,1,False,19.71,27.87,549,10,Xiaomi,True,True,10.2,0.49,22.4,1,1,5.3,,1,False,0,39.9,False,False,False,True,True,True,Billing dispute,2026-10-06,36
JIO10007051,Uttar Pradesh East,UPE,North,2025-10-30,10,Prepaid,579,84,208.21,173.7,238.99,2,122.1,61,0,False,69.59,66.69,231,9,Apple,True,True,14.9,0.07,26.1,2,0,9.6,JioFiber,4,False,7,48.0,True,False,False,True,True,True,Unresolved complaint,2026-11-19,80
JIO10021881,Maharashtra & Goa,MH,West,2025-03-31,17,Prepaid,449,84,98.83,91.61,102.45,3,108.4,208,1,False,7.72,8.32,178,16,vivo,False,False,17.7,0.49,42.8,2,0,4.5,,2,False,0,33.9,False,False,False,False,True,True,Competitor offer / price,2026-10-06,36
JIO10022214,Bihar & Jharkhand,BH,East,2024-02-29,30,Prepaid,299,365,247.91,210.87,241.64,0,229.5,109,0,False,54.52,60.6,247,13,Xiaomi,True,False,7.8,0.27,11.8,1,1,9.7,,2,False,2,57.9,False,False,False,False,True,True,Network quality,2026-10-15,45
JIO10054281,Kolkata,KO,East,2021-07-31,61,Prepaid,299,365,126.1,135.02,128.33,1,378.1,89,2,False,43.48,49.15,276,6,Samsung,False,False,25.7,1.28,39.8,3,3,1.7,,1,False,3,9.3,False,False,False,True,True,True,Competitor offer / price,2026-10-10,40
JIO10044845,Uttar Pradesh East,UPE,North,2026-03-01,6,Prepaid,299,365,354.73,334.26,341.69,1,400.0,171,4,False,9.65,8.45,496,8,OPPO,False,False,6.1,1.91,53.6,1,0,8.9,,2,False,12,35.1,False,False,False,False,True,True,Network quality,2026-10-18,48
JIO10063479,Maharashtra & Goa,MH,West,2025-05-31,15,Prepaid,299,365,132.39,134.21,125.16,1,347.5,57,0,False,9.17,10.68,297,11,Samsung,False,False,14.2,0.33,35.3,1,1,2.8,,1,False,2,67.3,False,False,False,True,True,True,Dormant / non-recharge,2026-10-08,38
JIO10016585,Bihar & Jharkhand,BH,East,2026-03-01,6,Prepaid,299,28,104.32,99.99,102.56,10,34.0,38,1,False,42.0,36.66,501,7,OPPO,True,True,12.4,0.99,44.5,1,0,4.1,,2,False,0,5.0,False,False,False,False,True,True,Billing dispute,2026-11-29,90
JIO10033748,Andhra Pradesh & Telangana,AP,South,2024-07-31,25,Prepaid,155,365,75.99,78.0,75.0,0,335.9,144,1,False,4.72,5.16,160,12,vivo,False,False,9.8,0.19,24.4,0,0,0.0,,1,False,0,23.1,False,False,False,True,True,True,Dormant / non-recharge,2026-10-18,48
JIO10028635,Karnataka,KA,South,2025-07-31,13,Prepaid,399,84,144.24,128.21,151.02,2,98.1,210,3,False,49.76,55.58,160,10,Xiaomi,True,True,12.1,0.39,17.4,0,0,0.0,,1,True,1,35.4,False,False,False,True,True,True,Network quality,2026-10-25,55
JIO10012632,Uttar Pradesh East,UPE,North,2025-01-29,19,Prepaid,349,365,123.41,114.97,129.25,0,394.2,210,1,False,72.62,77.57,135,12,Samsung,True,True,8.2,0.49,48.2,0,0,0.0,JioFiber,3,True,1,19.5,False,True,False,False,True,True,Billing dispute,2026-11-13,74
JIO10019055,Bihar & Jharkhand,BH,East,2021-08-30,60,Prepaid,209,365,127.09,122.88,112.68,1,313.0,210,2,False,8.76,7.98,269,15,Apple,True,False,21.3,1.06,33.1,1,0,5.2,,1,True,0,74.2,False,False,False,True,True,True,Relocation,2026-10-05,35
JIO10007459,Madhya Pradesh & Chhattisgarh,MP,North,2023-03-01,42,Prepaid,239,365,158.7,136.17,160.58,0,359.6,123,1,False,27.07,31.83,179,11,realme,True,True,3.7,1.02,78.4,0,0,0.0,,1,False,5,16.0,False,False,False,False,True,True,Competitor offer / price,2026-11-20,81
JIO10043101,Maharashtra & Goa,MH,West,2024-11-29,21,Prepaid,209,365,121.28,123.28,110.18,1,400.0,210,2,False,43.7,42.96,185,14,realme,False,False,11.4,0.64,15.7,1,1,4.5,,2,False,2,18.6,False,True,True,True,True,True,Billing dispute,2026-10-28,58
JIO10036509,Karnataka,KA,South,2024-09-29,23,Prepaid,799,84,107.1,104.69,75.0,1,83.7,76,0,False,14.73,11.78,69,6,Xiaomi,True,False,10.7,0.27,25.7,0,0,0.0,,1,False,1,22.5,False,True,True,False,True,True,Network quality,2026-10-01,31
JIO10051395,Gujarat,GJ,West,2023-12-30,32,Prepaid,209,365,180.79,184.67,163.74,0,320.0,210,1,False,10.34,11.53,401,8,vivo,True,False,3.7,0.46,49.4,1,1,3.2,,1,False,3,53.4,False,False,False,True,True,True,Unresolved complaint,2026-11-28,89
JIO10050198,Uttar Pradesh West,UPW,North,2024-10-30,22,Prepaid,349,365,131.16,126.19,125.49,1,400.0,210,1,False,27.23,33.22,374,9,Apple,False,False,13.3,0.35,25.3,1,1,4.5,,2,False,2,17.7,False,False,False,True,True,True,Dormant / non-recharge,2026-11-22,83
JIO10006359,Gujarat,GJ,West,2022-07-01,50,Prepaid,155,365,189.04,192.31,166.49,1,400.0,210,1,False,47.89,48.73,97,9,realme,True,True,17.2,0.66,25.0,4,2,1.4,,1,False,9,44.0,False,False,False,True,True,True,Unresolved complaint,2026-10-30,60
JIO10054018,Uttar Pradesh West,UPW,North,2022-03-01,54,Prepaid,209,28,147.94,155.54,162.14,6,31.5,8,0,False,16.35,15.92,217,14,Samsung,False,False,3.9,0.07,74.2,1,1,2.6,,1,True,4,33.4,False,True,False,True,True,True,Competitor offer / price,2026-10-12,42
JIO10040504,Bihar & Jharkhand,BH,East,2022-10-30,46,Prepaid,299,365,161.49,152.25,159.12,1,400.0,189,0,False,37.86,32.45,221,9,JioBharat / JioPhone,False,False,6.4,1.0,39.0,1,1,3.1,,2,False,0,7.9,False,False,False,True,True,True,Competitor offer / price,2026-10-27,57
JIO10022786,Gujarat,GJ,West,2023-08-31,36,Prepaid,239,365,341.71,327.99,335.75,0,270.8,210,0,False,165.46,164.98,454,12,Tecno,True,True,6.3,1.97,70.4,1,0,15.2,,1,False,9,57.9,False,False,False,True,True,True,Dormant / non-recharge,2026-11-06,67
JIO10054742,Odisha,OR,East,2023-03-01,42,Prepaid,209,365,100.0,87.29,108.29,0,400.0,210,0,False,2.97,3.17,139,16,Samsung,False,False,15.1,2.19,15.1,3,0,6.8,,3,True,1,33.4,False,True,False,False,True,True,Competitor offer / price,2026-10-03,33
JIO10011328,Uttar Pradesh East,UPE,North,2022-05-31,51,Prepaid,155,28,91.42,98.01,94.73,8,35.7,55,0,False,187.0,210.23,296,9,Samsung,True,True,7.6,1.99,47.7,1,0,2.5,,3,False,0,60.2,False,False,False,True,True,True,Competitor offer / price,2026-10-10,40
JIO10061144,Maharashtra & Goa,MH,West,2025-01-29,19,Prepaid,449,365,127.19,139.02,111.18,1,400.0,210,1,True,5.4,5.91,91,14,Samsung,True,False,8.9,0.56,46.7,0,0,0.0,,1,False,8,54.8,False,False,False,True,True,True,Dormant / non-recharge,2026-11-02,63
JIO10061901,West Bengal,WB,East,2023-03-01,42,Prepaid,189,56,187.41,190.48,210.43,4,47.6,80,1,False,12.16,12.41,158,12,vivo,True,False,11.2,1.16,48.2,3,1,2.8,,2,False,2,13.3,False,False,False,True,True,True,Device or SIM change,2026-11-03,64
JIO10019660,Bihar & Jharkhand,BH,East,2026-07-01,2,Prepaid,449,365,87.85,87.3,111.26,1,368.2,210,0,False,3.9,4.5,235,15,Samsung,False,False,18.5,1.32,26.6,0,0,0.0,,1,True,0,26.4,False,False,False,False,True,True,Network quality,2026-11-10,71
JIO10051106,Maharashtra & Goa,MH,West,2021-07-31,61,Prepaid,155,84,170.86,178.45,184.9,2,85.6,127,0,False,18.93,23.28,521,12,Tecno,True,True,17.3,0.76,15.4,0,0,0.0,,1,False,3,32.6,False,True,False,False,True,True,Network quality,2026-10-27,57
JIO10026743,Kolkata,KO,East,2025-04-30,16,Prepaid,349,365,151.34,146.0,150.64,1,396.7,210,1,False,45.43,43.49,362,19,Apple,False,False,11.8,0.58,32.1,0,0,0.0,,2,False,2,56.3,True,False,False,False,True,True,Network quality,2026-10-07,37
JIO10045055,Karnataka,KA,South,2025-11-30,9,Prepaid,399,365,236.6,245.64,304.51,0,400.0,210,2,False,110.64,114.24,138,13,Tecno,True,True,13.2,0.85,52.0,0,0,0.0,,1,False,8,13.1,False,False,False,False,True,True,Dormant / non-recharge,2026-11-10,71
JIO10020274,Uttar Pradesh East,UPE,North,2022-03-31,53,Prepaid,579,365,149.6,155.28,188.95,1,387.4,146,0,False,18.87,23.72,311,11,Samsung,False,False,18.1,2.39,52.6,0,0,0.0,,1,True,1,18.6,False,False,False,False,True,True,Dormant / non-recharge,2026-11-09,70
JIO10005035,West Bengal,WB,East,2026-01-29,7,Prepaid,299,365,75.99,78.0,83.61,1,371.9,102,0,False,12.79,8.0,704,10,Samsung,False,False,19.3,0.68,15.2,1,0,5.2,,1,False,0,14.9,False,False,False,True,True,True,Competitor offer / price,2026-11-15,76
JIO10043243,Madhya Pradesh & Chhattisgarh,MP,North,2026-03-31,5,Prepaid,155,365,127.13,131.49,146.35,0,400.0,210,1,False,26.92,35.15,234,7,vivo,True,True,21.0,1.1,24.6,2,0,2.9,JioFiber,2,False,1,51.3,False,False,False,True,True,True,Competitor offer / price,2026-11-21,82
JIO10024173,Odisha,OR,East,2024-01-30,31,Prepaid,399,56,242.09,270.74,227.44,3,75.8,89,1,False,36.07,42.49,455,9,Motorola,True,False,22.6,0.95,50.7,0,0,0.0,,1,False,10,13.3,False,False,False,False,True,True,Network quality,2026-11-17,78
JIO10001444,Uttar Pradesh East,UPE,North,2024-02-29,30,Prepaid,189,56,160.23,177.47,195.03,3,64.5,43,2,False,8.1,7.78,250,17,Motorola,True,True,11.9,0.42,67.0,1,1,6.0,,1,False,5,35.0,False,False,False,False,True,True,Network quality,2026-11-04,65
JIO10049248,Uttar Pradesh East,UPE,North,2026-07-01,2,Prepaid,189,28,102.45,90.1,86.81,6,20.5,9,0,False,14.56,15.87,148,15,vivo,False,False,9.3,2.98,56.2,0,0,0.0,,1,False,0,75.6,False,True,True,False,True,True,Dormant / non-recharge,2026-10-21,51
JIO10023829,Maharashtra & Goa,MH,West,2025-12-30,8,Prepaid,209,365,317.58,326.23,303.92,0,350.6,170,1,False,24.65,25.21,134,2,OnePlus,False,False,9.2,0.12,35.5,2,0,3.1,,2,False,7,55.8,True,False,False,False,True,True,Network quality,2026-11-16,77
JIO10058647,Gujarat,GJ,West,2025-05-31,15,Prepaid,209,365,79.64,78.0,81.95,1,400.0,183,2,False,2.93,3.2,162,13,JioBharat / JioPhone,False,False,14.9,0.27,15.4,1,1,3.8,,1,False,0,38.8,False,False,False,False,True,True,Competitor offer / price,2026-11-05,66
JIO10013040,Karnataka,KA,South,2022-08-30,48,Prepaid,209,365,102.47,98.09,138.13,1,400.0,210,3,False,41.5,35.7,69,11,vivo,False,False,7.2,1.4,16.5,0,0,0.0,,1,False,0,36.4,True,False,False,False,True,True,Relocation,2026-11-26,87
JIO10030910,Tamil Nadu,TN,South,2023-12-30,32,Prepaid,155,56,127.76,122.3,114.01,3,52.1,87,2,False,67.8,55.0,231,11,POCO,False,False,7.2,0.26,23.2,2,1,5.9,,2,False,1,52.9,False,False,False,False,True,True,Dormant / non-recharge,2026-11-26,87
JIO10001630,Madhya Pradesh & Chhattisgarh,MP,North,2021-11-29,57,Prepaid,189,28,176.35,208.02,145.18,7,35.6,43,1,False,20.0,17.79,141,8,realme,True,True,7.4,0.96,58.9,3,2,2.7,JioFiber,2,False,5,19.9,False,True,True,True,True,True,Network quality,2026-11-10,71
JIO10008081,Uttar Pradesh East,UPE,North,2026-07-31,1,Prepaid,155,84,75.99,78.0,75.0,2,90.7,18,0,False,5.81,5.78,630,13,Apple,False,False,20.4,0.19,63.7,2,2,2.3,,2,False,0,13.0,False,True,False,True,True,True,Competitor offer / price,2026-11-08,69
JIO10032755,Uttar Pradesh West,UPW,North,2025-05-31,15,Prepaid,209,56,83.59,78.09,102.69,4,67.8,32,0,False,20.44,28.32,829,11,vivo,False,False,19.0,0.66,99.0,0,0,0.0,,1,False,0,25.5,False,True,True,True,True,True,Competitor offer / price,2026-11-01,62
JIO10041751,Bihar & Jharkhand,BH,East,2020-11-29,69,Prepaid,155,28,78.48,88.04,84.72,5,37.0,36,0,False,20.48,22.28,322,9,Motorola,False,False,17.4,0.68,59.6,0,0,0.0,,1,False,0,52.7,False,True,True,False,True,True,Billing dispute,2026-10-15,45
JIO10024437,Uttar Pradesh East,UPE,North,2024-11-29,21,Prepaid,209,365,131.75,125.19,128.21,1,320.1,158,1,False,49.94,39.74,46,13,OPPO,False,False,7.1,0.16,88.2,0,0,0.0,,2,False,6,26.7,False,False,False,True,True,True,Competitor offer / price,2026-10-06,36
JIO10052815,Odisha,OR,East,2022-01-29,55,Prepaid,449,365,330.33,331.8,354.13,0,342.2,105,2,False,19.09,18.19,112,6,realme,True,False,8.6,0.13,42.6,4,1,3.6,,2,False,7,34.2,False,True,True,False,True,True,Relocation,2026-10-19,49
JIO10038531,Kerala,KL,South,2023-07-31,37,Prepaid,999,365,133.6,139.85,128.49,0,350.0,210,1,False,41.16,46.82,163,4,Xiaomi,False,False,10.1,1.07,23.7,1,0,7.7,,1,False,3,41.9,False,False,False,True,True,True,Dormant / non-recharge,2026-11-19,80
JIO10041833,Madhya Pradesh & Chhattisgarh,MP,North,2025-01-29,19,Prepaid,399,56,95.16,103.11,99.28,4,69.6,62,0,False,14.73,17.0,240,11,realme,False,False,5.7,1.62,46.1,0,0,0.0,,1,False,0,32.4,False,False,False,False,True,True,Dormant / non-recharge,2026-11-13,74
JIO10055269,Madhya Pradesh & Chhattisgarh,MP,North,2024-09-29,23,Prepaid,189,365,85.47,78.0,99.34,1,383.0,131,1,False,14.96,14.94,245,12,POCO,False,False,2.9,0.45,28.0,0,0,0.0,,1,False,0,46.9,False,False,False,True,True,True,Competitor offer / price,2026-11-11,72
JIO10036465,Odisha,OR,East,2025-08-30,12,Prepaid,299,28,217.44,218.27,214.13,5,32.4,1,0,False,23.54,23.16,264,12,Xiaomi,True,False,9.6,0.22,35.7,1,1,4.4,,1,True,9,73.7,False,False,False,True,True,True,Unresolved complaint,2026-11-22,83
JIO10045028,Rajasthan,RJ,North,2024-12-30,20,Prepaid,399,28,149.0,141.87,163.37,7,32.6,80,1,False,5.15,6.84,279,8,Motorola,False,False,15.2,0.25,34.9,0,0,0.0,,1,False,2,42.7,False,True,False,True,True,True,Competitor offer / price,2026-10-25,55
JIO10014702,Karnataka,KA,South,2025-08-30,12,Prepaid,209,28,75.99,89.28,78.65,7,19.1,4,0,False,9.49,7.7,77,7,Xiaomi,False,False,14.3,0.19,43.3,0,0,0.0,,2,False,0,47.1,False,True,True,True,True,True,Network quality,2026-11-21,82
JIO10021395,Maharashtra & Goa,MH,West,2025-05-31,15,Prepaid,239,28,76.37,78.0,75.0,8,28.9,23,0,False,9.93,10.45,204,14,Samsung,False,False,21.5,0.82,36.3,2,2,5.5,,1,True,2,23.3,False,False,False,True,True,True,Unresolved complaint,2026-11-16,77
JIO10001711,Rajasthan,RJ,North,2025-08-30,12,Prepaid,349,365,346.08,385.99,263.49,1,400.0,210,2,False,81.94,81.87,630,12,vivo,True,True,16.0,0.24,5.5,0,0,0.0,JioAirFiber,2,False,3,27.7,False,True,False,True,True,True,Unresolved complaint,2026-10-16,46
JIO10053598,Rajasthan,RJ,North,2022-10-30,46,Prepaid,209,365,96.77,91.65,124.0,1,296.9,119,0,False,29.08,26.87,231,12,JioBharat / JioPhone,False,False,13.9,2.2,13.2,0,0,0.0,,2,False,0,44.1,False,False,False,True,True,True,Billing dispute,2026-11-15,76
JIO10010866,Delhi NCR,DL,North,2023-11-30,33,Prepaid,449,365,274.08,293.07,281.43,1,289.1,210,1,False,60.1,75.34,384,10,Motorola,False,False,19.5,0.39,17.6,1,1,5.0,,1,False,7,36.6,False,False,False,False,True,True,Competitor offer / price,2026-11-27,88
JIO10021376,Andhra Pradesh & Telangana,AP,South,2025-07-31,13,Prepaid,399,56,75.99,78.73,75.0,3,77.7,210,1,False,6.19,7.55,86,11,Xiaomi,False,False,19.0,1.06,41.5,1,1,3.6,,2,False,0,42.0,False,True,True,False,True,True,Unresolved complaint,2026-11-09,70
JIO10026956,Bihar & Jharkhand,BH,East,2024-05-31,27,Prepaid,155,28,119.18,107.11,122.39,8,26.2,14,0,True,37.41,35.0,136,10,POCO,False,False,16.6,1.32,59.5,1,1,1.6,,2,False,5,38.2,False,False,False,True,True,True,Network quality,2026-10-30,60
JIO10040133,Kolkata,KO,East,2024-06-30,26,Prepaid,209,365,75.99,82.65,81.66,0,400.0,104,0,False,37.8,30.19,206,16,OPPO,True,True,9.3,0.34,35.1,1,0,7.8,,1,False,1,27.5,True,False,False,True,True,True,Dormant / non-recharge,2026-11-17,78
JIO10001968,Uttar Pradesh East,UPE,North,2025-09-30,11,Prepaid,449,56,246.47,230.41,312.25,3,50.5,43,0,False,48.98,56.35,486,8,Tecno,False,False,2.2,1.45,19.4,0,0,0.0,,1,False,3,12.2,False,False,False,False,True,True,Network quality,2026-11-11,72
JIO10019858,Mumbai,MU,West,2025-12-30,8,Prepaid,579,365,169.61,173.49,181.5,1,400.0,210,1,False,71.97,65.95,317,14,Xiaomi,True,True,9.2,0.46,23.0,0,0,0.0,,1,False,4,39.3,False,True,True,False,True,True,Unresolved complaint,2026-10-22,52
JIO10051462,Kerala,KL,South,2023-05-31,39,Prepaid,209,365,148.43,127.27,119.19,1,400.0,210,0,False,16.84,16.42,298,8,vivo,True,True,13.3,0.29,45.4,1,0,9.7,,1,False,6,41.8,False,False,False,True,True,True,Relocation,2026-10-20,50
JIO10008052,Kerala,KL,South,2026-01-29,7,Prepaid,399,365,137.8,140.46,128.78,0,296.8,210,3,False,32.2,32.11,295,6,Apple,False,False,11.9,1.08,21.9,0,0,0.0,,2,False,1,48.8,True,False,False,False,True,True,Competitor offer / price,2026-11-10,71
JIO10059196,Maharashtra & Goa,MH,West,2022-01-29,55,Prepaid,209,365,115.55,111.83,87.04,1,400.0,207,2,False,5.02,4.8,106,8,Xiaomi,False,False,15.7,0.44,6.1,0,0,0.0,JioFiber,2,False,0,62.4,False,False,False,False,True,True,Network quality,2026-11-03,64
JIO10032444,Haryana,HR,North,2025-05-31,15,Prepaid,209,56,75.99,78.0,75.0,4,67.2,187,2,False,4.72,5.4,416,13,OnePlus,False,False,18.2,0.91,28.9,1,1,2.2,,1,False,0,14.4,False,False,False,True,True,True,Competitor offer / price,2026-10-08,38
JIO10014269,Andhra Pradesh & Telangana,AP,South,2023-05-31,39,Prepaid,299,56,116.98,111.36,120.47,5,58.7,44,0,False,49.53,59.9,738,11,Apple,False,False,14.5,0.25,21.4,1,1,3.7,,2,False,1,25.0,False,False,False,False,True,True,Dormant / non-recharge,2026-10-07,37
JIO10016728,Maharashtra & Goa,MH,West,2025-03-31,17,Prepaid,399,365,160.5,172.98,170.04,1,400.0,180,1,False,76.54,58.34,361,16,vivo,True,True,22.3,2.33,24.8,2,1,0.6,,2,False,4,36.3,False,False,False,False,True,True,Network quality,2026-11-09,70
JIO10063687,Uttar Pradesh East,UPE,North,2024-12-30,20,Prepaid,155,365,209.39,204.57,215.57,0,400.0,210,1,False,37.74,31.18,538,10,vivo,True,True,11.8,0.13,45.6,0,0,0.0,,1,False,6,56.9,True,False,False,True,True,True,Network quality,2026-11-19,80
JIO10049222,Odisha,OR,East,2025-08-30,12,Prepaid,189,365,108.44,105.31,141.87,0,351.3,210,1,True,49.4,59.31,452,7,JioBharat / JioPhone,False,False,13.3,0.48,4.2,0,0,0.0,,1,False,3,30.5,False,False,False,True,True,True,Dormant / non-recharge,2026-11-29,90
JIO10003665,Maharashtra & Goa,MH,West,2023-08-31,36,Prepaid,579,28,148.16,171.03,179.98,8,35.2,36,1,False,31.97,33.78,142,15,realme,True,False,22.8,0.09,52.4,2,2,2.0,,2,False,2,51.4,False,True,True,False,True,True,Competitor offer / price,2026-11-02,63
JIO10052921,Madhya Pradesh & Chhattisgarh,MP,North,2022-08-30,48,Prepaid,155,365,194.4,208.08,182.81,1,400.0,73,1,False,26.33,17.75,106,6,POCO,False,False,8.0,0.59,40.2,2,1,7.5,,1,False,7,16.9,False,False,False,True,True,True,Network quality,2026-11-26,87
JIO10000597,Punjab,PB,North,2024-04-30,28,Prepaid,449,365,194.83,184.63,207.01,0,383.6,210,3,False,61.25,59.95,163,17,Apple,True,True,6.0,0.52,50.4,1,0,3.7,,1,False,4,23.2,False,False,False,True,True,True,Dormant / non-recharge,2026-10-03,33
JIO10027145,Rajasthan,RJ,North,2025-03-01,18,Prepaid,299,365,75.99,78.0,76.34,0,400.0,210,5,False,6.91,7.67,200,15,realme,False,False,15.3,0.8,52.8,0,0,0.0,,1,True,1,54.7,False,False,False,True,True,True,Dormant / non-recharge,2026-10-09,39
JIO10018176,Bihar & Jharkhand,BH,East,2022-10-30,46,Prepaid,155,365,113.49,116.24,99.71,0,322.0,210,1,False,13.87,13.8,101,11,Tecno,False,False,7.3,0.3,22.3,0,0,0.0,,1,False,1,31.7,True,False,False,False,True,True,Competitor offer / price,2026-11-23,84
JIO10042018,Madhya Pradesh & Chhattisgarh,MP,North,2024-09-29,23,Prepaid,1559,56,154.43,158.97,140.18,4,64.8,23,0,False,8.74,9.42,414,12,vivo,False,False,16.3,0.28,57.0,5,2,2.4,,2,True,6,41.4,False,True,False,True,True,True,Competitor offer / price,2026-11-10,71
JIO10044529,Andhra Pradesh & Telangana,AP,South,2026-01-29,7,Prepaid,579,365,410.13,479.1,417.92,1,320.4,210,2,False,99.52,106.9,343,11,vivo,True,True,19.1,0.02,22.5,0,0,0.0,,1,False,11,18.6,False,False,False,True,True,True,Competitor offer / price,2026-10-23,53
JIO10023274,Bihar & Jharkhand,BH,East,2026-01-29,7,Prepaid,399,365,88.2,95.71,78.47,1,339.7,210,2,False,4.37,3.59,344,14,Xiaomi,True,True,3.5,0.69,36.8,1,0,11.9,,2,False,0,39.7,False,False,False,True,True,True,Competitor offer / price,2026-10-19,49
JIO10028030,Tamil Nadu,TN,South,2023-01-30,43,Prepaid,349,28,254.58,225.31,236.37,6,30.3,22,0,False,67.69,89.54,261,18,Apple,True,False,12.3,0.51,42.5,1,0,2.8,,1,False,3,30.2,False,False,False,True,True,True,Dormant / non-recharge,2026-11-19,80
JIO10012464,Punjab,PB,North,2024-06-30,26,Prepaid,399,84,160.0,138.05,174.39,3,70.8,54,0,False,77.74,82.2,261,13,OnePlus,True,True,12.6,0.7,9.9,0,0,0.0,,1,True,2,49.8,False,False,False,True,True,True,Competitor offer / price,2026-10-23,53
JIO10038678,Uttar Pradesh West,UPW,North,2025-09-30,11,Prepaid,209,84,253.79,244.28,258.29,2,71.9,76,0,False,14.19,14.97,288,13,Apple,False,False,16.5,1.06,33.1,0,0,0.0,,2,False,4,41.1,True,True,False,True,True,True,Dormant / non-recharge,2026-10-13,43
JIO10012232,West Bengal,WB,East,2024-09-29,23,Prepaid,155,365,94.17,97.16,91.5,0,400.0,210,4,False,16.13,18.59,450,18,OPPO,False,False,14.4,0.53,53.2,0,0,0.0,,2,False,1,43.4,False,False,False,True,True,True,Billing dispute,2026-11-03,64
JIO10050410,Assam,AS,East,2024-09-29,23,Prepaid,209,365,135.44,133.76,157.52,0,322.7,202,1,False,16.6,15.51,478,10,Motorola,True,True,4.4,1.0,63.8,1,1,9.2,,2,False,2,33.8,False,False,False,True,True,True,Dormant / non-recharge,2026-11-03,64
JIO10027079,Delhi NCR,DL,North,2026-01-29,7,Prepaid,239,365,92.35,112.29,97.82,1,322.0,159,1,False,49.52,53.45,492,11,vivo,False,False,16.0,0.82,10.6,1,0,5.2,,1,False,0,40.3,False,False,False,True,True,True,Competitor offer / price,2026-11-11,72
JIO10027265,Delhi NCR,DL,North,2022-12-30,44,Prepaid,399,365,195.65,206.83,130.97,0,367.5,210,2,False,36.63,34.78,199,10,Samsung,False,False,11.2,1.02,26.6,3,1,7.4,,1,False,5,33.9,False,False,False,True,True,True,Dormant / non-recharge,2026-10-04,34
JIO10053625,Karnataka,KA,South,2026-07-31,1,Prepaid,155,365,270.56,247.95,297.24,1,279.5,210,1,True,2.31,2.58,249,17,vivo,True,True,9.9,0.59,59.1,3,2,3.5,,2,False,11,6.2,False,True,True,True,True,True,Device or SIM change,2026-11-13,74
JIO10041463,Andhra Pradesh & Telangana,AP,South,2026-03-01,6,Prepaid,999,28,187.14,187.02,176.87,8,38.1,58,0,False,12.11,12.91,190,8,vivo,True,True,2.8,0.19,12.5,4,2,6.3,,1,False,4,22.7,False,False,False,False,True,True,Dormant / non-recharge,2026-10-07,37
JIO10017696,Maharashtra & Goa,MH,West,2023-10-31,34,Prepaid,239,84,75.99,78.0,75.0,2,74.6,62,1,False,8.98,8.81,261,9,POCO,False,False,13.8,1.37,62.1,1,1,7.4,,1,False,0,68.8,True,False,False,True,True,True,Network quality,2026-11-29,90
JIO10064168,Bihar & Jharkhand,BH,East,2025-11-30,9,Prepaid,155,365,75.99,78.0,88.88,0,321.8,210,1,False,0.63,0.57,218,19,Samsung,False,False,19.1,0.98,56.9,1,0,2.7,,1,True,2,10.6,False,False,False,True,True,True,Competitor offer / price,2026-11-16,77
JIO10057939,Madhya Pradesh & Chhattisgarh,MP,North,2026-03-01,6,Prepaid,399,365,156.3,174.45,143.92,0,276.9,210,0,False,19.25,24.33,600,14,OPPO,True,True,9.3,1.15,46.6,0,0,0.0,,2,True,4,35.6,False,False,False,False,True,True,Competitor offer / price,2026-11-02,63
JIO10044899,Bihar & Jharkhand,BH,East,2023-03-01,42,Prepaid,349,56,239.73,237.17,243.91,3,67.2,19,0,False,88.03,89.69,147,8,POCO,False,False,4.1,0.77,17.1,1,1,2.2,,1,False,9,22.8,False,True,True,False,True,True,Competitor offer / price,2026-10-24,54
JIO10059037,Bihar & Jharkhand,BH,East,2024-10-30,22,Prepaid,449,365,137.16,130.27,159.56,0,400.0,183,2,False,15.1,16.52,247,16,realme,False,False,14.7,0.39,88.8,1,1,3.0,,1,False,0,8.9,False,True,True,True,True,True,Relocation,2026-10-09,39
JIO10062124,Bihar & Jharkhand,BH,East,2024-10-30,22,Prepaid,209,84,108.73,109.25,119.37,2,58.7,15,0,False,16.32,19.8,165,9,Samsung,False,False,13.8,1.08,80.2,2,1,1.9,,2,False,0,31.2,False,False,False,True,True,True,Competitor offer / price,2026-11-09,70
JIO10032244,Uttar Pradesh East,UPE,North,2025-07-31,13,Prepaid,399,365,90.49,108.35,83.16,0,307.5,210,2,False,4.18,4.87,203,15,realme,False,False,7.8,1.75,3.7,0,0,0.0,,2,False,0,41.9,False,False,False,False,True,True,Relocation,2026-10-31,61
JIO10010475,Uttar Pradesh East,UPE,North,2024-11-29,21,Prepaid,299,365,139.07,134.34,121.73,0,365.7,133,0,False,37.37,39.82,103,10,Samsung,False,False,15.7,1.01,99.0,0,0,0.0,,1,False,4,40.2,False,False,False,True,True,True,Competitor offer / price,2026-10-19,49
JIO10004118,Uttar Pradesh East,UPE,North,2026-05-01,4,Prepaid,209,28,139.86,152.81,127.9,7,32.9,52,1,False,43.32,45.93,605,14,realme,True,False,14.4,0.81,47.7,1,0,8.3,,2,False,5,40.6,False,False,False,False,True,True,Unresolved complaint,2026-11-26,87
JIO10023856,Uttar Pradesh East,UPE,North,2024-03-31,29,Prepaid,239,56,234.08,193.92,203.9,3,72.9,107,3,False,24.5,25.3,214,8,POCO,False,False,14.3,0.7,64.9,1,0,1.5,,2,True,1,62.3,False,False,False,False,True,True,Competitor offer / price,2026-11-29,90
JIO10058240,Rajasthan,RJ,North,2023-01-30,43,Prepaid,299,365,210.25,206.07,209.25,1,400.0,210,1,False,11.03,8.55,358,14,POCO,False,False,11.3,0.56,12.1,0,0,0.0,,1,True,9,60.2,False,False,False,True,True,True,Network quality,2026-11-07,68
JIO10054367,Madhya Pradesh & Chhattisgarh,MP,North,2023-07-01,38,Prepaid,239,56,165.91,150.97,162.73,4,62.8,95,0,False,58.88,46.39,367,10,Samsung,True,True,17.1,0.85,61.6,2,0,2.6,,2,False,4,23.5,False,False,False,False,True,True,Competitor offer / price,2026-11-21,82
JIO10010905,Kerala,KL,South,2025-04-30,16,Prepaid,209,84,157.2,168.3,148.58,2,79.8,193,2,False,16.26,14.16,233,4,POCO,False,False,13.7,0.37,3.0,1,1,3.3,,1,False,2,36.9,False,True,True,False,True,True,Unresolved complaint,2026-11-27,88
JIO10058967,Uttar Pradesh East,UPE,North,2024-05-31,27,Prepaid,189,56,107.44,110.19,97.61,3,42.4,4,0,False,12.33,10.6,332,7,Motorola,False,False,17.0,0.61,28.6,1,1,4.4,,1,False,0,41.7,False,True,False,True,True,True,Unresolved complaint,2026-11-25,86
JIO10012823,Rajasthan,RJ,North,2022-12-30,44,Prepaid,579,365,245.9,234.53,286.11,1,400.0,210,2,False,14.9,15.73,221,11,vivo,False,False,10.3,1.38,63.1,2,0,5.1,JioAirFiber,2,False,7,33.0,False,False,False,False,True,True,Network quality,2026-10-02,32
JIO10004223,Uttar Pradesh West,UPW,North,2025-11-30,9,Prepaid,209,28,179.48,195.95,180.26,7,24.1,37,0,False,86.6,121.68,482,18,OPPO,True,True,17.8,1.87,70.7,1,0,4.4,,1,False,2,33.8,False,False,False,True,True,True,Dormant / non-recharge,2026-11-14,75
JIO10062360,Tamil Nadu,TN,South,2023-10-31,34,Prepaid,999,365,188.21,188.61,177.03,0,317.1,210,1,False,9.72,9.23,617,13,Xiaomi,True,False,19.9,0.28,24.4,0,0,0.0,JioFiber,2,False,3,25.0,False,False,False,True,True,True,Dormant / non-recharge,2026-11-03,64
JIO10053354,Odisha,OR,East,2025-10-30,10,Prepaid,349,56,323.29,375.77,255.5,4,43.8,45,0,False,46.14,64.17,175,13,Motorola,False,False,17.5,2.37,54.1,2,1,1.2,,1,False,9,26.5,False,False,False,False,True,True,Competitor offer / price,2026-10-15,45
JIO10038634,Uttar Pradesh East,UPE,North,2024-05-31,27,Prepaid,299,365,197.79,216.95,221.13,1,400.0,210,2,False,68.16,47.52,543,9,POCO,True,True,10.0,1.15,42.0,2,0,5.1,,1,True,4,48.4,False,False,False,True,True,True,Network quality,2026-10-06,36
JIO10024277,Uttar Pradesh West,UPW,North,2025-10-30,10,Prepaid,349,28,84.4,81.9,89.26,8,30.3,38,0,False,60.57,66.94,90,10,Samsung,True,True,9.5,0.72,80.9,0,0,0.0,,1,True,0,22.4,False,False,False,True,True,True,Unresolved complaint,2026-10-05,35
JIO10051317,Rajasthan,RJ,North,2025-05-31,15,Prepaid,3599,365,186.3,182.33,147.04,0,400.0,210,0,False,35.33,30.74,383,17,Xiaomi,True,False,12.3,1.06,37.9,0,0,0.0,,3,False,3,38.0,False,False,False,False,True,True,Competitor offer / price,2026-10-27,57
JIO10059755,Madhya Pradesh & Chhattisgarh,MP,North,2024-11-29,21,Prepaid,999,56,165.62,163.44,177.23,3,49.6,18,0,True,55.68,47.89,381,6,vivo,True,True,0.6,0.6,67.1,1,0,1.4,,1,False,4,67.2,False,False,False,True,True,True,Network quality,2026-10-03,33
JIO10008330,Madhya Pradesh & Chhattisgarh,MP,North,2023-09-30,35,Prepaid,299,56,158.41,160.34,148.82,4,47.1,4,1,False,22.97,28.97,165,11,JioBharat / JioPhone,False,False,12.9,0.7,18.4,1,0,4.6,,1,False,2,32.9,False,False,False,True,True,True,Network quality,2026-10-01,31
JIO10029250,Madhya Pradesh & Chhattisgarh,MP,North,2024-07-31,25,Prepaid,579,84,143.8,140.78,168.36,2,103.7,87,1,False,29.23,30.01,545,12,POCO,True,False,10.3,0.42,25.0,1,1,1.3,,1,False,2,40.7,False,False,False,True,True,True,Dormant / non-recharge,2026-10-08,38
JIO10063190,Tamil Nadu,TN,South,2025-03-31,17,Prepaid,155,56,90.61,78.0,93.0,4,73.5,84,1,False,4.16,3.59,148,10,Apple,False,False,9.7,0.57,41.7,1,1,4.7,,1,True,0,17.1,True,False,False,True,True,True,Device or SIM change,2026-11-07,68
JIO10040790,Delhi NCR,DL,North,2026-03-31,5,Prepaid,189,365,149.64,151.62,189.14,1,360.9,210,1,False,15.9,19.44,169,9,Xiaomi,True,True,10.6,0.48,18.1,1,1,1.8,,1,False,0,17.7,True,False,False,False,True,True,Unresolved complaint,2026-10-07,37
JIO10028613,Bihar & Jharkhand,BH,East,2022-08-30,48,Prepaid,349,365,207.31,203.04,245.37,1,400.0,210,1,False,11.67,12.39,292,12,OnePlus,False,False,10.9,2.29,44.4,2,1,4.8,,2,False,0,43.6,True,False,False,True,True,True,Competitor offer / price,2026-10-22,52
JIO10026917,Odisha,OR,East,2024-12-30,20,Prepaid,239,28,89.79,87.27,100.78,7,24.9,37,0,True,45.32,50.31,245,13,OPPO,True,True,11.5,1.65,42.8,2,0,4.8,,1,False,4,19.9,False,True,True,False,True,True,Competitor offer / price,2026-11-29,90
JIO10047211,Madhya Pradesh & Chhattisgarh,MP,North,2025-07-31,13,Prepaid,399,365,116.95,118.54,108.31,0,400.0,210,1,False,20.2,23.31,311,11,Xiaomi,False,False,19.7,0.23,94.4,1,0,2.1,,3,False,1,26.4,False,True,False,False,True,True,Competitor offer / price,2026-10-20,50
JIO10058283,Rajasthan,RJ,North,2024-06-30,26,Prepaid,209,365,138.97,118.08,139.21,0,332.7,210,1,False,90.75,85.65,94,4,Samsung,True,True,12.8,0.03,40.3,0,0,0.0,,1,False,7,50.0,False,False,False,False,True,True,Network quality,2026-10-24,54
JIO10010189,Assam,AS,East,2024-08-30,24,Prepaid,189,84,117.92,112.74,101.6,3,106.5,102,1,False,21.91,25.71,305,7,vivo,False,False,12.8,0.71,47.2,0,0,0.0,,1,False,2,64.4,False,False,False,True,True,True,Competitor offer / price,2026-10-29,59
JIO10014722,Gujarat,GJ,West,2018-08-30,96,Prepaid,209,365,102.38,109.36,96.44,0,400.0,210,2,False,21.75,17.29,536,11,Motorola,False,False,11.7,0.76,11.5,1,0,3.6,,2,False,0,36.3,False,False,False,True,True,True,Dormant / non-recharge,2026-11-06,67
JIO10034460,Haryana,HR,North,2025-03-31,17,Prepaid,299,56,115.15,130.68,144.87,3,72.5,27,0,False,44.9,47.52,404,14,POCO,False,False,15.6,0.18,39.4,1,0,1.4,,1,False,1,3.8,False,False,False,True,True,True,Unresolved complaint,2026-10-29,59
JIO10036677,Madhya Pradesh & Chhattisgarh,MP,North,2024-04-30,28,Prepaid,579,84,118.25,112.62,85.67,2,76.2,74,0,True,19.34,23.22,250,13,OnePlus,False,False,12.5,0.32,77.2,2,2,7.9,,1,False,4,21.4,False,False,False,True,True,True,Competitor offer / price,2026-11-12,73
JIO10012070,Uttar Pradesh East,UPE,North,2025-04-30,16,Prepaid,299,365,173.94,182.11,179.85,1,400.0,127,1,False,56.33,55.35,506,5,Samsung,True,True,9.8,0.57,30.3,1,1,1.4,,1,False,10,41.8,False,False,False,False,True,True,Network quality,2026-10-06,36
JIO10003325,Madhya Pradesh & Chhattisgarh,MP,North,2025-05-31,15,Prepaid,299,365,153.58,147.06,169.55,0,386.2,171,1,True,14.4,11.8,207,9,realme,True,True,17.8,3.14,59.7,3,0,2.2,,1,False,3,15.8,False,True,False,True,True,True,Relocation,2026-10-27,57
JIO10011434,Uttar Pradesh East,UPE,North,2024-04-30,28,Prepaid,579,365,246.38,219.91,263.14,0,380.9,210,1,False,32.52,32.32,651,11,Xiaomi,False,False,11.3,1.2,41.5,1,0,4.5,,1,False,1,36.7,False,False,False,True,True,True,Billing dispute,2026-11-24,85
JIO10011178,Bihar & Jharkhand,BH,East,2020-04-30,76,Prepaid,239,365,135.74,115.63,132.32,1,400.0,166,1,False,59.62,67.77,353,12,vivo,False,False,18.4,0.5,65.4,4,1,4.5,,1,False,1,30.0,False,False,False,True,True,True,Competitor offer / price,2026-11-21,82
JIO10000379,Andhra Pradesh & Telangana,AP,South,2024-07-31,25,Prepaid,209,365,196.05,193.45,173.91,1,373.6,210,1,False,18.67,17.81,327,5,OPPO,False,False,14.8,0.82,32.0,1,0,1.1,,2,True,7,30.3,False,False,False,True,True,True,Competitor offer / price,2026-10-25,55
JIO10002999,Uttar Pradesh East,UPE,North,2026-03-31,5,Prepaid,189,84,81.05,79.06,77.16,2,105.2,106,0,False,14.1,16.06,231,6,vivo,False,False,18.3,0.87,52.0,0,0,0.0,,1,False,1,33.7,False,False,False,True,True,True,Unresolved complaint,2026-11-05,66
JIO10013118,Rajasthan,RJ,North,2025-10-30,10,Prepaid,299,365,156.1,142.06,144.54,1,400.0,210,1,False,45.22,59.23,420,11,realme,False,False,6.3,0.31,61.4,2,0,3.6,,1,False,0,39.8,False,False,False,False,True,True,Competitor offer / price,2026-10-29,59
JIO10040225,Uttar Pradesh East,UPE,North,2026-07-01,2,Prepaid,579,84,129.64,109.31,123.54,2,83.8,87,2,False,17.17,16.37,99,8,Tecno,False,False,12.8,0.38,48.0,1,0,3.5,,1,False,1,43.2,False,False,False,False,True,True,Competitor offer / price,2026-10-23,53
JIO10020396,Madhya Pradesh & Chhattisgarh,MP,North,2025-07-31,13,Prepaid,189,28,105.16,101.66,96.53,6,27.4,32,0,False,45.39,43.52,141,16,JioBharat / JioPhone,False,False,14.5,1.05,91.8,3,2,0.3,,2,False,0,53.2,False,False,False,True,True,True,Competitor offer / price,2026-11-29,90
JIO10014613,Gujarat,GJ,West,2025-03-01,18,Prepaid,155,28,149.83,169.35,175.84,8,28.4,8,0,False,42.66,40.23,212,5,vivo,False,False,7.5,1.11,54.4,1,0,5.0,,1,False,0,45.6,False,False,False,True,True,True,Unresolved complaint,2026-11-22,83
JIO10045416,Rajasthan,RJ,North,2025-11-30,9,Prepaid,209,365,143.92,133.25,185.8,0,400.0,210,0,False,147.15,152.11,324,17,vivo,True,True,10.5,0.91,47.0,0,0,0.0,,1,False,2,28.5,False,False,False,False,True,True,Dormant / non-recharge,2026-10-16,46
JIO10048148,Uttar Pradesh East,UPE,North,2021-08-30,60,Prepaid,209,56,93.75,87.59,77.33,3,72.5,21,1,True,53.74,56.88,40,13,Samsung,True,True,15.5,1.19,78.8,2,0,2.7,,1,False,5,45.1,False,False,False,True,True,True,Device or SIM change,2026-10-18,48
JIO10012452,Uttar Pradesh East,UPE,North,2026-05-01,4,Prepaid,299,365,122.35,117.75,120.05,0,400.0,210,0,False,91.97,100.99,372,16,Samsung,True,True,16.7,1.5,8.8,1,1,7.9,,1,True,0,40.2,False,False,False,True,True,True,Unresolved complaint,2026-11-03,64
JIO10010308,Uttar Pradesh East,UPE,North,2025-10-30,10,Prepaid,209,365,168.4,163.0,131.97,1,400.0,210,0,False,47.75,46.02,166,16,Xiaomi,False,False,11.3,0.47,39.7,0,0,0.0,,1,False,3,30.6,False,True,False,True,True,True,Network quality,2026-11-27,88
JIO10019249,Assam,AS,East,2024-08-30,24,Prepaid,189,28,156.36,161.28,170.4,9,34.6,22,0,False,11.79,11.28,384,14,vivo,False,False,16.1,0.76,34.0,3,1,7.2,,3,False,3,41.4,True,False,False,True,True,True,Network quality,2026-10-02,32
JIO10022148,Madhya Pradesh & Chhattisgarh,MP,North,2024-02-29,30,Prepaid,155,365,173.25,192.77,154.01,0,400.0,210,0,False,47.13,34.83,335,8,Xiaomi,True,True,5.5,1.1,74.2,0,0,0.0,,2,False,3,19.5,False,False,False,True,True,True,Relocation,2026-10-16,46
JIO10033104,Uttar Pradesh East,UPE,North,2020-10-30,70,Prepaid,299,28,124.15,116.13,90.73,6,36.1,15,1,False,26.22,31.53,253,10,Xiaomi,False,False,13.5,1.25,83.5,0,0,0.0,,1,False,1,33.5,False,False,False,False,True,True,Unresolved complaint,2026-10-16,46
JIO10011009,Delhi NCR,DL,North,2026-07-31,1,Prepaid,209,28,160.2,154.14,184.22,7,33.7,47,1,False,17.37,16.8,206,13,vivo,False,False,15.0,0.35,4.8,0,0,0.0,,1,False,3,28.0,False,False,False,False,True,True,Dormant / non-recharge,2026-10-22,52
JIO10032016,Madhya Pradesh & Chhattisgarh,MP,North,2025-06-30,14,Prepaid,239,28,113.62,105.74,98.85,5,38.3,31,0,False,20.68,16.55,793,14,JioBharat / JioPhone,False,False,7.0,1.73,88.3,3,2,3.5,,1,False,1,8.3,True,False,False,True,True,True,Dormant / non-recharge,2026-10-29,59
JIO10060419,Assam,AS,East,2025-04-30,16,Prepaid,155,28,82.67,78.0,82.32,6,47.3,21,3,False,19.97,22.86,204,8,Apple,False,False,22.2,1.07,75.4,1,0,4.8,,1,False,0,62.2,False,False,False,True,True,True,Competitor offer / price,2026-10-15,45
JIO10036341,Assam,AS,East,2023-11-30,33,Prepaid,209,365,144.62,167.03,151.58,1,330.9,111,0,False,5.21,4.98,177,9,JioBharat / JioPhone,False,False,21.1,1.81,39.5,1,1,5.2,,1,False,4,40.0,True,True,True,False,True,True,Dormant / non-recharge,2026-11-07,68
JIO10060118,Maharashtra & Goa,MH,West,2024-10-30,22,Prepaid,449,365,215.2,200.95,227.66,0,400.0,156,2,False,35.54,31.71,325,13,Motorola,False,False,14.0,0.9,48.1,1,0,6.0,,2,False,7,51.4,False,False,False,False,True,True,Dormant / non-recharge,2026-10-18,48
JIO10012461,Uttar Pradesh East,UPE,North,2021-11-29,57,Prepaid,349,365,208.89,210.57,228.22,0,400.0,210,2,False,20.88,22.71,489,21,realme,True,True,11.9,1.03,52.3,2,0,1.8,JioFiber,2,False,6,21.8,False,False,False,False,True,True,Dormant / non-recharge,2026-11-26,87
JIO10062706,West Bengal,WB,East,2023-05-01,40,Prepaid,399,84,305.69,338.38,325.74,2,105.6,210,0,False,13.73,16.66,311,9,vivo,True,False,11.2,0.76,57.2,0,0,0.0,,1,False,9,12.3,False,False,False,False,True,True,Competitor offer / price,2026-11-22,83
JIO10019364,Himachal Pradesh,HP,North,2025-10-30,10,Prepaid,189,365,86.99,83.59,81.84,1,393.5,204,1,False,35.01,36.39,326,17,Apple,False,False,17.1,0.85,14.1,2,0,5.2,,1,False,1,13.8,False,False,False,True,True,True,Competitor offer / price,2026-11-22,83
JIO10046182,Kerala,KL,South,2024-04-30,28,Prepaid,239,84,189.62,180.8,193.9,2,102.6,156,1,False,44.54,45.6,99,6,Apple,True,True,16.5,0.93,23.4,0,0,0.0,,2,False,2,48.0,False,False,False,True,True,True,Relocation,2026-10-27,57
JIO10053506,Tamil Nadu,TN,South,2022-03-31,53,Prepaid,209,56,113.82,106.16,110.72,3,42.8,39,0,False,22.29,27.06,123,12,JioBharat / JioPhone,False,False,11.4,0.09,18.6,0,0,0.0,,1,False,3,9.8,False,True,False,False,True,True,Relocation,2026-10-25,55
JIO10056481,Rajasthan,RJ,North,2025-05-31,15,Prepaid,155,56,181.28,188.29,194.88,3,67.3,64,0,True,14.23,15.09,506,15,OPPO,False,False,14.4,0.89,20.0,1,1,4.7,,1,False,6,64.9,False,False,False,False,True,True,Device or SIM change,2026-11-03,64
JIO10060991,Uttar Pradesh East,UPE,North,2026-07-01,2,Prepaid,209,84,113.97,113.44,93.58,2,126.7,154,2,False,58.59,57.54,51,18,vivo,True,True,6.2,0.79,39.6,0,0,0.0,,2,False,1,36.6,True,True,False,False,True,True,Network quality,2026-10-18,48
JIO10026914,Bihar & Jharkhand,BH,East,2024-07-31,25,Prepaid,579,365,75.99,82.63,75.0,1,394.0,210,1,False,17.79,15.84,362,17,JioBharat / JioPhone,False,False,13.2,1.51,46.1,2,1,1.2,,3,False,0,11.7,False,False,False,True,True,True,Competitor offer / price,2026-10-11,41
JIO10008040,Uttar Pradesh East,UPE,North,2025-05-31,15,Prepaid,299,365,137.62,115.75,162.54,0,273.5,210,0,False,52.18,46.06,268,15,Xiaomi,False,False,15.0,0.79,60.2,1,0,3.5,,2,False,2,7.2,False,False,False,True,True,True,Dormant / non-recharge,2026-11-01,62
JIO10054136,Madhya Pradesh & Chhattisgarh,MP,North,2023-05-31,39,Prepaid,155,365,177.86,170.67,164.88,1,291.6,210,0,False,63.52,58.44,93,10,Samsung,False,False,14.6,1.4,39.8,2,1,1.8,,1,False,6,44.3,True,False,False,False,True,True,Dormant / non-recharge,2026-11-12,73
JIO10028856,Madhya Pradesh & Chhattisgarh,MP,North,2024-09-29,23,Prepaid,579,28,136.18,128.49,120.16,6,25.5,37,0,False,32.68,19.91,32,11,OnePlus,False,False,18.1,1.74,50.3,0,0,0.0,,1,False,1,51.8,False,False,False,True,True,True,Competitor offer / price,2026-11-27,88
JIO10050776,Punjab,PB,North,2024-08-30,24,Prepaid,349,84,75.99,82.86,75.0,2,78.5,88,1,False,15.32,15.52,187,11,Samsung,False,False,10.2,0.16,45.4,1,1,5.6,,1,False,1,12.7,False,False,False,False,True,True,Dormant / non-recharge,2026-11-03,64
JIO10063317,Maharashtra & Goa,MH,West,2021-07-31,61,Prepaid,299,365,187.7,174.64,189.18,1,400.0,210,2,True,20.4,17.57,480,10,JioBharat / JioPhone,False,False,16.7,2.0,35.6,1,1,1.8,JioAirFiber,2,False,7,20.4,False,False,False,False,True,True,Network quality,2026-10-23,53
JIO10014463,Andhra Pradesh & Telangana,AP,South,2024-02-29,30,Prepaid,299,84,161.25,156.29,172.09,2,101.5,58,0,False,12.92,9.6,171,16,Samsung,False,False,17.7,0.36,27.7,1,0,9.9,,1,False,4,28.6,False,True,True,True,True,True,Billing dispute,2026-10-28,58
JIO10004702,Uttar Pradesh West,UPW,North,2023-05-01,40,Prepaid,299,365,123.44,111.78,139.29,0,400.0,210,2,False,27.31,23.09,204,9,vivo,False,False,1.1,1.1,35.2,0,0,0.0,,1,True,0,20.3,False,False,False,True,True,True,Network quality,2026-10-20,50
JIO10031156,Uttar Pradesh West,UPW,North,2022-07-31,49,Prepaid,189,56,99.31,90.47,84.16,3,46.6,25,0,False,47.09,44.2,518,20,vivo,False,False,17.7,0.18,60.6,3,1,1.8,,1,False,1,41.4,False,True,False,True,True,True,Dormant / non-recharge,2026-10-04,34
JIO10018734,Kolkata,KO,East,2025-03-01,18,Prepaid,349,365,105.19,122.63,126.54,0,400.0,210,1,False,28.99,31.1,271,11,JioBharat / JioPhone,False,False,8.6,0.49,43.0,2,1,8.4,,1,False,0,17.6,False,True,True,False,True,True,Competitor offer / price,2026-11-19,80
JIO10009655,Kerala,KL,South,2021-11-29,57,Prepaid,399,56,173.13,166.45,173.1,3,75.6,39,1,False,12.71,11.24,372,8,Motorola,True,False,3.2,1.07,53.7,1,1,3.2,,1,False,3,40.7,False,False,False,True,True,True,Unresolved complaint,2026-11-22,83
JIO10032558,Mumbai,MU,West,2024-04-30,28,Prepaid,189,365,144.53,153.77,106.93,1,400.0,210,0,False,19.86,17.0,324,8,Samsung,True,True,22.8,0.28,14.0,1,1,3.7,,1,False,1,10.0,False,False,False,False,True,True,Competitor offer / price,2026-11-27,88
JIO10057057,Odisha,OR,East,2024-03-31,29,Prepaid,399,365,288.95,254.45,310.48,1,400.0,108,0,False,84.9,73.36,222,10,vivo,True,True,12.5,0.5,47.0,1,1,10.4,,1,False,6,36.0,False,False,False,False,True,True,Network quality,2026-11-17,78
JIO10054219,Tamil Nadu,TN,South,2024-10-30,22,Prepaid,155,365,223.56,221.38,187.89,0,366.5,127,1,True,77.21,67.54,305,13,vivo,False,False,15.8,0.93,42.2,2,1,3.4,,3,False,11,20.7,True,False,False,False,True,True,Unresolved complaint,2026-11-11,72
JIO10056272,Madhya Pradesh & Chhattisgarh,MP,North,2026-05-01,4,Prepaid,349,365,220.29,240.79,219.79,0,314.0,210,2,False,14.54,13.76,157,11,JioBharat / JioPhone,False,False,12.6,0.14,51.0,0,0,0.0,JioAirFiber,2,False,6,40.3,False,False,False,False,True,True,Network quality,2026-11-26,87
JIO10022988,Maharashtra & Goa,MH,West,2022-07-01,50,Prepaid,349,365,102.53,97.92,128.7,1,400.0,144,1,False,23.24,19.58,481,10,Samsung,False,False,16.2,0.41,46.4,1,0,8.3,,2,False,0,9.6,False,False,False,True,True,True,Competitor offer / price,2026-10-03,33
JIO10040901,Assam,AS,East,2022-05-31,51,Prepaid,349,365,119.92,124.4,140.31,1,326.7,29,0,False,14.06,10.41,84,16,Apple,False,False,11.6,0.58,39.3,2,1,1.7,,1,False,1,37.3,False,False,False,True,True,True,Competitor offer / price,2026-10-30,60
JIO10024887,Delhi NCR,DL,North,2024-10-30,22,Prepaid,239,56,182.05,171.33,205.6,3,59.3,14,0,False,48.4,40.92,104,8,Xiaomi,False,False,13.9,0.25,47.7,2,2,1.6,,1,False,5,6.4,False,False,False,True,True,True,Network quality,2026-11-17,78
JIO10027287,Karnataka,KA,South,2023-08-31,36,Prepaid,209,365,205.67,201.16,195.42,0,400.0,195,2,False,62.49,60.21,237,16,Samsung,False,False,12.8,0.24,34.0,1,1,7.0,,1,False,2,6.5,False,True,False,False,True,True,Unresolved complaint,2026-11-24,85
JIO10059191,Bihar & Jharkhand,BH,East,2025-03-31,17,Prepaid,399,84,116.1,126.92,118.92,2,81.6,8,1,False,9.43,9.0,159,9,Xiaomi,False,False,14.9,1.38,64.4,1,0,10.1,,1,False,0,44.6,False,False,False,False,True,True,Competitor offer / price,2026-10-24,54
JIO10016606,Uttar Pradesh West,UPW,North,2025-07-31,13,Prepaid,579,28,220.56,228.75,210.44,7,30.7,12,0,False,63.91,54.28,1040,18,realme,False,False,17.7,2.19,45.2,0,0,0.0,,1,False,6,4.1,False,False,False,True,True,True,Dormant / non-recharge,2026-10-05,35
JIO10014606,Haryana,HR,North,2024-01-30,31,Prepaid,579,365,84.8,86.57,91.15,0,355.7,210,1,False,45.85,42.69,245,16,Samsung,True,True,13.1,0.56,54.3,3,0,0.5,,1,False,1,37.7,False,False,False,True,True,True,Competitor offer / price,2026-11-12,73
JIO10038779,Maharashtra & Goa,MH,West,2025-06-30,14,Prepaid,239,365,128.86,139.47,105.39,0,334.1,210,0,False,16.48,20.6,180,19,Samsung,False,False,10.1,0.91,21.5,1,1,10.4,,1,True,0,24.8,False,False,False,False,True,True,Unresolved complaint,2026-11-29,90
JIO10061049,Gujarat,GJ,West,2025-03-01,18,Prepaid,155,365,146.15,137.07,146.88,1,400.0,210,1,False,92.0,73.93,343,12,Xiaomi,True,True,18.1,0.88,49.5,1,0,6.8,,2,True,3,74.0,False,False,False,True,True,True,Competitor offer / price,2026-10-02,32
JIO10040244,Uttar Pradesh East,UPE,North,2022-07-31,49,Prepaid,579,365,265.15,235.05,308.35,1,400.0,210,0,False,8.6,6.23,332,5,Samsung,True,True,14.9,0.62,84.7,2,1,9.9,,2,False,6,32.4,False,False,False,True,True,True,Unresolved complaint,2026-10-22,52
JIO10014999,Assam,AS,East,2024-09-29,23,Prepaid,799,28,120.28,119.04,120.67,5,36.6,133,3,False,29.33,30.53,387,7,OPPO,False,False,11.0,2.02,23.7,2,0,10.1,,1,False,1,12.9,False,True,True,True,True,True,Network quality,2026-11-08,69
JIO10013906,Punjab,PB,North,2024-03-31,29,Prepaid,299,56,131.56,133.81,123.98,4,49.2,41,0,False,55.27,43.6,191,5,Samsung,False,False,8.2,0.23,63.2,1,0,3.5,,1,True,0,46.2,False,False,False,False,True,True,Competitor offer / price,2026-11-01,62
JIO10005351,Maharashtra & Goa,MH,West,2026-03-31,5,Prepaid,3599,28,147.64,146.83,166.44,9,28.0,14,0,False,34.65,24.62,405,15,POCO,False,False,9.8,0.35,50.6,0,0,0.0,,1,False,2,31.9,True,False,False,False,True,True,Device or SIM change,2026-10-12,42
JIO10055231,Andhra Pradesh & Telangana,AP,South,2025-08-30,12,Prepaid,209,365,102.22,99.76,104.56,0,400.0,210,2,True,19.45,19.27,163,11,vivo,False,False,5.6,0.39,44.2,3,1,1.9,,1,False,4,50.6,True,False,False,False,True,True,Competitor offer / price,2026-11-03,64
JIO10059820,Mumbai,MU,West,2024-03-31,29,Prepaid,799,365,104.13,107.89,110.19,0,238.5,175,1,False,6.68,7.38,307,14,Xiaomi,False,False,20.2,0.48,45.7,2,1,0.8,,1,False,0,5.7,True,False,False,False,True,True,Unresolved complaint,2026-10-21,51
JIO10028780,Karnataka,KA,South,2023-09-30,35,Prepaid,209,56,77.79,78.0,90.4,2,63.4,10,0,False,9.08,8.18,333,7,JioBharat / JioPhone,False,False,6.7,0.51,20.2,1,1,4.6,,1,False,0,39.9,False,False,False,True,True,True,Network quality,2026-11-03,64
JIO10043180,Maharashtra & Goa,MH,West,2025-08-30,12,Prepaid,239,28,131.37,125.75,110.88,8,27.9,9,0,False,14.94,14.14,209,9,OPPO,False,False,6.8,1.87,8.1,2,2,0.5,,1,False,0,26.8,True,False,False,False,True,True,Unresolved complaint,2026-10-11,41
JIO10057589,Assam,AS,East,2024-08-30,24,Prepaid,189,28,116.29,110.47,139.01,7,18.0,15,1,False,40.8,45.47,358,19,Apple,False,False,14.4,0.34,40.5,3,1,2.4,JioFiber,2,False,2,40.5,False,False,False,True,True,True,Unresolved complaint,2026-10-02,32
JIO10034448,Rajasthan,RJ,North,2025-03-31,17,Prepaid,155,84,132.26,125.88,148.38,2,115.4,173,0,False,8.21,8.48,290,18,Samsung,True,True,9.1,0.09,36.8,0,0,0.0,,1,False,2,16.9,False,False,False,True,True,True,Competitor offer / price,2026-11-21,82
JIO10013443,West Bengal,WB,East,2025-11-30,9,Prepaid,399,56,223.7,210.37,228.88,4,44.8,83,0,False,37.55,30.3,600,5,JioBharat / JioPhone,False,False,2.0,0.72,45.8,2,0,8.2,,3,False,7,51.6,False,False,False,True,True,True,Network quality,2026-11-29,90
JIO10031385,Bihar & Jharkhand,BH,East,2026-03-01,6,Prepaid,155,84,296.39,289.42,324.7,2,78.4,122,0,True,74.18,71.03,912,9,JioBharat / JioPhone,False,False,21.2,0.88,15.0,1,1,2.3,,1,False,17,38.6,False,False,False,False,True,True,Competitor offer / price,2026-11-09,70
JIO10021523,Tamil Nadu,TN,South,2025-10-30,10,Prepaid,349,365,222.39,253.67,179.15,1,400.0,210,1,True,21.38,18.77,211,11,vivo,True,False,20.6,0.82,45.0,1,1,0.8,,2,False,11,15.5,False,False,False,True,True,True,Dormant / non-recharge,2026-10-24,54
JIO10036558,Kolkata,KO,East,2025-06-30,14,Prepaid,999,365,110.05,103.39,118.16,0,400.0,210,2,False,12.76,12.33,755,11,vivo,False,False,15.9,1.15,18.5,0,0,0.0,,1,False,2,46.1,True,False,False,True,True,True,Dormant / non-recharge,2026-11-08,69
JIO10006984,Delhi NCR,DL,North,2024-03-31,29,Prepaid,349,56,186.79,181.2,200.34,3,67.3,132,1,False,10.24,9.09,100,6,JioBharat / JioPhone,False,False,8.7,0.62,22.2,1,0,13.1,,1,False,5,27.6,False,False,False,True,True,True,Relocation,2026-10-25,55
JIO10004253,Uttar Pradesh East,UPE,North,2025-09-30,11,Prepaid,189,84,133.24,133.74,125.3,2,87.7,68,1,False,12.59,11.39,602,10,Tecno,False,False,14.4,0.16,68.3,1,1,1.2,,1,False,1,18.9,False,False,False,True,True,True,Network quality,2026-10-07,37
JIO10045887,Andhra Pradesh & Telangana,AP,South,2023-03-31,41,Prepaid,209,365,75.99,84.73,75.0,1,330.1,210,3,False,29.45,29.29,381,15,JioBharat / JioPhone,False,False,12.7,0.47,45.9,0,0,0.0,,1,False,0,48.8,False,False,False,True,True,True,Dormant / non-recharge,2026-11-07,68
JIO10014489,Bihar & Jharkhand,BH,East,2026-01-29,7,Prepaid,999,365,307.88,306.48,290.45,0,400.0,77,0,False,26.98,27.08,522,10,OPPO,False,False,12.2,0.34,61.7,1,1,0.5,,1,True,7,32.5,False,True,True,False,True,True,Unresolved complaint,2026-11-12,73
JIO10043857,Karnataka,KA,South,2025-01-29,19,Prepaid,399,56,214.11,205.27,258.87,4,47.4,2,1,False,66.1,85.15,680,11,vivo,False,False,16.8,0.08,53.2,0,0,0.0,,1,False,4,46.6,False,False,False,True,True,True,Competitor offer / price,2026-10-15,45
JIO10027055,Madhya Pradesh & Chhattisgarh,MP,North,2025-05-31,15,Prepaid,155,365,99.21,90.82,99.85,1,375.6,210,0,False,32.43,36.72,78,4,JioBharat / JioPhone,False,False,9.6,0.87,31.9,1,1,3.9,,1,False,0,31.1,False,False,False,True,True,True,Unresolved complaint,2026-11-13,74
JIO10060565,Madhya Pradesh & Chhattisgarh,MP,North,2026-01-29,7,Prepaid,399,365,212.3,211.96,181.14,0,270.9,210,1,False,44.22,39.51,274,10,OnePlus,True,True,15.8,1.69,90.6,3,1,16.7,,1,False,5,4.5,False,False,False,True,True,True,Relocation,2026-11-19,80
JIO10045403,Kolkata,KO,East,2023-05-01,40,Prepaid,239,84,226.71,220.1,241.99,2,95.0,15,0,False,54.39,69.67,271,8,Samsung,True,True,16.4,2.21,20.3,2,1,2.5,,1,False,3,40.5,False,False,False,True,True,True,Unresolved complaint,2026-10-24,54
JIO10041681,Gujarat,GJ,West,2026-03-31,5,Prepaid,155,84,163.11,188.46,193.59,2,74.9,26,0,False,34.85,36.58,223,13,JioBharat / JioPhone,False,False,9.2,0.63,16.8,0,0,0.0,,2,False,0,35.1,False,True,False,True,True,True,Network quality,2026-10-30,60
JIO10033587,Madhya Pradesh & Chhattisgarh,MP,North,2025-05-31,15,Prepaid,799,365,162.31,176.89,155.43,0,400.0,210,1,True,24.87,25.86,200,14,OPPO,True,True,5.6,0.61,77.8,1,0,13.0,,1,False,6,28.7,True,False,False,True,True,True,Dormant / non-recharge,2026-10-20,50
JIO10040916,Uttar Pradesh West,UPW,North,2025-10-30,10,Prepaid,189,365,234.74,220.88,234.58,0,249.9,210,0,False,52.61,43.02,250,15,Samsung,True,True,6.2,0.58,67.6,0,0,0.0,,2,False,6,30.3,False,False,False,True,True,True,Network quality,2026-10-21,51
JIO10035288,Maharashtra & Goa,MH,West,2023-07-01,38,Prepaid,155,84,172.47,186.93,192.59,2,75.8,66,1,False,68.16,81.04,126,9,OPPO,True,True,16.6,0.64,35.5,3,2,5.7,,1,False,6,70.3,False,False,False,True,True,True,Dormant / non-recharge,2026-11-14,75
JIO10053623,Uttar Pradesh East,UPE,North,2026-03-01,6,Prepaid,399,365,181.39,183.57,178.64,1,400.0,210,0,True,10.36,10.03,261,6,vivo,False,False,4.1,2.34,67.9,1,0,3.2,,2,False,8,35.6,False,False,False,True,True,True,Network quality,2026-10-18,48
JIO10051724,West Bengal,WB,East,2024-09-29,23,Prepaid,239,365,131.65,117.12,117.67,1,400.0,93,1,True,1.49,1.54,281,11,vivo,False,False,7.2,0.24,38.3,1,1,2.0,,2,False,7,35.8,True,False,False,True,True,True,Dormant / non-recharge,2026-11-05,66
JIO10059351,West Bengal,WB,East,2025-03-31,17,Prepaid,299,84,97.25,102.72,111.48,2,96.4,38,0,False,27.65,25.47,100,13,OPPO,False,False,15.3,1.08,38.9,1,0,4.0,,1,False,0,45.2,False,False,False,False,True,True,Dormant / non-recharge,2026-10-30,60
JIO10035262,Tamil Nadu,TN,South,2025-07-31,13,Prepaid,399,56,75.99,78.0,85.41,4,63.5,65,3,False,15.68,15.94,222,10,OPPO,False,False,10.6,0.06,51.4,0,0,0.0,,1,False,0,18.4,False,False,False,True,True,True,Network quality,2026-11-03,64
JIO10016386,West Bengal,WB,East,2025-05-31,15,Prepaid,239,365,167.27,163.64,174.81,0,376.5,210,1,False,31.2,24.51,150,9,Samsung,False,False,13.5,2.11,37.4,1,1,3.5,,1,False,4,10.9,False,False,False,True,True,True,Unresolved complaint,2026-11-07,68
JIO10035411,Maharashtra & Goa,MH,West,2025-09-30,11,Prepaid,299,84,279.45,287.07,319.96,3,68.6,72,0,False,11.86,13.12,317,17,Samsung,False,False,14.9,2.57,48.9,2,1,4.9,,1,False,6,30.3,False,False,False,True,True,True,Unresolved complaint,2026-11-06,67
JIO10053279,Andhra Pradesh & Telangana,AP,South,2023-07-31,37,Prepaid,579,28,102.15,104.18,75.0,6,26.5,53,1,False,36.02,30.4,54,6,vivo,True,True,12.1,0.2,59.7,4,2,5.0,,1,False,0,46.9,False,False,False,True,True,True,Network quality,2026-10-22,52
JIO10008742,Kerala,KL,South,2025-06-30,14,Prepaid,189,365,239.4,248.98,233.91,0,400.0,210,1,False,75.0,73.08,249,13,OPPO,True,True,7.4,0.3,13.8,1,0,1.0,,1,False,10,39.5,True,False,False,True,True,True,Billing dispute,2026-10-26,56
JIO10041989,Bihar & Jharkhand,BH,East,2023-08-31,36,Prepaid,189,365,200.98,184.14,179.13,1,314.1,210,0,True,29.6,36.33,378,12,JioBharat / JioPhone,False,False,6.1,0.76,54.1,5,2,1.0,,1,False,12,26.5,False,True,True,True,True,True,Dormant / non-recharge,2026-11-23,84
JIO10053700,Haryana,HR,North,2024-11-29,21,Prepaid,399,84,102.67,92.31,100.33,2,79.7,61,1,False,11.11,13.44,113,16,POCO,False,False,11.2,0.64,61.7,1,1,8.9,,1,False,0,32.5,False,True,False,True,True,True,Relocation,2026-11-23,84
JIO10053465,Kolkata,KO,East,2023-10-31,34,Prepaid,209,365,110.69,105.44,88.7,1,347.2,210,1,False,12.09,9.58,260,17,Xiaomi,False,False,7.7,0.21,46.9,0,0,0.0,,1,False,0,14.8,False,False,False,True,True,True,Dormant / non-recharge,2026-10-25,55
JIO10058644,Uttar Pradesh West,UPW,North,2025-12-30,8,Prepaid,579,365,223.03,220.56,235.6,0,400.0,131,0,False,51.13,35.61,472,13,Apple,True,True,13.9,0.82,94.4,2,1,7.3,,3,False,5,18.3,False,False,False,False,True,True,Competitor offer / price,2026-11-13,74
JIO10051935,Uttar Pradesh East,UPE,North,2026-05-31,3,Prepaid,155,365,160.0,163.51,144.72,0,400.0,188,1,True,20.13,18.27,199,12,vivo,False,False,14.2,0.64,59.0,0,0,0.0,JioFiber,2,False,10,35.7,False,True,False,True,True,True,Dormant / non-recharge,2026-10-19,49
JIO10037263,Bihar & Jharkhand,BH,East,2023-12-30,32,Prepaid,155,365,168.05,175.34,171.37,1,245.5,193,0,False,28.34,22.39,151,5,Xiaomi,True,False,16.0,0.53,15.3,1,0,7.7,,2,True,1,43.1,False,False,False,True,True,True,Network quality,2026-10-05,35
JIO10024685,Rajasthan,RJ,North,2024-05-31,27,Prepaid,399,365,220.46,213.64,191.2,0,400.0,210,1,False,98.9,111.25,227,16,vivo,True,True,7.4,0.07,52.7,0,0,0.0,,2,False,2,13.3,False,True,False,True,True,True,Network quality,2026-11-09,70
JIO10019595,Bihar & Jharkhand,BH,East,2025-08-30,12,Prepaid,299,365,135.41,156.98,137.02,0,381.0,210,2,False,58.85,58.54,155,13,Tecno,True,True,19.6,0.29,30.7,1,0,0.9,,2,False,1,8.2,False,False,False,True,True,True,Relocation,2026-10-11,41
JIO10009714,Andhra Pradesh & Telangana,AP,South,2025-11-30,9,Prepaid,449,365,291.34,276.8,267.31,1,384.2,210,2,False,37.37,37.03,245,13,realme,True,False,7.4,0.25,26.0,1,1,7.2,,1,True,5,12.9,False,False,False,True,True,True,Unresolved complaint,2026-10-20,50
JIO10017524,Odisha,OR,East,2025-05-31,15,Postpaid,799,30,311.92,311.95,296.24,6,37.0,71,0,False,26.04,19.72,599,6,Xiaomi,True,False,4.2,0.56,40.4,1,0,2.3,,2,False,9,55.9,False,False,False,True,True,True,Competitor offer / price,2026-11-05,66
JIO10032216,Madhya Pradesh & Chhattisgarh,MP,North,2025-08-30,12,Prepaid,299,84,75.99,78.0,82.54,2,94.1,4,1,False,21.43,22.74,178,6,Samsung,False,False,5.8,0.32,54.4,1,1,0.9,,1,True,1,10.3,False,False,False,False,True,True,Network quality,2026-10-08,38
JIO10009112,Punjab,PB,North,2024-11-29,21,Prepaid,399,365,75.99,78.0,92.79,1,394.3,210,1,False,12.88,10.56,229,7,JioBharat / JioPhone,False,False,8.9,1.3,25.0,0,0,0.0,,1,False,0,16.7,False,False,False,True,True,True,Relocation,2026-10-04,34
JIO10022069,Kolkata,KO,East,2024-10-30,22,Prepaid,299,365,95.23,106.88,84.65,0,386.4,120,0,False,23.96,30.18,132,11,realme,False,False,14.7,0.44,24.0,1,1,3.6,,1,False,1,32.3,False,True,False,False,True,True,Competitor offer / price,2026-10-30,60
JIO10039628,Maharashtra & Goa,MH,West,2025-08-30,12,Prepaid,239,56,93.74,103.17,80.14,4,70.8,93,1,False,31.08,29.05,617,17,OPPO,False,False,10.6,0.11,26.7,0,0,0.0,,1,False,0,29.9,False,False,False,True,True,True,Dormant / non-recharge,2026-11-18,79
JIO10059734,Uttar Pradesh West,UPW,North,2024-08-30,24,Prepaid,399,28,149.35,177.47,164.79,4,29.5,22,0,False,44.55,48.15,77,16,Xiaomi,False,False,9.8,2.24,69.5,0,0,0.0,,1,False,3,31.2,False,False,False,False,True,True,Device or SIM change,2026-11-22,83
JIO10045585,Bihar & Jharkhand,BH,East,2025-12-30,8,Prepaid,209,56,202.06,182.87,192.0,4,46.4,3,0,False,41.09,35.27,495,12,Xiaomi,False,False,14.6,2.83,58.4,0,0,0.0,,1,True,3,46.7,False,False,False,True,True,True,Competitor offer / price,2026-10-31,61
JIO10037834,Karnataka,KA,South,2025-03-01,18,Prepaid,209,365,135.81,145.02,128.81,1,400.0,210,3,False,42.85,42.13,213,12,Tecno,True,True,12.9,0.6,18.5,0,0,0.0,,2,False,0,7.2,False,True,False,True,True,True,Dormant / non-recharge,2026-10-09,39
JIO10058994,Uttar Pradesh East,UPE,North,2024-08-30,24,Prepaid,399,84,142.69,159.57,151.27,2,85.8,165,1,False,19.53,18.51,139,18,OnePlus,False,False,10.8,0.92,19.7,0,0,0.0,,1,False,0,68.6,False,False,False,False,True,True,Dormant / non-recharge,2026-10-01,31
JIO10052328,Uttar Pradesh East,UPE,North,2026-01-29,7,Prepaid,189,365,195.76,204.82,206.71,1,400.0,210,1,False,54.14,58.59,263,6,JioBharat / JioPhone,False,False,10.5,0.56,38.3,1,0,13.1,,1,False,6,13.5,False,False,False,True,True,True,Network quality,2026-10-09,39
JIO10015954,Delhi NCR,DL,North,2024-04-30,28,Prepaid,399,84,75.99,84.89,88.8,2,71.8,82,0,False,6.79,6.38,212,8,realme,False,False,8.9,0.02,31.5,0,0,0.0,,1,True,1,14.1,False,False,False,True,True,True,Dormant / non-recharge,2026-10-20,50
JIO10055948,Uttar Pradesh East,UPE,North,2026-03-31,5,Prepaid,299,365,154.47,142.13,118.39,0,376.9,170,1,False,34.42,37.76,135,8,Apple,True,True,17.8,0.67,32.2,1,0,3.5,,1,False,5,10.3,False,False,False,True,True,True,Network quality,2026-11-02,63
JIO10016391,Bihar & Jharkhand,BH,East,2023-07-01,38,Prepaid,209,28,85.69,81.86,75.0,7,23.9,51,0,False,16.3,14.57,361,6,Apple,False,False,8.4,1.69,52.5,1,0,5.6,,1,False,0,55.9,True,True,True,False,True,True,Competitor offer / price,2026-10-24,54
JIO10058493,Maharashtra & Goa,MH,West,2022-10-30,46,Prepaid,155,365,98.41,109.89,80.03,0,400.0,210,2,False,10.97,9.0,525,16,JioBharat / JioPhone,False,False,13.0,0.18,32.9,0,0,0.0,,1,False,0,72.3,False,False,False,False,True,True,Dormant / non-recharge,2026-11-01,62
JIO10024596,Haryana,HR,North,2025-08-30,12,Prepaid,799,365,352.46,369.99,354.57,0,371.8,126,0,False,15.51,14.39,485,12,Xiaomi,False,False,9.6,1.56,57.6,6,1,11.8,,2,False,8,16.0,False,False,False,True,True,True,Unresolved complaint,2026-10-24,54
JIO10062228,Andhra Pradesh & Telangana,AP,South,2026-07-31,1,Prepaid,399,84,156.87,154.7,134.29,2,81.8,71,2,False,44.85,38.85,729,12,JioBharat / JioPhone,False,False,6.2,0.32,47.0,0,0,0.0,,1,False,1,25.8,False,False,False,False,True,True,Network quality,2026-10-08,38
JIO10029013,Bihar & Jharkhand,BH,East,2024-08-30,24,Prepaid,299,56,157.83,164.36,169.54,3,57.5,110,1,False,24.54,23.47,823,16,Samsung,False,False,10.4,1.56,45.6,0,0,0.0,,1,False,3,56.8,False,False,False,False,True,True,Dormant / non-recharge,2026-10-05,35
JIO10003803,Tamil Nadu,TN,South,2024-12-30,20,Prepaid,349,365,98.27,78.0,117.25,1,387.2,164,1,True,21.16,20.63,496,14,JioBharat / JioPhone,False,False,9.1,0.15,25.1,0,0,0.0,,3,False,8,56.6,False,False,False,True,True,True,Network quality,2026-11-08,69
JIO10037701,Tamil Nadu,TN,South,2024-08-30,24,Prepaid,209,365,305.6,327.65,332.44,0,362.0,210,4,True,54.67,74.6,211,11,realme,False,False,12.8,0.15,30.5,0,0,0.0,,1,False,5,56.9,False,False,False,True,True,True,Competitor offer / price,2026-10-05,35
JIO10018055,Delhi NCR,DL,North,2024-11-29,21,Prepaid,299,365,78.98,86.11,75.24,0,371.2,210,2,True,15.62,17.26,241,8,Samsung,False,False,21.6,0.49,26.8,0,0,0.0,,2,False,4,22.2,False,True,False,True,True,True,Dormant / non-recharge,2026-10-17,47
JIO10000122,Bihar & Jharkhand,BH,East,2025-03-01,18,Prepaid,189,28,76.76,78.0,75.0,7,31.7,54,1,False,6.24,5.52,19,7,Xiaomi,False,False,16.3,1.78,42.5,1,0,5.7,,1,False,0,45.2,True,False,False,False,True,True,Device or SIM change,2026-10-03,33
JIO10029556,Madhya Pradesh & Chhattisgarh,MP,North,2022-03-31,53,Prepaid,999,365,77.52,78.0,75.0,1,400.0,210,4,False,19.89,20.79,338,12,JioBharat / JioPhone,False,False,12.1,0.82,73.5,0,0,0.0,,1,False,0,40.5,False,False,False,True,True,True,Competitor offer / price,2026-11-14,75
JIO10026059,Gujarat,GJ,West,2026-05-01,4,Prepaid,239,84,185.0,162.53,171.85,2,131.3,203,1,False,12.58,16.66,401,18,Motorola,False,False,18.5,0.94,14.1,2,0,2.2,,1,False,7,58.3,False,False,False,True,True,True,Dormant / non-recharge,2026-10-03,33
JIO10061997,Odisha,OR,East,2026-03-31,5,Prepaid,349,365,136.79,142.9,155.07,1,400.0,210,1,False,31.43,32.3,509,9,vivo,False,False,8.0,1.42,35.8,2,0,1.5,,1,False,1,10.9,False,True,False,True,True,True,Unresolved complaint,2026-10-10,40
JIO10006281,Haryana,HR,North,2025-09-30,11,Prepaid,1559,84,235.81,227.97,211.82,2,57.2,1,0,True,24.06,22.08,147,16,realme,False,False,7.3,0.68,60.9,2,2,5.1,JioAirFiber,2,False,15,51.4,False,True,True,False,True,True,Relocation,2026-10-24,54
JIO10022352,Karnataka,KA,South,2026-07-31,1,Prepaid,299,84,87.13,86.16,75.0,2,87.3,65,0,False,25.27,23.78,465,14,realme,False,False,7.6,0.53,43.1,0,0,0.0,,1,True,0,27.1,False,False,False,True,True,True,Competitor offer / price,2026-11-15,76
JIO10050503,Rajasthan,RJ,North,2024-06-30,26,Prepaid,349,84,154.33,148.72,140.05,2,47.7,57,0,False,9.56,8.76,339,11,realme,True,False,9.7,0.58,50.5,3,0,4.1,,1,True,4,54.4,False,False,False,False,True,True,Dormant / non-recharge,2026-10-03,33
JIO10011810,Rajasthan,RJ,North,2025-05-31,15,Prepaid,239,56,87.73,100.44,75.0,3,45.7,43,1,False,11.4,12.44,233,11,Samsung,False,False,7.1,0.52,55.8,1,0,3.0,,1,True,0,73.7,False,False,False,False,True,True,Competitor offer / price,2026-11-19,80
JIO10055619,Andhra Pradesh & Telangana,AP,South,2025-03-31,17,Prepaid,155,28,102.32,109.57,118.69,7,33.6,32,1,False,28.83,22.47,66,13,realme,True,True,15.9,1.48,61.3,1,0,1.4,,1,False,0,60.7,False,True,False,True,True,True,Relocation,2026-11-25,86
JIO10034868,Mumbai,MU,West,2025-12-30,8,Prepaid,399,28,118.75,116.65,113.71,7,24.5,34,1,False,5.78,7.16,183,7,OPPO,False,False,10.0,0.74,18.5,1,1,2.1,,1,False,1,48.5,False,True,False,True,True,True,Dormant / non-recharge,2026-10-01,31
JIO10048138,Punjab,PB,North,2025-03-31,17,Prepaid,299,28,149.85,176.78,144.54,5,45.4,38,0,False,39.09,29.41,182,18,Samsung,False,False,-1.4,1.41,35.4,2,1,3.5,,2,False,4,45.7,False,False,False,True,True,True,Unresolved complaint,2026-10-31,61
JIO10018933,Gujarat,GJ,West,2025-04-30,16,Prepaid,155,365,123.62,125.6,122.92,1,400.0,210,2,False,24.37,33.24,214,19,Apple,False,False,13.8,0.91,36.4,0,0,0.0,,2,True,2,7.5,True,False,False,False,True,True,Dormant / non-recharge,2026-11-09,70
JIO10011846,Uttar Pradesh West,UPW,North,2026-07-31,1,Prepaid,209,365,177.02,181.29,202.91,1,400.0,210,1,False,11.64,14.04,238,10,POCO,True,True,14.2,0.37,47.6,0,0,0.0,,1,False,2,22.2,False,False,False,False,True,True,Competitor offer / price,2026-11-25,86
JIO10050808,Bihar & Jharkhand,BH,East,2019-07-01,86,Prepaid,155,365,75.99,78.0,79.03,0,400.0,210,0,False,38.25,28.78,206,13,OPPO,True,True,8.0,0.19,22.5,0,0,0.0,,1,True,0,27.9,False,False,False,True,True,True,Device or SIM change,2026-11-20,81
JIO10039960,Odisha,OR,East,2025-11-30,9,Prepaid,155,28,75.99,78.0,81.61,8,21.6,20,1,False,51.86,58.78,396,8,OPPO,True,True,12.5,0.65,36.4,1,1,1.7,,1,False,1,38.4,False,False,False,False,True,True,Competitor offer / price,2026-10-05,35
JIO10032627,Uttar Pradesh West,UPW,North,2022-01-29,55,Prepaid,239,56,143.38,156.13,154.75,4,62.6,33,0,False,31.6,22.68,320,14,JioBharat / JioPhone,False,False,18.4,2.37,65.1,0,0,0.0,,1,False,1,77.1,False,True,True,False,True,True,Competitor offer / price,2026-10-30,60
JIO10017554,Assam,AS,East,2022-09-30,47,Prepaid,239,56,233.0,252.16,198.62,2,38.7,48,1,False,44.07,41.36,290,6,realme,True,True,8.8,1.11,20.7,3,1,3.0,,2,False,3,31.7,False,False,False,False,True,True,Dormant / non-recharge,2026-10-21,51
JIO10044829,Delhi NCR,DL,North,2021-02-28,66,Prepaid,239,84,129.02,127.54,115.79,3,84.8,60,1,False,26.51,30.47,472,10,Xiaomi,False,False,7.6,0.34,12.7,2,1,7.1,,3,False,1,76.5,False,True,True,True,True,True,Unresolved complaint,2026-11-10,71
JIO10061478,Madhya Pradesh & Chhattisgarh,MP,North,2025-11-30,9,Postpaid,799,30,294.5,278.75,312.14,6,33.7,3,2,False,121.28,108.43,100,14,vivo,True,True,13.2,0.78,62.9,1,0,5.5,,2,False,9,38.9,False,True,True,True,True,True,Competitor offer / price,2026-11-12,73
JIO10030795,Andhra Pradesh & Telangana,AP,South,2024-08-30,24,Prepaid,299,365,94.28,78.0,88.5,0,310.5,98,1,False,10.56,10.21,215,11,realme,False,False,5.1,0.74,28.6,1,0,9.4,,1,True,1,36.1,False,False,False,True,True,True,Competitor offer / price,2026-10-18,48
JIO10020704,Madhya Pradesh & Chhattisgarh,MP,North,2019-03-01,90,Prepaid,799,365,278.06,224.52,273.85,1,327.6,210,2,False,53.5,51.42,364,5,OPPO,True,True,16.1,0.27,53.7,2,1,4.7,,2,False,9,26.4,False,True,False,False,True,True,Dormant / non-recharge,2026-10-21,51
JIO10063068,Assam,AS,East,2026-03-31,5,Prepaid,155,28,151.74,147.56,156.56,7,35.3,14,1,False,31.23,37.63,394,9,Samsung,False,False,8.6,0.71,56.2,0,0,0.0,,2,False,2,24.0,False,False,False,True,True,True,Competitor offer / price,2026-11-02,63
JIO10025428,Andhra Pradesh & Telangana,AP,South,2026-05-01,4,Prepaid,299,365,162.76,169.83,182.23,0,394.8,210,2,False,8.56,11.06,344,9,OPPO,False,False,8.5,0.17,26.3,0,0,0.0,JioAirFiber,3,False,3,26.2,False,False,False,False,True,True,Competitor offer / price,2026-10-07,37
JIO10030528,Bihar & Jharkhand,BH,East,2025-12-30,8,Prepaid,209,28,91.58,85.91,94.91,7,21.8,21,0,False,22.02,24.39,203,14,Apple,False,False,13.0,0.81,63.3,1,0,0.4,,2,False,0,20.7,False,False,False,False,True,True,Network quality,2026-11-28,89
JIO10006768,Uttar Pradesh East,UPE,North,2022-10-30,46,Prepaid,299,365,81.81,87.92,86.73,0,377.1,210,0,False,16.58,17.84,227,5,OPPO,True,True,10.3,0.49,38.5,1,1,3.4,,1,True,0,24.3,False,False,False,True,True,True,Network quality,2026-11-10,71
JIO10057937,West Bengal,WB,East,2025-10-30,10,Prepaid,209,365,266.46,263.49,249.72,0,400.0,115,1,False,71.55,74.4,172,6,vivo,False,False,5.0,4.31,44.1,0,0,0.0,,1,False,10,11.2,False,False,False,True,True,True,Competitor offer / price,2026-10-01,31
JIO10051300,Rajasthan,RJ,North,2025-05-31,15,Prepaid,299,365,227.38,233.39,226.02,1,400.0,210,3,False,19.53,19.09,224,7,realme,False,False,11.0,0.52,53.6,0,0,0.0,,2,False,6,4.5,True,False,False,False,True,True,Network quality,2026-11-13,74
JIO10060378,Rajasthan,RJ,North,2024-09-29,23,Prepaid,399,365,212.2,208.15,187.24,1,400.0,210,1,True,33.19,36.84,363,5,Samsung,False,False,17.8,0.81,60.3,0,0,0.0,,1,False,5,52.1,False,False,False,True,True,True,Competitor offer / price,2026-10-08,38
JIO10028127,Uttar Pradesh East,UPE,North,2023-03-01,42,Prepaid,239,56,117.82,116.53,110.54,4,76.7,72,0,False,27.96,29.67,463,17,Xiaomi,False,False,9.1,3.22,38.6,0,0,0.0,,1,False,2,22.3,True,True,False,True,True,True,Dormant / non-recharge,2026-11-19,80
JIO10062564,Uttar Pradesh West,UPW,North,2026-03-31,5,Prepaid,155,56,165.6,155.52,155.85,2,67.6,104,3,False,30.12,22.47,155,15,Xiaomi,False,False,17.9,0.27,50.9,2,1,3.0,,1,False,7,42.2,False,False,False,True,True,True,Unresolved complaint,2026-10-19,49
JIO10042998,Madhya Pradesh & Chhattisgarh,MP,North,2026-03-01,6,Prepaid,239,28,123.06,139.79,116.79,5,42.3,34,2,False,11.95,10.59,161,7,OPPO,True,True,7.9,0.38,20.0,2,1,1.7,,1,False,2,28.9,False,False,False,True,True,True,Network quality,2026-11-04,65
JIO10040073,Uttar Pradesh East,UPE,North,2023-05-01,40,Prepaid,155,365,84.16,88.1,96.73,0,400.0,210,0,False,22.3,19.61,605,10,OPPO,False,False,17.2,0.95,52.0,1,0,4.1,,1,False,1,11.3,False,False,False,False,True,True,Relocation,2026-11-27,88
JIO10039621,Uttar Pradesh East,UPE,North,2025-03-01,18,Prepaid,399,28,105.89,121.48,86.4,8,30.0,15,0,False,62.89,48.94,322,14,Xiaomi,True,True,15.0,1.56,52.2,2,1,7.2,,1,False,0,25.2,False,False,False,False,True,True,Unresolved complaint,2026-11-06,67
JIO10049355,Karnataka,KA,South,2025-03-01,18,Prepaid,349,365,94.18,109.03,97.02,1,292.6,199,0,False,11.28,10.89,39,14,vivo,True,True,11.2,0.37,31.9,1,0,4.4,,2,False,0,16.7,True,True,True,True,True,True,Relocation,2026-11-26,87
JIO10038990,West Bengal,WB,East,2024-08-30,24,Prepaid,349,365,193.67,235.32,163.01,0,400.0,158,1,False,42.03,37.37,260,13,JioBharat / JioPhone,False,False,10.7,1.27,37.8,0,0,0.0,,1,False,5,26.0,False,True,False,False,True,True,Competitor offer / price,2026-11-25,86
JIO10053159,Rajasthan,RJ,North,2024-03-31,29,Prepaid,1559,56,189.97,202.4,178.71,3,51.6,20,1,False,82.22,94.07,62,14,realme,True,True,12.9,1.38,26.5,1,1,2.0,,1,False,3,38.4,True,False,False,True,True,True,Competitor offer / price,2026-10-25,55
JIO10040111,Andhra Pradesh & Telangana,AP,South,2024-09-29,23,Prepaid,299,365,81.86,94.25,83.32,1,384.8,210,2,True,4.89,3.5,300,7,vivo,False,False,9.6,1.16,55.3,0,0,0.0,,2,False,2,5.5,False,True,False,False,True,True,Unresolved complaint,2026-11-14,75
JIO10020206,Uttar Pradesh East,UPE,North,2026-05-01,4,Prepaid,999,365,154.11,158.07,161.08,0,311.2,207,1,False,13.21,12.17,301,16,POCO,False,False,11.4,1.97,37.8,1,0,5.8,,1,False,2,45.6,False,False,False,True,True,True,Competitor offer / price,2026-11-11,72
JIO10055240,Maharashtra & Goa,MH,West,2025-09-30,11,Prepaid,239,365,172.56,140.05,174.69,0,400.0,210,1,False,26.92,27.8,211,13,vivo,True,True,5.1,1.73,42.1,0,0,0.0,,1,False,2,21.9,False,False,False,False,True,True,Competitor offer / price,2026-10-30,60
JIO10048027,Uttar Pradesh East,UPE,North,2025-03-31,17,Prepaid,3599,365,163.07,179.77,147.72,1,336.7,210,0,False,17.57,15.62,481,20,Motorola,True,True,9.4,1.42,39.7,1,1,1.4,,1,False,4,3.2,False,False,False,False,True,True,Dormant / non-recharge,2026-11-05,66
JIO10045804,Bihar & Jharkhand,BH,East,2025-03-31,17,Prepaid,239,84,98.71,98.78,102.31,2,93.7,63,0,False,41.43,32.7,202,12,JioBharat / JioPhone,False,False,9.2,0.2,76.3,1,0,4.5,,2,False,1,27.3,False,False,False,True,True,True,Dormant / non-recharge,2026-11-17,78
JIO10042814,Bihar & Jharkhand,BH,East,2025-05-31,15,Prepaid,239,84,139.55,139.4,150.25,2,101.2,48,0,False,27.92,20.52,605,7,realme,True,True,7.0,2.39,93.0,2,2,10.1,,1,False,1,52.5,False,True,True,True,True,True,Competitor offer / price,2026-11-05,66
JIO10038596,Uttar Pradesh East,UPE,North,2025-10-30,10,Prepaid,155,365,292.2,330.01,264.94,1,400.0,210,0,False,23.65,19.85,170,10,Xiaomi,True,False,10.0,2.59,67.4,3,0,2.5,JioFiber,3,False,7,46.3,False,True,True,False,True,True,Competitor offer / price,2026-11-17,78
JIO10028226,Uttar Pradesh East,UPE,North,2025-10-30,10,Prepaid,579,365,147.79,150.56,164.16,0,268.1,102,0,False,29.86,28.8,298,11,JioBharat / JioPhone,False,False,9.1,1.2,88.7,1,0,6.1,,1,False,4,28.7,False,True,False,True,True,True,Competitor offer / price,2026-11-11,72
JIO10025637,West Bengal,WB,East,2024-04-30,28,Prepaid,209,56,91.01,90.01,103.91,4,78.4,72,0,False,8.87,10.41,290,16,Motorola,False,False,14.9,0.41,43.5,1,1,4.0,,1,False,0,41.0,False,False,False,True,True,True,Unresolved complaint,2026-10-19,49
JIO10007893,Uttar Pradesh East,UPE,North,2025-04-30,16,Prepaid,239,365,171.05,180.93,158.73,0,395.3,210,1,False,39.61,48.35,169,15,Xiaomi,True,False,17.9,1.14,55.4,0,0,0.0,,1,False,3,37.1,False,False,False,True,True,True,Dormant / non-recharge,2026-11-14,75
JIO10021438,Madhya Pradesh & Chhattisgarh,MP,North,2025-04-30,16,Prepaid,155,365,185.55,174.62,204.7,1,287.1,210,0,False,42.89,47.97,331,14,Apple,False,False,18.7,0.27,54.4,1,0,5.8,,1,False,5,55.3,False,False,False,False,True,True,Unresolved complaint,2026-10-28,58
JIO10060640,Kolkata,KO,East,2025-09-30,11,Prepaid,579,56,75.99,78.41,75.0,3,70.9,22,0,False,17.69,14.96,259,10,POCO,False,False,23.0,1.1,17.7,1,1,2.1,,3,False,0,60.6,False,False,False,True,True,True,Competitor offer / price,2026-10-02,32
JIO10021614,Bihar & Jharkhand,BH,East,2024-01-30,31,Prepaid,189,365,217.02,236.29,231.4,1,400.0,210,2,False,29.39,32.37,801,10,realme,False,False,16.4,0.16,70.7,0,0,0.0,,2,False,0,55.2,False,False,False,True,True,True,Competitor offer / price,2026-10-15,45
JIO10014891,Karnataka,KA,South,2024-08-30,24,Prepaid,399,365,101.99,119.53,112.71,1,400.0,210,1,False,58.71,62.93,328,17,Tecno,False,False,2.2,0.69,49.0,0,0,0.0,,2,False,0,29.6,False,False,False,False,True,True,Competitor offer / price,2026-10-23,53
JIO10025627,Maharashtra & Goa,MH,West,2026-03-31,5,Prepaid,155,28,75.99,78.0,75.0,6,31.0,59,3,False,7.67,8.22,179,20,JioBharat / JioPhone,False,False,5.3,0.39,15.1,2,2,3.4,,1,True,0,25.7,False,False,False,True,True,True,Unresolved complaint,2026-10-06,36
JIO10035386,Rajasthan,RJ,North,2026-05-01,4,Prepaid,155,365,145.2,162.91,162.65,1,326.6,94,0,True,10.35,9.4,443,13,OPPO,False,False,13.3,2.51,51.9,2,0,9.0,,1,False,3,33.6,False,True,False,False,True,True,Relocation,2026-10-12,42
JIO10061489,Haryana,HR,North,2026-05-01,4,Prepaid,449,365,75.99,78.0,75.0,0,395.0,16,1,False,21.75,17.95,329,15,Samsung,True,True,12.8,0.16,43.8,1,1,4.7,,1,False,0,45.9,True,False,False,False,True,True,Unresolved complaint,2026-10-21,51
JIO10047259,Uttar Pradesh East,UPE,North,2022-03-31,53,Prepaid,239,365,374.2,379.08,391.06,1,394.3,194,0,False,104.88,95.34,313,9,JioBharat / JioPhone,False,False,6.3,1.14,90.0,0,0,0.0,JioFiber,2,True,11,39.3,False,False,False,True,True,True,Dormant / non-recharge,2026-11-15,76
JIO10008822,Bihar & Jharkhand,BH,East,2024-05-31,27,Prepaid,579,84,262.42,282.99,271.91,2,52.5,46,0,True,28.26,23.73,302,11,Xiaomi,True,False,12.1,0.33,82.2,5,3,7.2,,1,False,10,17.9,False,True,True,True,True,True,Unresolved complaint,2026-11-26,87
JIO10039796,Andhra Pradesh & Telangana,AP,South,2023-10-31,34,Prepaid,239,365,151.38,165.43,160.92,0,400.0,210,1,False,49.28,33.02,292,9,vivo,True,True,13.6,0.48,15.5,0,0,0.0,,2,False,2,78.0,False,False,False,True,True,True,Device or SIM change,2026-10-27,57
JIO10058937,Madhya Pradesh & Chhattisgarh,MP,North,2025-04-30,16,Prepaid,239,56,187.0,168.84,163.49,3,50.3,8,1,False,5.56,5.15,639,14,Xiaomi,True,True,8.8,0.19,54.3,2,1,8.1,,1,False,3,33.7,False,False,False,True,True,True,Relocation,2026-11-21,82
JIO10009000,Bihar & Jharkhand,BH,East,2021-08-30,60,Prepaid,209,56,158.55,157.27,227.03,2,54.5,64,0,False,25.14,28.29,411,10,JioBharat / JioPhone,False,False,11.0,0.55,37.7,1,1,4.5,,2,True,2,19.0,False,False,False,True,True,True,Competitor offer / price,2026-10-25,55
JIO10003994,Uttar Pradesh West,UPW,North,2022-07-31,49,Prepaid,449,365,113.67,101.3,141.43,0,400.0,210,1,False,33.2,44.75,460,19,realme,True,True,11.6,0.17,32.0,2,0,2.0,,1,False,0,38.3,False,False,False,True,True,True,Network quality,2026-11-10,71
JIO10009756,Uttar Pradesh East,UPE,North,2023-09-30,35,Prepaid,299,84,171.22,203.18,169.79,2,104.2,91,0,False,39.83,36.21,178,8,Samsung,False,False,7.6,3.42,20.9,1,0,11.2,,1,False,0,8.6,False,True,False,True,True,True,Competitor offer / price,2026-10-13,43
JIO10056607,Mumbai,MU,West,2023-10-31,34,Postpaid,299,30,277.66,273.7,254.64,6,36.7,32,0,False,5.57,3.58,339,12,Tecno,True,False,12.8,1.34,36.4,0,0,0.0,,1,False,7,38.8,False,False,False,True,True,True,Network quality,2026-10-24,54
JIO10021679,Karnataka,KA,South,2024-07-31,25,Prepaid,209,365,133.1,147.35,124.18,1,400.0,200,2,False,88.61,82.23,111,5,Samsung,True,True,11.5,1.01,45.7,0,0,0.0,,1,False,1,37.3,False,True,False,True,True,True,Dormant / non-recharge,2026-11-13,74
JIO10060403,Maharashtra & Goa,MH,West,2022-01-29,55,Prepaid,399,365,181.25,195.72,178.59,1,355.6,152,1,False,25.23,23.06,387,9,vivo,False,False,14.5,0.38,30.3,1,0,8.5,,1,False,2,55.8,True,False,False,False,True,True,Network quality,2026-10-26,56
JIO10062604,Andhra Pradesh & Telangana,AP,South,2025-10-30,10,Prepaid,399,84,99.32,106.98,79.61,2,129.3,148,1,False,31.19,36.11,239,9,Apple,True,True,11.2,0.21,15.0,0,0,0.0,,1,False,0,47.5,False,False,False,True,True,True,Relocation,2026-11-09,70
JIO10013171,Karnataka,KA,South,2020-11-29,69,Prepaid,349,365,193.69,198.83,197.37,0,343.7,210,1,False,37.82,43.48,141,12,vivo,False,False,15.0,1.06,44.1,1,1,4.9,,2,False,4,18.7,False,False,False,False,True,True,Network quality,2026-11-09,70
JIO10038104,Uttar Pradesh East,UPE,North,2026-05-31,3,Prepaid,799,365,138.48,128.67,159.32,1,365.7,118,0,False,20.05,23.93,244,10,Xiaomi,True,True,13.2,0.63,53.8,1,0,1.3,,2,False,3,32.6,False,False,False,True,True,True,Dormant / non-recharge,2026-11-01,62
JIO10053841,Kerala,KL,South,2021-02-28,66,Prepaid,239,365,104.85,97.3,83.15,1,364.4,210,0,False,15.47,11.51,793,19,Samsung,True,True,7.8,0.08,28.2,2,1,1.5,,1,False,0,31.6,False,True,False,False,True,True,Network quality,2026-11-08,69
JIO10004724,Madhya Pradesh & Chhattisgarh,MP,North,2025-11-30,9,Prepaid,155,365,143.04,155.64,139.37,1,378.0,98,0,False,26.65,23.03,382,12,Samsung,True,True,17.2,2.26,22.1,0,0,0.0,,1,False,3,34.1,False,False,False,True,True,True,Relocation,2026-10-08,38
JIO10049575,Uttar Pradesh West,UPW,North,2023-05-31,39,Prepaid,349,365,206.93,213.26,239.45,0,344.2,190,3,False,26.26,26.93,364,8,Samsung,True,True,9.5,1.25,99.0,1,1,6.3,,1,True,8,13.4,False,True,False,True,True,True,Dormant / non-recharge,2026-10-23,53
JIO10037532,Uttar Pradesh East,UPE,North,2026-03-31,5,Prepaid,3599,56,242.26,251.93,202.77,3,37.7,24,0,False,16.43,12.4,273,10,Apple,True,False,5.9,0.13,56.7,1,1,4.0,,1,False,9,33.9,True,False,False,False,True,True,Dormant / non-recharge,2026-11-24,85
JIO10042164,Uttar Pradesh East,UPE,North,2024-09-29,23,Prepaid,449,365,198.34,205.14,189.71,0,324.9,210,3,False,106.63,130.87,495,16,Samsung,True,True,16.1,0.6,56.2,4,0,0.5,,2,True,5,10.1,False,False,False,True,True,True,Unresolved complaint,2026-10-09,39
JIO10020812,Uttar Pradesh East,UPE,North,2023-07-31,37,Prepaid,189,84,75.99,83.5,77.44,3,77.0,210,4,False,8.17,7.77,281,6,POCO,False,False,9.5,0.54,64.2,0,0,0.0,,1,False,1,57.4,False,False,False,True,True,True,Competitor offer / price,2026-10-13,43
JIO10029136,Andhra Pradesh & Telangana,AP,South,2024-05-31,27,Prepaid,155,84,121.64,123.63,138.53,2,112.2,131,1,False,15.63,18.83,434,18,OnePlus,False,False,10.0,0.51,37.3,1,0,3.0,,1,False,2,57.5,False,False,False,True,True,True,Competitor offer / price,2026-11-23,84
JIO10051589,Kerala,KL,South,2023-05-31,39,Prepaid,579,84,330.93,346.2,329.84,2,95.5,97,1,False,19.83,19.1,402,9,OnePlus,True,False,7.9,0.43,32.4,0,0,0.0,,1,False,7,22.1,True,True,False,True,True,True,Network quality,2026-10-04,34
JIO10061142,Gujarat,GJ,West,2025-11-30,9,Prepaid,299,365,123.07,116.71,115.22,1,341.0,210,2,False,66.66,70.19,327,13,Samsung,True,True,18.5,0.62,46.3,0,0,0.0,JioFiber,2,False,1,19.5,False,True,True,True,True,True,Competitor offer / price,2026-10-13,43
JIO10019073,Bihar & Jharkhand,BH,East,2024-06-30,26,Prepaid,349,365,75.99,78.0,77.63,0,332.8,210,0,True,14.02,13.87,357,5,vivo,False,False,20.9,0.13,37.0,0,0,0.0,,2,False,1,30.3,False,False,False,True,True,True,Network quality,2026-10-13,43
JIO10041016,Uttar Pradesh East,UPE,North,2023-03-31,41,Prepaid,1559,365,177.71,179.35,154.85,0,322.4,210,3,False,16.04,14.59,280,8,Xiaomi,False,False,11.1,0.12,57.7,0,0,0.0,,2,False,4,7.6,False,True,True,True,True,True,Network quality,2026-11-13,74
JIO10063562,Uttar Pradesh West,UPW,North,2019-12-30,80,Prepaid,299,365,171.24,128.16,149.34,0,400.0,210,2,False,89.4,65.23,139,5,Apple,True,True,10.5,0.47,42.6,1,1,0.4,,1,False,1,20.1,False,False,False,True,True,True,Network quality,2026-10-28,58
JIO10051652,Karnataka,KA,South,2024-06-30,26,Prepaid,999,365,189.14,221.83,169.28,0,376.0,210,1,False,18.97,18.22,113,15,vivo,False,False,7.1,0.55,27.9,1,0,5.6,,1,False,6,42.5,False,False,False,True,True,True,Competitor offer / price,2026-10-21,51
JIO10051016,Uttar Pradesh West,UPW,North,2025-07-31,13,Prepaid,349,365,161.81,149.58,153.15,1,400.0,210,2,False,15.08,11.55,188,8,vivo,False,False,12.7,0.93,46.9,0,0,0.0,,1,False,3,27.8,False,True,False,True,True,True,Competitor offer / price,2026-10-10,40
JIO10059135,Odisha,OR,East,2026-07-01,2,Prepaid,349,28,88.76,84.59,90.54,5,35.8,9,0,False,81.68,67.11,214,20,vivo,True,True,9.4,0.69,34.4,1,0,16.7,,1,False,0,53.1,False,False,False,True,True,True,Competitor offer / price,2026-11-22,83
JIO10001400,Maharashtra & Goa,MH,West,2025-06-30,14,Prepaid,209,56,94.17,87.2,82.85,3,55.8,56,1,False,31.57,35.54,634,8,Samsung,True,True,7.5,1.07,23.2,2,1,3.1,,1,False,1,40.6,False,False,False,False,True,True,Unresolved complaint,2026-10-29,59
JIO10018758,Bihar & Jharkhand,BH,East,2025-03-01,18,Prepaid,239,28,179.37,164.79,192.25,8,31.0,44,0,False,48.05,35.23,164,8,OPPO,True,True,13.8,1.06,62.9,1,1,2.6,,1,False,4,58.0,False,True,True,False,True,True,Relocation,2026-10-14,44
JIO10051292,Rajasthan,RJ,North,2019-07-31,85,Prepaid,299,365,108.44,102.91,87.05,1,400.0,210,0,False,34.32,36.33,92,8,Samsung,False,False,17.6,0.23,30.8,0,0,0.0,,1,False,0,36.8,False,False,False,True,True,True,Device or SIM change,2026-11-14,75
JIO10021987,Delhi NCR,DL,North,2024-09-29,23,Prepaid,399,365,178.33,169.36,184.37,0,400.0,210,0,False,22.74,20.6,452,8,Apple,False,False,-1.4,0.85,46.4,1,1,1.8,,2,False,4,34.2,False,False,False,False,True,True,Unresolved complaint,2026-11-20,81
JIO10057242,Uttar Pradesh West,UPW,North,2021-09-30,59,Prepaid,189,56,101.16,106.2,117.56,3,54.9,120,0,False,59.98,64.65,215,19,vivo,False,False,8.8,0.85,19.3,1,0,4.4,,1,False,0,56.2,False,True,True,False,True,True,Competitor offer / price,2026-11-03,64
JIO10006226,Gujarat,GJ,West,2024-01-30,31,Prepaid,399,28,117.72,134.33,143.31,7,25.9,45,0,True,23.27,19.08,80,9,vivo,False,False,15.1,0.32,40.5,3,1,7.1,,1,False,6,43.8,False,False,False,False,True,True,Competitor offer / price,2026-10-10,40
JIO10041333,Uttar Pradesh West,UPW,North,2022-11-30,45,Prepaid,349,56,173.85,164.58,172.42,3,55.7,55,0,False,14.08,16.81,735,10,OPPO,False,False,6.0,2.14,45.4,1,0,4.6,,1,False,2,34.2,False,False,False,False,True,True,Network quality,2026-10-05,35
JIO10012725,Bihar & Jharkhand,BH,East,2025-10-30,10,Prepaid,239,56,75.99,78.0,75.0,3,66.6,69,1,False,29.21,20.42,361,12,realme,True,True,4.0,0.07,70.9,0,0,0.0,,2,False,0,30.9,False,False,False,True,True,True,Network quality,2026-10-18,48
JIO10051167,Maharashtra & Goa,MH,West,2026-05-01,4,Prepaid,239,56,138.24,140.1,152.87,4,74.7,102,0,False,23.31,25.83,281,14,Samsung,False,False,8.9,0.12,45.4,0,0,0.0,,2,False,4,39.0,False,True,False,True,True,True,Dormant / non-recharge,2026-10-28,58
JIO10044927,North East,NE,East,2023-03-01,42,Prepaid,189,365,94.32,91.25,80.84,1,367.4,210,1,False,34.5,36.04,91,7,vivo,False,False,17.4,0.61,28.0,0,0,0.0,,1,False,0,42.9,False,False,False,False,True,True,Competitor offer / price,2026-10-10,40
JIO10011760,Kolkata,KO,East,2024-11-29,21,Prepaid,579,365,170.19,161.09,202.5,1,400.0,210,0,False,18.0,16.36,791,8,Motorola,False,False,11.3,0.26,27.6,1,0,2.4,,1,True,3,37.3,False,False,False,False,True,True,Dormant / non-recharge,2026-10-26,56
JIO10046645,Uttar Pradesh East,UPE,North,2025-08-30,12,Prepaid,189,28,135.33,133.01,142.54,7,18.7,12,0,False,1.61,1.53,343,12,POCO,False,False,9.4,2.47,39.4,3,2,5.1,,1,False,3,12.4,False,False,False,True,True,True,Competitor offer / price,2026-10-01,31
JIO10059893,Punjab,PB,North,2024-10-30,22,Prepaid,155,365,168.51,160.6,168.3,1,354.6,95,0,True,10.22,9.21,473,10,Samsung,False,False,23.1,0.87,67.1,2,1,1.9,,1,False,10,9.9,True,False,False,True,True,True,Network quality,2026-11-05,66
JIO10036458,Uttar Pradesh East,UPE,North,2026-05-01,4,Prepaid,189,365,251.99,264.83,257.07,1,400.0,210,3,False,68.19,73.09,517,8,Xiaomi,True,True,15.8,0.55,22.9,0,0,0.0,,1,False,5,31.2,False,False,False,False,True,True,Competitor offer / price,2026-11-19,80
JIO10044408,Andhra Pradesh & Telangana,AP,South,2025-08-30,12,Prepaid,155,365,87.33,87.13,92.29,1,339.2,210,1,False,18.95,12.7,457,8,realme,False,False,18.3,0.31,13.9,1,1,8.8,,1,False,0,22.7,False,True,False,True,True,True,Competitor offer / price,2026-10-05,35
JIO10045355,Karnataka,KA,South,2023-11-30,33,Prepaid,449,365,271.06,301.46,199.78,1,379.3,210,0,False,6.16,4.78,611,17,Apple,False,False,6.7,1.03,53.9,3,2,6.2,,1,False,7,12.7,False,False,False,False,True,True,Unresolved complaint,2026-11-26,87
JIO10053445,Bihar & Jharkhand,BH,East,2024-10-30,22,Prepaid,579,84,135.55,120.95,125.46,2,84.9,158,0,False,34.65,34.86,457,5,Xiaomi,True,True,15.6,0.64,59.4,2,0,3.3,,1,False,4,69.2,False,False,False,True,True,True,Network quality,2026-11-14,75
JIO10030173,Madhya Pradesh & Chhattisgarh,MP,North,2023-09-30,35,Prepaid,999,365,99.99,108.16,110.16,1,312.9,138,1,False,5.92,5.87,412,12,Tecno,False,False,17.5,1.56,50.4,1,1,5.2,,1,True,0,15.4,False,False,False,False,True,True,Device or SIM change,2026-11-26,87
JIO10007146,Rajasthan,RJ,North,2026-05-01,4,Prepaid,239,84,107.18,104.17,108.2,2,89.2,152,1,False,17.12,18.05,252,11,OPPO,False,False,6.7,0.61,49.6,2,0,1.5,,2,False,0,11.4,False,False,False,True,True,True,Dormant / non-recharge,2026-11-14,75
JIO10044859,Odisha,OR,East,2021-12-30,56,Prepaid,1559,365,222.21,245.27,211.97,1,280.5,210,2,False,42.62,47.35,381,11,Apple,True,True,12.8,0.07,23.5,1,0,4.1,,2,False,1,75.4,False,False,False,False,True,True,Relocation,2026-11-19,80
JIO10036394,Tamil Nadu,TN,South,2023-03-01,42,Prepaid,189,365,284.43,268.42,338.85,0,400.0,210,0,False,36.53,35.8,73,14,vivo,False,False,14.5,0.07,29.6,0,0,0.0,,2,True,8,44.7,False,False,False,False,True,True,Dormant / non-recharge,2026-11-12,73
JIO10028200,Uttar Pradesh East,UPE,North,2024-01-30,31,Prepaid,209,365,146.65,131.47,108.85,0,400.0,210,1,False,17.57,18.0,239,17,Samsung,True,True,7.9,0.35,81.2,1,0,1.5,,2,False,4,12.9,False,False,False,True,True,True,Dormant / non-recharge,2026-10-23,53
JIO10064660,Bihar & Jharkhand,BH,East,2023-07-31,37,Prepaid,399,84,119.8,118.48,135.65,2,84.2,118,0,False,12.03,10.9,165,8,OPPO,False,False,15.7,0.51,77.4,1,0,5.5,,1,False,0,61.9,False,True,False,True,True,True,Billing dispute,2026-10-08,38
JIO10033976,Bihar & Jharkhand,BH,East,2022-03-01,54,Prepaid,239,365,181.81,205.95,215.03,0,379.4,210,2,False,63.5,41.67,65,6,OnePlus,True,False,5.3,1.5,27.0,1,0,3.1,,1,False,3,21.0,False,False,False,False,True,True,Device or SIM change,2026-11-04,65
JIO10063283,Uttar Pradesh East,UPE,North,2023-11-30,33,Prepaid,155,56,86.39,92.79,103.97,4,62.8,19,1,False,23.95,24.32,555,19,realme,False,False,11.2,0.55,76.0,1,0,7.7,,1,False,0,39.0,False,False,False,False,True,True,Network quality,2026-11-01,62
JIO10008648,Odisha,OR,East,2024-06-30,26,Prepaid,155,84,160.44,167.91,202.34,2,90.7,52,0,False,26.87,32.15,301,16,Xiaomi,False,False,12.6,0.71,19.8,1,1,7.2,,2,False,4,43.9,False,False,False,False,True,True,Competitor offer / price,2026-11-10,71
JIO10062380,Andhra Pradesh & Telangana,AP,South,2025-03-01,18,Prepaid,349,365,75.99,81.92,75.0,1,366.5,210,1,False,4.35,5.06,377,4,Samsung,False,False,17.1,1.79,11.6,0,0,0.0,,1,False,1,13.4,False,True,False,False,True,True,Competitor offer / price,2026-10-14,44
JIO10043655,Haryana,HR,North,2022-01-29,55,Postpaid,299,30,196.63,180.17,209.22,6,42.3,89,2,False,19.73,23.88,111,5,Xiaomi,False,False,13.5,0.17,26.9,3,2,1.3,,1,False,3,47.8,False,False,False,False,True,True,Dormant / non-recharge,2026-11-04,65
JIO10042748,Rajasthan,RJ,North,2025-06-30,14,Prepaid,155,84,150.81,150.96,150.36,2,92.4,130,0,False,25.86,33.04,308,9,Samsung,False,False,10.7,0.27,53.5,2,1,6.4,,2,True,7,7.7,False,False,False,True,True,True,Unresolved complaint,2026-10-03,33
JIO10031295,Madhya Pradesh & Chhattisgarh,MP,North,2023-11-30,33,Prepaid,189,365,139.36,144.8,128.97,1,340.6,210,0,False,21.27,22.08,78,5,Motorola,True,True,7.9,0.08,64.8,1,0,2.8,,1,False,2,32.6,False,True,False,True,True,True,Competitor offer / price,2026-11-03,64
JIO10034439,Maharashtra & Goa,MH,West,2021-02-28,66,Prepaid,449,28,75.99,78.0,81.13,6,38.2,24,0,False,74.0,56.2,411,13,Samsung,False,False,13.6,0.88,52.6,1,0,7.1,,1,False,0,25.3,False,False,False,True,True,True,Unresolved complaint,2026-11-28,89
JIO10054335,Uttar Pradesh East,UPE,North,2022-11-30,45,Prepaid,299,365,217.39,228.92,214.44,1,305.6,210,2,False,11.5,14.06,163,11,OnePlus,False,False,8.4,1.13,24.4,0,0,0.0,,2,False,10,44.8,False,False,False,False,True,True,Network quality,2026-10-21,51
JIO10014444,West Bengal,WB,East,2022-09-30,47,Prepaid,349,84,75.99,78.0,85.56,1,46.1,36,1,False,21.19,22.27,68,8,Samsung,False,False,10.0,0.78,38.7,1,0,0.4,,2,False,0,35.6,False,False,False,True,True,True,Network quality,2026-11-23,84
JIO10004680,Uttar Pradesh West,UPW,North,2022-08-30,48,Prepaid,579,84,162.27,147.61,173.27,2,87.9,54,0,False,60.64,69.15,267,12,JioBharat / JioPhone,False,False,10.8,0.8,74.9,1,0,1.2,,1,False,7,52.2,False,False,False,False,True,True,Unresolved complaint,2026-10-05,35
JIO10040065,Maharashtra & Goa,MH,West,2026-03-01,6,Prepaid,299,28,175.04,172.49,188.3,5,29.4,29,0,False,43.8,41.44,291,18,OPPO,False,False,5.7,0.39,23.0,1,0,7.3,,2,False,4,27.0,False,False,False,False,True,True,Network quality,2026-11-03,64
JIO10064157,Maharashtra & Goa,MH,West,2026-03-31,5,Prepaid,349,28,107.23,96.67,90.83,6,36.0,49,1,False,32.47,26.06,346,8,vivo,True,True,4.3,0.44,31.6,2,1,1.2,,1,False,1,8.0,False,False,False,True,True,True,Unresolved complaint,2026-10-16,46
JIO10049805,Tamil Nadu,TN,South,2022-09-30,47,Prepaid,239,365,75.99,78.0,78.0,1,386.5,210,0,True,15.68,11.59,324,14,Samsung,False,False,7.0,0.23,36.6,1,0,3.3,,1,True,1,34.4,False,False,False,False,True,True,Dormant / non-recharge,2026-10-23,53
JIO10060493,Uttar Pradesh West,UPW,North,2024-10-30,22,Prepaid,299,84,159.16,156.77,139.11,2,75.8,101,0,False,15.19,12.86,279,10,Tecno,False,False,13.7,0.34,27.1,2,1,6.2,,2,False,5,34.3,False,True,True,False,True,True,Dormant / non-recharge,2026-11-24,85
JIO10017431,Uttar Pradesh East,UPE,North,2024-12-30,20,Prepaid,299,84,75.99,78.0,75.0,2,107.8,139,0,False,17.75,15.93,405,11,Xiaomi,False,False,9.8,1.41,60.9,0,0,0.0,,1,False,1,23.0,False,False,False,False,True,True,Competitor offer / price,2026-11-04,65
JIO10048263,Uttar Pradesh East,UPE,North,2023-05-31,39,Prepaid,155,28,146.51,146.23,156.13,8,25.2,12,0,False,31.17,36.93,439,16,Xiaomi,False,False,9.9,1.46,78.8,2,2,3.4,,1,False,2,27.4,False,False,False,False,True,True,Competitor offer / price,2026-11-22,83
JIO10045490,Kerala,KL,South,2025-03-01,18,Prepaid,209,365,85.77,83.95,96.77,1,400.0,210,0,False,14.39,15.02,349,10,Xiaomi,False,False,13.9,0.72,32.3,1,1,5.3,,3,True,1,16.0,False,False,False,True,True,True,Unresolved complaint,2026-10-02,32
JIO10033586,Rajasthan,RJ,North,2024-03-31,29,Prepaid,155,365,159.0,158.84,178.98,1,334.8,78,0,True,94.07,95.42,112,9,Xiaomi,True,True,8.4,0.31,43.8,0,0,0.0,,1,False,8,37.4,False,False,False,False,True,True,Competitor offer / price,2026-11-11,72
JIO10020602,West Bengal,WB,East,2026-03-31,5,Prepaid,799,56,197.37,176.57,194.54,4,52.9,121,0,False,6.34,6.42,334,19,Samsung,True,True,17.2,1.5,50.3,1,1,3.0,,1,True,5,9.5,False,False,False,True,True,True,Competitor offer / price,2026-10-24,54
JIO10023840,West Bengal,WB,East,2025-10-30,10,Prepaid,399,365,106.69,121.57,109.74,0,338.4,141,2,False,30.68,33.44,147,9,vivo,False,False,16.4,0.76,29.4,0,0,0.0,,1,False,0,36.6,True,True,True,True,True,True,Unresolved complaint,2026-11-27,88
JIO10060934,Karnataka,KA,South,2023-01-30,43,Prepaid,299,365,94.78,108.09,98.81,1,358.1,210,1,False,15.3,16.77,379,10,realme,False,False,16.1,0.36,32.1,1,1,2.2,,1,True,0,10.8,False,False,False,True,True,True,Network quality,2026-11-06,67
JIO10010466,Uttar Pradesh East,UPE,North,2025-05-31,15,Prepaid,209,28,146.4,157.53,168.43,9,19.9,16,1,False,13.1,15.82,233,12,vivo,False,False,12.6,2.56,7.2,2,1,1.6,,1,False,2,56.1,False,False,False,False,True,True,Network quality,2026-10-22,52
JIO10011583,Uttar Pradesh East,UPE,North,2024-12-30,20,Prepaid,349,28,221.38,209.21,237.95,6,24.7,12,0,False,24.23,26.14,492,14,vivo,False,False,17.9,0.83,37.8,1,1,4.8,JioAirFiber,2,False,3,68.5,False,True,False,True,True,True,Unresolved complaint,2026-10-17,47
JIO10059008,Tamil Nadu,TN,South,2025-06-30,14,Prepaid,579,28,112.27,113.03,110.83,7,36.9,11,0,False,31.25,24.29,383,11,Xiaomi,True,True,14.1,0.04,18.1,0,0,0.0,,1,False,0,76.4,False,True,False,False,True,True,Dormant / non-recharge,2026-11-12,73
JIO10029870,Kerala,KL,South,2020-01-30,79,Prepaid,209,365,166.2,195.3,184.11,1,254.2,210,0,False,23.27,24.18,531,8,vivo,True,True,12.9,0.44,28.9,1,1,2.6,,1,False,3,52.9,False,False,False,False,True,True,Device or SIM change,2026-11-05,66
JIO10061872,Madhya Pradesh & Chhattisgarh,MP,North,2020-03-31,77,Prepaid,155,365,143.44,150.6,170.11,0,400.0,210,0,False,15.01,17.53,510,17,Xiaomi,False,False,13.2,2.14,20.4,1,0,1.3,,1,False,0,51.2,True,True,True,True,True,True,Competitor offer / price,2026-11-23,84
JIO10017852,Madhya Pradesh & Chhattisgarh,MP,North,2026-01-29,7,Prepaid,299,365,239.27,220.35,216.18,1,315.8,140,0,False,28.18,22.67,285,11,vivo,True,True,17.0,0.7,22.0,1,1,0.9,,1,True,3,20.0,False,False,False,False,True,True,Relocation,2026-11-25,86
JIO10038608,Bihar & Jharkhand,BH,East,2026-01-29,7,Postpaid,599,30,258.54,233.91,165.63,6,34.3,47,0,False,38.26,51.6,309,6,POCO,False,False,9.7,0.53,49.8,1,0,1.9,,1,False,4,41.5,True,True,True,True,True,True,Dormant / non-recharge,2026-11-29,90
JIO10057370,Andhra Pradesh & Telangana,AP,South,2025-01-29,19,Prepaid,209,365,183.28,213.12,197.53,0,400.0,178,3,False,86.58,103.97,218,6,vivo,True,False,6.3,0.32,33.6,0,0,0.0,,2,False,4,22.2,False,True,True,True,True,True,Network quality,2026-10-04,34
JIO10041630,Bihar & Jharkhand,BH,East,2024-08-30,24,Prepaid,189,56,243.96,256.02,261.77,3,79.2,41,0,False,24.78,31.53,369,13,Apple,False,False,13.2,0.34,48.0,1,0,3.8,JioAirFiber,2,False,9,63.1,False,True,True,True,True,True,Device or SIM change,2026-11-18,79
JIO10039639,Tamil Nadu,TN,South,2025-03-01,18,Postpaid,1499,30,220.0,255.89,194.77,6,35.3,20,0,True,27.7,29.01,350,18,OPPO,False,False,12.8,0.54,48.2,0,0,0.0,,1,False,8,71.0,False,True,False,True,True,True,Competitor offer / price,2026-11-09,70
JIO10018658,Karnataka,KA,South,2025-09-30,11,Prepaid,155,365,119.96,104.04,127.69,0,400.0,108,1,False,34.73,35.54,636,7,vivo,True,True,9.7,1.0,31.4,1,1,7.7,,1,False,2,36.5,False,False,False,True,True,True,Unresolved complaint,2026-11-15,76
JIO10035153,Haryana,HR,North,2023-08-31,36,Prepaid,239,365,75.99,78.0,75.4,1,400.0,170,2,False,3.79,3.82,203,14,realme,False,False,16.2,0.52,36.1,0,0,0.0,,2,False,0,40.0,False,False,False,False,True,True,Network quality,2026-10-17,47
JIO10057417,Rajasthan,RJ,North,2025-01-29,19,Prepaid,299,365,130.5,111.49,109.89,0,400.0,210,0,False,61.37,59.77,248,5,JioBharat / JioPhone,False,False,11.2,0.76,43.6,0,0,0.0,,1,False,2,14.0,False,True,False,True,True,True,Dormant / non-recharge,2026-11-14,75
JIO10047115,Madhya Pradesh & Chhattisgarh,MP,North,2026-05-01,4,Prepaid,209,84,204.85,194.3,216.36,2,101.4,108,0,False,40.04,42.96,582,14,realme,True,True,6.3,0.86,63.1,2,1,6.8,,1,False,8,65.2,False,True,False,True,True,True,Network quality,2026-10-26,56
JIO10036850,Madhya Pradesh & Chhattisgarh,MP,North,2026-05-31,3,Prepaid,999,56,310.01,348.85,299.53,3,63.9,12,0,False,31.13,40.7,416,13,OPPO,True,False,18.4,2.04,43.2,4,3,0.5,,2,False,10,40.4,False,False,False,False,True,True,Relocation,2026-10-03,33
JIO10013059,Rajasthan,RJ,North,2024-10-30,22,Prepaid,299,365,141.88,131.26,149.01,1,400.0,210,1,False,12.16,12.77,190,7,JioBharat / JioPhone,False,False,7.2,1.21,19.3,0,0,0.0,,1,False,2,26.0,False,True,True,True,True,True,Network quality,2026-10-06,36
JIO10002005,Haryana,HR,North,2024-11-29,21,Prepaid,299,84,75.99,78.0,75.0,2,76.4,97,1,False,19.18,14.47,162,7,JioBharat / JioPhone,False,False,15.0,0.53,58.4,0,0,0.0,,2,True,0,41.4,False,False,False,True,True,True,Competitor offer / price,2026-11-28,89
JIO10018731,Uttar Pradesh East,UPE,North,2025-06-30,14,Prepaid,209,28,80.52,93.05,80.8,6,29.6,43,0,False,8.4,9.32,701,13,OnePlus,False,False,9.2,0.52,32.2,2,1,4.5,,1,False,1,43.9,False,False,False,False,True,True,Competitor offer / price,2026-10-08,38
JIO10001017,Delhi NCR,DL,North,2022-07-31,49,Prepaid,239,365,80.62,83.62,84.83,1,400.0,94,2,True,5.24,6.17,330,5,JioBharat / JioPhone,False,False,15.0,1.2,10.1,0,0,0.0,,1,False,1,27.8,False,False,False,False,True,True,Relocation,2026-10-05,35
JIO10062960,Madhya Pradesh & Chhattisgarh,MP,North,2023-07-01,38,Prepaid,209,365,197.03,200.77,171.19,1,383.9,210,2,False,15.86,13.75,80,5,Xiaomi,True,False,5.3,0.62,36.2,0,0,0.0,,1,False,2,66.2,False,False,False,True,True,True,Network quality,2026-11-12,73
JIO10044558,Rajasthan,RJ,North,2021-04-30,64,Prepaid,399,28,142.85,136.73,125.27,6,21.0,14,0,False,11.7,9.67,357,13,Xiaomi,True,False,8.8,0.38,60.9,1,1,2.2,,1,False,3,30.4,False,False,False,True,True,True,Device or SIM change,2026-10-20,50
JIO10039189,Odisha,OR,East,2025-04-30,16,Prepaid,579,365,127.12,142.12,133.15,1,363.6,210,3,False,22.68,21.46,341,14,JioBharat / JioPhone,False,False,14.2,0.38,23.5,1,1,2.1,,1,False,2,24.2,True,False,False,True,True,True,Dormant / non-recharge,2026-10-27,57
JIO10027100,Mumbai,MU,West,2022-03-31,53,Prepaid,579,365,192.96,181.24,220.94,1,400.0,210,0,False,30.67,29.87,210,11,Motorola,False,False,13.5,0.46,43.1,2,0,7.5,,1,False,4,7.4,False,False,False,True,True,True,Network quality,2026-11-12,73
JIO10035546,Uttar Pradesh East,UPE,North,2024-09-29,23,Prepaid,299,28,181.27,170.15,232.13,8,31.6,35,1,False,1.57,1.42,138,7,Xiaomi,True,True,10.1,0.86,30.4,4,2,3.7,,1,False,2,28.2,False,False,False,False,True,True,Competitor offer / price,2026-10-26,56
JIO10020807,Karnataka,KA,South,2022-05-01,52,Prepaid,349,365,194.27,186.12,183.27,1,312.6,207,1,False,13.85,18.14,136,10,Motorola,True,True,6.4,0.62,45.9,2,1,5.0,,1,False,7,9.6,False,False,False,True,True,True,Dormant / non-recharge,2026-11-22,83
JIO10040550,Bihar & Jharkhand,BH,East,2021-03-31,65,Prepaid,579,28,142.09,134.76,141.2,7,33.6,11,0,False,20.28,18.19,651,10,Samsung,False,False,10.6,0.15,60.4,0,0,0.0,,1,False,1,26.0,False,False,False,True,True,True,Relocation,2026-11-28,89
JIO10046688,Karnataka,KA,South,2025-03-31,17,Prepaid,449,28,105.11,105.79,102.7,5,24.5,5,1,False,15.27,16.86,198,14,JioBharat / JioPhone,False,False,11.0,0.11,26.3,0,0,0.0,,1,False,0,32.6,False,False,False,False,True,True,Competitor offer / price,2026-10-23,53
JIO10048760,West Bengal,WB,East,2025-07-31,13,Prepaid,155,56,153.82,168.01,144.51,3,37.4,50,1,False,10.52,9.71,284,11,JioBharat / JioPhone,False,False,7.8,1.84,50.0,2,1,6.9,,2,False,1,15.3,False,True,True,False,True,True,Competitor offer / price,2026-10-19,49
JIO10015164,Andhra Pradesh & Telangana,AP,South,2025-09-30,11,Prepaid,399,84,158.39,177.55,178.48,2,68.0,43,1,False,58.67,69.17,402,7,realme,True,True,15.3,0.77,41.6,0,0,0.0,,1,False,5,46.4,False,True,False,False,True,True,Relocation,2026-10-09,39
JIO10035632,Bihar & Jharkhand,BH,East,2026-01-29,7,Prepaid,299,28,303.03,323.59,318.12,7,32.1,2,0,False,111.29,109.34,244,10,vivo,True,True,16.6,0.36,46.6,3,2,1.6,,1,False,8,26.4,False,False,False,True,True,True,Unresolved complaint,2026-10-08,38
JIO10024796,Mumbai,MU,West,2025-04-30,16,Prepaid,799,84,81.73,87.38,77.9,2,100.0,210,2,False,19.52,23.37,169,15,OPPO,False,False,8.9,0.4,19.1,1,0,9.0,,1,False,0,23.5,False,False,False,False,True,True,Unresolved complaint,2026-11-23,84
JIO10011162,Rajasthan,RJ,North,2024-11-29,21,Prepaid,189,365,151.36,160.51,133.94,0,400.0,147,2,False,8.71,8.33,139,10,vivo,False,False,20.2,0.56,60.0,2,1,4.0,,2,False,1,36.5,False,True,False,False,True,True,Competitor offer / price,2026-10-25,55
JIO10053440,Bihar & Jharkhand,BH,East,2025-07-31,13,Prepaid,155,28,158.94,152.54,171.17,6,33.5,33,1,False,41.3,39.61,475,13,OPPO,True,True,16.9,0.34,65.9,1,1,4.2,,1,False,3,6.3,False,False,False,True,True,True,Competitor offer / price,2026-11-17,78
JIO10032210,Andhra Pradesh & Telangana,AP,South,2025-11-30,9,Prepaid,239,365,191.59,175.89,162.75,1,379.2,210,2,False,33.62,32.96,986,12,OPPO,True,True,12.1,0.33,45.0,0,0,0.0,,2,False,4,38.3,True,False,False,True,True,True,Competitor offer / price,2026-10-26,56
JIO10006345,Gujarat,GJ,West,2024-02-29,30,Prepaid,155,365,203.03,201.08,180.75,0,393.9,210,0,False,34.88,31.41,438,5,OPPO,True,True,16.2,0.07,27.9,0,0,0.0,,1,False,7,34.7,False,True,False,True,True,True,Dormant / non-recharge,2026-11-20,81
JIO10014331,Uttar Pradesh East,UPE,North,2025-12-30,8,Prepaid,799,28,198.8,205.67,225.6,9,28.4,23,0,False,101.65,88.25,203,13,vivo,True,True,15.6,0.19,49.1,1,1,6.0,,1,False,4,73.2,True,True,True,False,True,True,Unresolved complaint,2026-11-07,68
JIO10047691,Punjab,PB,North,2025-01-29,19,Prepaid,579,365,112.52,117.45,129.83,0,400.0,210,0,False,22.32,18.03,440,10,Samsung,False,False,9.8,0.36,41.2,1,1,9.5,,1,False,0,45.8,True,False,False,False,True,True,Unresolved complaint,2026-10-17,47
JIO10028328,Kerala,KL,South,2025-05-31,15,Prepaid,579,84,152.78,137.28,138.28,3,96.6,95,0,False,108.88,108.21,166,13,vivo,True,True,12.3,1.3,26.5,2,0,5.7,,1,False,3,7.4,False,False,False,True,True,True,Device or SIM change,2026-10-18,48
JIO10033755,Uttar Pradesh East,UPE,North,2024-10-30,22,Prepaid,189,365,154.61,146.41,150.44,0,346.6,210,2,False,16.09,12.84,335,12,Xiaomi,False,False,11.9,0.51,26.6,1,0,3.7,,1,False,2,51.9,False,True,False,True,True,True,Unresolved complaint,2026-10-20,50
JIO10009849,Madhya Pradesh & Chhattisgarh,MP,North,2026-05-01,4,Postpaid,299,30,130.8,130.63,148.94,6,25.5,13,0,False,31.7,43.06,517,16,Apple,False,False,14.0,0.38,30.3,2,1,6.0,,1,False,3,30.1,False,False,False,False,True,True,Relocation,2026-10-02,32
JIO10027810,Kerala,KL,South,2024-03-31,29,Prepaid,239,365,133.8,146.19,131.75,0,400.0,152,1,False,15.47,13.33,80,16,vivo,True,True,11.7,0.04,29.3,1,0,1.7,,1,True,1,55.5,False,False,False,True,True,True,Competitor offer / price,2026-10-04,34
JIO10002175,Bihar & Jharkhand,BH,East,2025-03-31,17,Prepaid,1559,365,311.84,306.42,311.54,0,400.0,210,1,False,120.37,126.81,348,14,Xiaomi,True,True,15.9,0.78,35.5,1,1,3.9,,1,False,4,51.3,False,False,False,True,True,True,Unresolved complaint,2026-11-26,87
JIO10029601,Karnataka,KA,South,2023-09-30,35,Prepaid,189,28,75.99,78.0,75.0,8,27.5,34,2,False,44.01,33.65,154,9,vivo,False,False,6.8,0.35,42.6,1,0,3.1,,2,False,1,40.1,False,False,False,True,True,True,Network quality,2026-10-07,37
JIO10039182,Punjab,PB,North,2023-11-30,33,Prepaid,449,28,195.35,193.06,186.71,8,31.8,23,0,False,5.32,4.1,624,7,Apple,False,False,12.2,0.66,70.6,1,1,11.4,,1,False,7,41.2,False,False,False,True,True,True,Competitor offer / price,2026-11-27,88
JIO10002297,Tamil Nadu,TN,South,2024-12-30,20,Prepaid,209,365,116.98,115.6,103.36,0,400.0,210,4,True,35.3,32.3,366,11,Samsung,True,True,18.2,0.38,37.3,2,0,2.3,,1,False,7,23.8,False,True,False,True,True,True,Dormant / non-recharge,2026-10-16,46
JIO10009088,Rajasthan,RJ,North,2025-03-01,18,Prepaid,399,28,98.43,94.76,77.3,7,21.9,3,1,False,29.62,34.38,114,12,Apple,False,False,11.7,0.57,43.9,4,1,2.0,,1,False,0,5.0,False,False,False,True,True,True,Unresolved complaint,2026-10-26,56
JIO10023677,Odisha,OR,East,2025-05-31,15,Prepaid,299,365,249.21,286.09,212.29,1,400.0,204,1,False,13.51,13.97,181,9,vivo,True,True,15.3,0.54,51.7,1,1,5.4,,1,True,4,23.4,False,False,False,True,True,True,Network quality,2026-10-30,60
JIO10013496,Odisha,OR,East,2024-10-30,22,Prepaid,579,365,166.99,174.17,184.66,0,400.0,176,1,False,13.59,11.98,269,14,JioBharat / JioPhone,False,False,7.1,0.31,34.1,1,0,5.9,,1,False,5,58.9,False,False,False,True,True,True,Network quality,2026-11-02,63
JIO10036545,Maharashtra & Goa,MH,West,2026-05-31,3,Prepaid,209,84,82.34,90.75,75.0,2,74.0,33,0,False,14.95,10.2,723,9,Xiaomi,False,False,14.3,1.19,34.6,1,0,4.5,,1,False,0,37.1,False,True,True,True,True,True,Competitor offer / price,2026-10-27,57
JIO10062130,Assam,AS,East,2025-01-29,19,Prepaid,209,28,118.98,103.35,104.88,5,27.7,16,0,False,22.83,19.67,72,9,JioBharat / JioPhone,False,False,9.6,0.4,36.9,1,0,3.0,,1,False,1,25.1,False,False,False,False,True,True,Network quality,2026-10-19,49
JIO10034813,Maharashtra & Goa,MH,West,2026-01-29,7,Prepaid,209,365,92.65,88.78,84.88,0,400.0,84,0,True,27.98,29.88,616,12,vivo,False,False,13.6,0.6,38.2,2,1,3.9,,2,False,4,14.0,True,False,False,True,True,True,Competitor offer / price,2026-11-05,66
JIO10035187,Madhya Pradesh & Chhattisgarh,MP,North,2024-12-30,20,Prepaid,399,84,120.97,136.62,124.51,2,77.7,38,0,False,8.67,7.1,606,8,JioBharat / JioPhone,False,False,9.4,1.78,11.0,3,1,4.1,,1,False,3,38.1,False,True,True,False,True,True,Competitor offer / price,2026-10-19,49
JIO10033674,Rajasthan,RJ,North,2024-08-30,24,Prepaid,209,365,122.19,115.32,90.33,0,400.0,210,2,False,32.39,35.24,551,16,Motorola,True,False,7.5,0.82,30.7,1,0,16.7,,2,False,3,4.1,False,False,False,True,True,True,Device or SIM change,2026-10-30,60
JIO10033625,Bihar & Jharkhand,BH,East,2025-04-30,16,Prepaid,299,365,412.08,458.9,343.66,1,400.0,210,1,True,84.97,112.71,483,14,vivo,True,True,17.9,0.24,73.7,5,1,2.0,,2,False,9,24.8,False,False,False,True,True,True,Unresolved complaint,2026-11-13,74
JIO10062574,West Bengal,WB,East,2026-07-31,1,Prepaid,449,28,94.28,93.6,103.61,6,30.7,57,3,False,22.56,16.11,362,6,OPPO,True,True,7.4,0.6,27.1,0,0,0.0,,1,False,0,54.8,False,True,False,True,True,True,Network quality,2026-10-25,55
JIO10027024,Uttar Pradesh East,UPE,North,2025-03-31,17,Prepaid,299,365,223.1,223.83,158.74,0,400.0,210,0,True,50.77,45.87,176,8,vivo,True,False,19.9,0.7,15.9,0,0,0.0,,1,False,14,44.3,False,False,False,True,True,True,Competitor offer / price,2026-10-30,60
JIO10026789,Maharashtra & Goa,MH,West,2026-05-01,4,Prepaid,299,365,148.32,139.72,163.88,0,400.0,210,1,False,12.93,15.4,593,10,JioBharat / JioPhone,False,False,8.3,0.34,29.6,0,0,0.0,,1,False,0,18.0,False,False,False,False,True,True,Billing dispute,2026-11-07,68
JIO10037118,Uttar Pradesh West,UPW,North,2025-03-31,17,Prepaid,155,84,75.99,78.0,93.62,2,103.3,49,0,False,14.86,19.04,216,9,vivo,False,False,15.5,0.63,44.1,1,0,5.8,,2,False,0,50.2,False,True,False,False,True,True,Network quality,2026-10-26,56
JIO10026396,Andhra Pradesh & Telangana,AP,South,2024-09-29,23,Prepaid,209,84,103.23,106.83,88.81,2,85.0,38,0,False,11.3,9.75,233,10,Samsung,False,False,2.7,0.24,21.2,1,0,2.7,,1,True,1,38.3,False,True,True,False,True,True,Competitor offer / price,2026-10-19,49
JIO10035878,Madhya Pradesh & Chhattisgarh,MP,North,2024-11-29,21,Prepaid,209,84,100.55,103.53,122.19,2,98.3,91,0,False,7.92,8.87,283,14,realme,False,False,12.8,0.47,25.1,0,0,0.0,,1,False,1,25.3,False,True,False,False,True,True,Competitor offer / price,2026-11-16,77
JIO10058093,Uttar Pradesh West,UPW,North,2025-03-01,18,Prepaid,399,365,688.39,672.37,764.51,0,284.8,160,0,False,136.17,134.12,534,19,Apple,True,True,11.6,0.81,99.0,3,1,4.1,JioFiber,3,False,17,52.3,False,False,False,True,True,True,Competitor offer / price,2026-11-11,72
JIO10034753,Mumbai,MU,West,2025-06-30,14,Prepaid,299,84,95.37,90.03,107.8,2,118.9,121,1,False,11.89,9.26,190,11,Motorola,True,True,14.8,0.23,51.2,1,0,8.6,,1,False,0,43.8,False,False,False,False,True,True,Dormant / non-recharge,2026-11-20,81
JIO10037728,Bihar & Jharkhand,BH,East,2025-07-31,13,Prepaid,155,28,75.99,80.44,90.89,4,32.0,53,0,True,18.9,12.27,265,12,OPPO,False,False,6.3,1.87,48.3,2,0,3.9,,1,False,2,42.0,False,False,False,False,True,True,Competitor offer / price,2026-10-04,34
JIO10051083,Tamil Nadu,TN,South,2025-04-30,16,Prepaid,399,365,195.55,215.91,188.76,1,400.0,210,1,False,25.76,30.07,535,11,JioBharat / JioPhone,False,False,10.0,0.07,39.5,0,0,0.0,JioAirFiber,3,False,7,44.3,False,False,False,False,True,True,Dormant / non-recharge,2026-11-01,62
JIO10028840,Bihar & Jharkhand,BH,East,2023-01-30,43,Prepaid,209,365,93.76,82.72,75.0,0,248.9,210,2,False,6.85,4.63,216,10,OPPO,False,False,6.9,1.21,50.3,1,1,5.8,,1,False,1,15.2,False,False,False,True,True,True,Dormant / non-recharge,2026-10-20,50
JIO10016266,Uttar Pradesh East,UPE,North,2025-05-31,15,Prepaid,3599,84,119.28,128.49,117.21,2,105.9,33,0,True,17.96,20.81,248,8,Samsung,False,False,10.4,0.89,79.8,1,1,2.1,,2,False,3,12.8,False,False,False,False,True,True,Competitor offer / price,2026-10-22,52
JIO10061889,Tamil Nadu,TN,South,2023-05-31,39,Prepaid,299,28,148.98,130.73,138.99,5,25.1,37,0,False,21.42,22.74,540,16,realme,True,False,17.0,0.81,24.7,2,2,18.2,,1,False,3,43.0,False,False,False,True,True,True,Network quality,2026-11-23,84
JIO10018217,Gujarat,GJ,West,2025-09-30,11,Prepaid,349,365,224.03,219.71,217.2,1,400.0,149,1,False,18.56,18.59,319,11,OPPO,True,True,21.5,0.92,18.1,0,0,0.0,,1,False,7,16.4,True,False,False,False,True,True,Competitor offer / price,2026-11-07,68
JIO10032170,Madhya Pradesh & Chhattisgarh,MP,North,2022-10-30,46,Prepaid,209,365,170.11,159.4,159.27,0,380.0,140,1,False,49.49,34.74,158,11,Samsung,True,True,6.0,0.25,47.5,4,1,9.8,,2,False,3,24.3,False,False,False,True,True,True,Network quality,2026-10-20,50
JIO10031247,Karnataka,KA,South,2024-08-30,24,Prepaid,349,28,162.94,166.48,212.28,7,26.3,8,0,True,72.2,86.09,521,13,Xiaomi,True,True,14.7,1.14,26.3,1,0,1.5,,1,False,5,52.8,False,False,False,True,True,True,Relocation,2026-11-21,82
JIO10020570,Rajasthan,RJ,North,2022-11-30,45,Prepaid,299,365,178.71,181.47,192.9,1,400.0,210,0,False,61.74,68.06,635,20,OnePlus,True,True,16.5,0.54,8.6,1,1,7.1,,1,False,5,41.8,False,False,False,True,True,True,Dormant / non-recharge,2026-10-13,43
JIO10029593,Karnataka,KA,South,2026-01-29,7,Prepaid,155,84,223.51,260.93,208.6,3,106.1,115,3,False,44.43,49.68,665,18,Samsung,True,True,14.5,1.03,24.0,1,0,3.3,,1,False,7,25.0,False,False,False,True,True,True,Network quality,2026-11-18,79
JIO10016428,Bihar & Jharkhand,BH,East,2024-02-29,30,Prepaid,349,84,149.48,140.68,151.3,2,101.1,53,0,False,44.85,50.71,355,13,Samsung,False,False,13.1,1.1,84.9,0,0,0.0,,1,False,3,44.6,False,False,False,False,True,True,Unresolved complaint,2026-11-12,73
JIO10034793,Delhi NCR,DL,North,2026-05-01,4,Prepaid,449,28,137.64,152.08,117.94,7,34.3,25,1,True,14.59,16.49,119,10,Samsung,False,False,15.9,1.13,18.4,3,1,11.1,,1,False,8,27.4,False,False,False,True,True,True,Competitor offer / price,2026-10-31,61
JIO10016980,Gujarat,GJ,West,2026-07-01,2,Prepaid,299,28,321.49,355.92,355.84,8,29.3,3,1,False,12.19,11.72,563,13,JioBharat / JioPhone,False,False,22.0,1.12,45.3,2,0,2.0,,2,False,3,53.3,False,False,False,True,True,True,Network quality,2026-11-20,81
JIO10012659,Punjab,PB,North,2024-08-30,24,Prepaid,155,365,202.87,200.18,219.33,1,380.5,142,0,False,46.08,54.69,450,12,Samsung,True,True,22.8,1.15,26.8,1,1,10.3,,2,False,5,6.1,False,True,True,True,True,True,Network quality,2026-10-03,33
JIO10018114,Bihar & Jharkhand,BH,East,2024-03-31,29,Prepaid,349,56,156.68,172.29,165.39,2,62.0,44,0,False,52.81,57.53,526,19,JioBharat / JioPhone,False,False,12.9,0.69,46.5,2,1,8.8,,1,False,1,39.4,False,False,False,False,True,True,Competitor offer / price,2026-11-20,81
JIO10045844,Madhya Pradesh & Chhattisgarh,MP,North,2025-07-31,13,Prepaid,155,365,77.68,78.0,75.0,1,312.6,210,1,False,46.15,53.12,215,13,Samsung,False,False,7.9,0.55,40.0,2,2,12.8,,2,False,0,17.9,False,False,False,True,True,True,Dormant / non-recharge,2026-11-13,74
JIO10046652,Odisha,OR,East,2022-08-30,48,Prepaid,209,365,237.44,244.11,214.62,1,400.0,210,0,False,17.7,20.02,358,20,vivo,True,True,8.2,0.11,16.0,1,0,1.3,,1,False,7,60.1,False,False,False,False,True,True,Unresolved complaint,2026-11-04,65
JIO10058371,Karnataka,KA,South,2025-03-31,17,Prepaid,299,365,138.65,131.25,163.3,1,400.0,210,1,False,52.2,40.13,249,15,OnePlus,True,True,16.5,0.47,41.4,0,0,0.0,,1,False,1,12.5,False,False,False,True,True,True,Network quality,2026-10-10,40
JIO10057307,Uttar Pradesh East,UPE,North,2025-11-30,9,Prepaid,579,365,91.48,85.25,119.35,0,368.2,210,0,True,4.62,4.02,161,5,POCO,False,False,14.3,1.1,31.4,1,1,7.8,,2,False,2,46.3,False,True,True,False,True,True,Competitor offer / price,2026-11-21,82
JIO10053956,Tamil Nadu,TN,South,2023-05-01,40,Prepaid,399,365,180.91,185.82,200.56,0,390.0,210,2,True,38.66,37.53,993,18,Samsung,True,True,11.3,0.5,44.1,1,1,1.4,,1,False,11,46.9,False,False,False,True,True,True,Competitor offer / price,2026-11-05,66
JIO10034643,Maharashtra & Goa,MH,West,2025-04-30,16,Prepaid,449,365,231.63,220.76,203.83,1,268.0,44,0,False,53.9,52.71,477,11,OPPO,False,False,9.9,0.41,19.6,1,1,3.2,,1,False,7,32.5,False,False,False,True,True,True,Network quality,2026-10-31,61
JIO10034678,Uttar Pradesh West,UPW,North,2023-10-31,34,Prepaid,239,365,222.64,235.68,212.57,0,400.0,97,2,False,108.37,82.87,493,4,Tecno,True,True,12.9,1.15,45.8,0,0,0.0,,2,False,5,28.9,False,True,True,True,True,True,Dormant / non-recharge,2026-11-14,75
JIO10058089,Maharashtra & Goa,MH,West,2025-12-30,8,Prepaid,209,365,134.26,136.46,103.95,1,143.0,84,0,False,19.47,22.43,292,9,JioBharat / JioPhone,False,False,17.0,0.97,14.9,1,1,4.2,,2,True,0,22.3,False,False,False,False,True,True,Dormant / non-recharge,2026-11-09,70
JIO10032628,Tamil Nadu,TN,South,2025-03-01,18,Prepaid,579,56,75.99,83.42,81.92,3,50.9,7,1,False,43.38,39.75,710,12,OPPO,False,False,15.5,0.08,29.9,0,0,0.0,,2,False,0,61.6,False,False,False,False,True,True,Competitor offer / price,2026-11-14,75
JIO10046617,Odisha,OR,East,2025-08-30,12,Prepaid,155,56,116.06,131.92,125.41,3,90.1,90,2,False,3.88,4.13,112,6,Samsung,False,False,4.0,0.24,49.1,2,0,18.9,,2,False,1,17.8,False,False,False,True,True,True,Dormant / non-recharge,2026-10-07,37
JIO10032782,Andhra Pradesh & Telangana,AP,South,2025-08-30,12,Prepaid,239,365,143.35,138.97,136.06,0,264.3,155,1,False,42.45,52.09,433,10,JioBharat / JioPhone,False,False,15.3,0.42,46.4,1,0,5.0,,2,False,0,48.6,False,False,False,True,True,True,Competitor offer / price,2026-10-19,49
JIO10008018,Uttar Pradesh West,UPW,North,2025-11-30,9,Prepaid,189,365,316.32,298.1,292.32,1,348.1,178,0,False,14.17,12.66,58,14,vivo,True,False,8.0,0.39,38.4,1,1,8.6,,2,False,7,22.9,False,False,False,False,True,True,Competitor offer / price,2026-10-17,47
JIO10024964,Bihar & Jharkhand,BH,East,2026-05-01,4,Prepaid,399,365,159.02,144.61,117.6,1,261.7,210,2,False,8.37,7.76,436,8,OPPO,False,False,9.9,0.47,25.4,0,0,0.0,,1,False,1,43.9,False,False,False,True,True,True,Dormant / non-recharge,2026-10-13,43
JIO10045258,Bihar & Jharkhand,BH,East,2025-04-30,16,Prepaid,299,84,99.95,100.54,78.67,2,120.4,59,3,False,19.57,19.91,213,12,JioBharat / JioPhone,False,False,13.5,0.77,48.8,1,1,2.8,,1,True,0,45.9,False,False,False,True,True,True,Unresolved complaint,2026-10-21,51
JIO10014972,Karnataka,KA,South,2025-03-01,18,Prepaid,189,28,96.0,88.66,101.15,6,36.3,44,0,False,50.11,67.69,243,12,vivo,False,False,11.3,0.14,16.5,1,1,5.0,,3,True,0,48.0,False,True,True,True,True,True,Competitor offer / price,2026-11-16,77
JIO10024137,Tamil Nadu,TN,South,2024-12-30,20,Prepaid,155,28,81.95,95.7,75.0,9,19.5,21,0,False,32.41,30.08,206,13,Samsung,False,False,14.4,0.64,21.2,0,0,0.0,,2,True,1,36.6,False,False,False,True,True,True,Network quality,2026-11-29,90
JIO10008897,West Bengal,WB,East,2022-10-30,46,Prepaid,189,365,95.92,82.04,94.73,0,400.0,115,0,False,28.05,29.57,152,7,realme,False,False,11.6,2.93,12.4,0,0,0.0,,1,False,0,49.1,False,False,False,True,True,True,Dormant / non-recharge,2026-10-27,57
JIO10010705,Madhya Pradesh & Chhattisgarh,MP,North,2026-07-31,1,Prepaid,999,84,157.05,162.21,156.66,2,91.3,210,1,False,17.58,17.51,189,9,realme,True,False,14.3,2.17,30.2,2,1,1.4,,2,False,4,43.2,False,False,False,True,True,True,Unresolved complaint,2026-10-25,55
JIO10052415,Delhi NCR,DL,North,2024-12-30,20,Prepaid,155,365,75.99,78.0,75.0,1,400.0,210,2,False,10.43,11.68,446,11,Samsung,False,False,15.3,0.18,27.2,1,0,7.8,,1,False,0,19.0,False,False,False,True,True,True,Competitor offer / price,2026-10-02,32
JIO10038773,Delhi NCR,DL,North,2024-12-30,20,Prepaid,189,365,248.72,226.84,260.39,0,328.5,92,1,False,37.37,42.26,270,13,JioBharat / JioPhone,False,False,17.2,0.84,41.7,1,1,0.8,,1,False,8,14.0,False,False,False,True,True,True,Unresolved complaint,2026-10-20,50
JIO10061862,Uttar Pradesh West,UPW,North,2024-05-31,27,Prepaid,399,28,75.99,83.88,75.0,6,35.7,41,0,False,7.54,7.89,269,9,Motorola,False,False,15.4,1.29,63.9,2,1,10.2,,2,False,0,64.0,False,True,True,True,True,True,Unresolved complaint,2026-10-18,48
JIO10062899,Uttar Pradesh East,UPE,North,2025-07-31,13,Prepaid,449,365,294.61,306.48,288.67,1,400.0,210,0,False,11.96,11.71,592,15,realme,True,False,15.7,0.77,36.5,1,1,0.2,,2,True,7,29.4,False,False,False,False,True,True,Device or SIM change,2026-10-04,34
JIO10024030,Rajasthan,RJ,North,2025-04-30,16,Prepaid,299,365,126.51,130.45,115.34,1,386.8,210,3,False,4.66,5.74,514,12,OPPO,True,False,19.1,1.09,48.2,0,0,0.0,,1,False,1,52.0,False,False,False,False,True,True,Dormant / non-recharge,2026-10-28,58
JIO10002336,West Bengal,WB,East,2026-03-31,5,Prepaid,299,84,292.41,302.54,238.23,2,73.5,111,0,False,48.08,46.9,263,9,JioBharat / JioPhone,False,False,6.5,0.07,44.1,2,0,7.3,,2,False,5,69.1,False,False,False,True,True,True,Dormant / non-recharge,2026-10-08,38
JIO10059645,Bihar & Jharkhand,BH,East,2023-05-01,40,Prepaid,349,365,84.96,91.9,77.95,1,325.5,165,1,True,23.19,18.27,172,7,Motorola,False,False,12.7,0.67,99.0,0,0,0.0,,1,False,3,45.2,False,False,False,False,True,True,Competitor offer / price,2026-10-03,33
JIO10014404,Haryana,HR,North,2022-12-30,44,Prepaid,449,365,208.34,171.35,180.77,0,400.0,210,4,False,67.33,68.42,185,12,Xiaomi,True,True,6.1,0.06,51.7,0,0,0.0,,1,True,4,32.4,False,False,False,False,True,True,Competitor offer / price,2026-10-17,47
JIO10059363,Maharashtra & Goa,MH,West,2024-01-30,31,Prepaid,155,365,117.65,125.94,109.24,1,362.9,45,0,False,23.74,21.1,265,8,Xiaomi,False,False,18.1,0.66,47.9,2,0,1.4,,2,False,0,46.7,False,False,False,True,True,True,Unresolved complaint,2026-10-24,54
JIO10042473,Gujarat,GJ,West,2023-07-31,37,Prepaid,299,84,112.69,116.59,128.02,2,99.3,72,2,False,15.83,12.79,507,15,vivo,False,False,10.9,0.71,21.3,3,1,8.7,,2,False,1,26.8,True,False,False,False,True,True,Unresolved complaint,2026-11-01,62
JIO10002860,Bihar & Jharkhand,BH,East,2022-05-31,51,Prepaid,579,84,106.53,128.7,94.98,2,126.5,210,0,False,10.29,11.61,116,9,Tecno,False,False,9.2,0.16,52.9,1,0,3.1,,2,False,1,35.7,False,False,False,False,True,True,Competitor offer / price,2026-10-16,46
JIO10021271,Bihar & Jharkhand,BH,East,2025-09-30,11,Prepaid,349,28,85.41,82.11,75.0,8,37.1,2,0,False,9.13,8.9,291,9,POCO,False,False,16.4,1.54,29.5,0,0,0.0,,1,False,0,12.0,False,False,False,True,True,True,Dormant / non-recharge,2026-10-19,49
JIO10029137,Madhya Pradesh & Chhattisgarh,MP,North,2024-01-30,31,Prepaid,299,365,111.04,105.61,112.78,1,400.0,210,3,False,28.28,16.87,308,12,vivo,False,False,7.3,1.52,29.1,0,0,0.0,,1,False,0,37.0,False,False,False,True,True,True,Competitor offer / price,2026-11-16,77
JIO10025107,North East,NE,East,2024-06-30,26,Prepaid,299,365,230.43,254.74,234.63,1,331.2,210,2,False,27.49,20.51,140,10,Samsung,True,True,9.6,1.38,57.0,1,0,17.9,,1,False,2,46.2,False,True,False,True,True,True,Unresolved complaint,2026-11-12,73
JIO10005459,Madhya Pradesh & Chhattisgarh,MP,North,2024-08-30,24,Prepaid,189,84,163.74,174.82,179.67,2,95.9,210,2,False,7.06,6.59,219,8,Xiaomi,False,False,9.6,2.86,26.8,0,0,0.0,,1,True,3,28.4,False,False,False,True,True,True,Dormant / non-recharge,2026-10-12,42
JIO10005299,Mumbai,MU,West,2023-09-30,35,Prepaid,155,365,152.41,166.94,121.6,1,358.0,210,0,False,40.04,35.79,144,10,JioBharat / JioPhone,False,False,10.8,0.52,22.7,1,0,4.6,,1,False,1,76.8,False,False,False,False,True,True,Dormant / non-recharge,2026-10-25,55
JIO10052346,Uttar Pradesh East,UPE,North,2025-07-31,13,Prepaid,209,28,91.68,93.09,97.53,6,32.4,13,0,False,20.54,24.2,83,11,vivo,False,False,17.7,0.76,31.6,2,1,1.8,,1,False,0,13.0,False,False,False,False,True,True,Competitor offer / price,2026-10-30,60
JIO10045791,Uttar Pradesh East,UPE,North,2024-12-30,20,Prepaid,239,365,114.95,112.25,108.18,1,398.5,135,1,True,61.05,67.63,674,10,Xiaomi,False,False,10.0,0.85,39.5,2,1,2.7,,1,False,6,16.0,False,False,False,True,True,True,Competitor offer / price,2026-11-18,79
JIO10031674,Uttar Pradesh East,UPE,North,2026-03-31,5,Prepaid,155,365,99.59,119.79,91.37,0,400.0,210,1,False,57.83,56.43,1000,12,Samsung,False,False,16.8,0.56,22.4,0,0,0.0,,2,False,0,14.9,False,False,False,True,True,True,Competitor offer / price,2026-10-09,39
JIO10026798,Uttar Pradesh East,UPE,North,2021-11-29,57,Prepaid,299,28,110.14,105.31,102.22,8,21.1,7,0,False,24.42,21.63,157,14,Xiaomi,False,False,11.5,0.43,81.6,0,0,0.0,,1,False,1,10.4,False,False,False,True,True,True,Competitor offer / price,2026-10-24,54
JIO10016247,Uttar Pradesh East,UPE,North,2024-09-29,23,Prepaid,239,365,88.6,105.21,97.5,0,400.0,129,0,False,15.53,12.2,307,8,vivo,False,False,14.5,0.31,42.5,0,0,0.0,,2,False,0,59.3,False,False,False,False,True,True,Dormant / non-recharge,2026-11-26,87
JIO10060781,Andhra Pradesh & Telangana,AP,South,2024-09-29,23,Prepaid,155,84,209.78,189.52,220.71,2,89.7,114,0,False,9.37,6.92,313,10,POCO,True,False,11.8,0.29,22.4,0,0,0.0,,1,False,4,33.7,False,False,False,False,True,True,Network quality,2026-11-04,65
JIO10034196,Bihar & Jharkhand,BH,East,2024-11-29,21,Prepaid,399,365,123.7,126.42,147.6,1,340.4,210,1,True,70.39,84.63,271,12,POCO,False,False,17.5,0.17,21.5,0,0,0.0,,1,False,5,17.8,False,False,False,False,True,True,Dormant / non-recharge,2026-11-28,89
JIO10020530,Uttar Pradesh East,UPE,North,2024-12-30,20,Prepaid,209,28,150.61,165.78,171.23,5,34.7,19,0,True,15.62,13.63,148,12,realme,False,False,9.2,1.01,25.5,1,1,10.4,,2,False,8,37.9,False,False,False,True,True,True,Device or SIM change,2026-11-17,78
JIO10025668,Kerala,KL,South,2026-05-31,3,Prepaid,299,365,157.76,155.88,150.67,1,400.0,138,1,False,36.32,28.44,257,8,JioBharat / JioPhone,False,False,16.3,0.11,18.0,1,1,1.7,,1,True,2,40.0,False,False,False,True,True,True,Network quality,2026-11-15,76
JIO10055474,Madhya Pradesh & Chhattisgarh,MP,North,2024-09-29,23,Prepaid,299,365,75.99,78.0,75.0,1,345.3,59,1,False,13.48,17.01,285,12,vivo,False,False,10.5,1.62,56.1,0,0,0.0,,2,False,0,30.1,False,False,False,True,True,True,Unresolved complaint,2026-11-08,69
JIO10014645,Bihar & Jharkhand,BH,East,2026-05-01,4,Prepaid,209,28,80.55,78.53,94.3,7,28.5,16,2,False,27.23,26.46,87,20,JioBharat / JioPhone,False,False,9.2,0.47,18.0,0,0,0.0,,2,False,1,44.2,True,False,False,False,True,True,Relocation,2026-11-10,71
JIO10033273,Andhra Pradesh & Telangana,AP,South,2021-07-31,61,Prepaid,209,365,148.65,149.63,121.91,1,204.2,210,1,False,12.49,11.5,221,13,OPPO,False,False,10.5,0.55,33.0,0,0,0.0,,1,False,4,16.0,False,False,False,True,True,True,Competitor offer / price,2026-11-04,65
JIO10063758,Karnataka,KA,South,2026-05-31,3,Prepaid,579,365,203.9,206.38,186.0,0,400.0,210,3,False,29.72,23.78,300,10,Motorola,False,False,4.5,0.16,26.7,1,0,8.6,,3,False,4,34.3,False,False,False,False,True,True,Network quality,2026-10-02,32
JIO10012820,Rajasthan,RJ,North,2025-08-30,12,Prepaid,299,28,247.92,262.5,224.71,6,34.0,33,0,False,49.99,50.37,410,13,Xiaomi,True,True,11.2,0.22,62.6,0,0,0.0,,1,False,4,8.1,False,True,False,True,True,True,Unresolved complaint,2026-11-03,64
JIO10022274,Rajasthan,RJ,North,2024-07-31,25,Prepaid,209,84,141.87,122.36,122.6,2,67.0,83,0,False,82.64,99.96,268,12,vivo,True,True,14.2,0.63,26.3,0,0,0.0,,1,False,0,57.0,False,False,False,True,True,True,Unresolved complaint,2026-10-09,39
JIO10015609,Uttar Pradesh West,UPW,North,2024-04-30,28,Prepaid,189,365,247.01,230.96,252.67,0,400.0,210,4,True,53.65,63.47,694,7,OPPO,True,True,7.9,0.75,31.3,0,0,0.0,,1,False,14,24.7,False,False,False,False,True,True,Competitor offer / price,2026-11-16,77
JIO10032618,Madhya Pradesh & Chhattisgarh,MP,North,2023-03-31,41,Prepaid,209,365,92.13,81.08,97.99,0,358.0,210,0,False,52.12,50.15,719,14,Xiaomi,False,False,11.7,0.29,78.5,1,0,4.8,,1,False,2,34.0,False,True,False,True,True,True,Competitor offer / price,2026-11-07,68
JIO10033190,Assam,AS,East,2022-05-31,51,Prepaid,239,84,78.21,78.0,100.47,3,113.1,79,0,False,31.44,34.89,401,10,Xiaomi,True,True,14.3,0.99,28.4,0,0,0.0,,1,False,0,15.5,False,False,False,True,True,True,Device or SIM change,2026-11-21,82
JIO10045748,Andhra Pradesh & Telangana,AP,South,2024-09-29,23,Prepaid,349,84,147.31,164.7,121.9,2,117.0,141,0,False,51.53,58.96,189,16,vivo,False,False,11.4,0.37,56.8,1,0,0.9,,1,False,3,23.3,False,False,False,True,True,True,Competitor offer / price,2026-11-24,85
JIO10010002,Uttar Pradesh West,UPW,North,2020-01-30,79,Prepaid,239,365,126.62,130.63,125.88,1,400.0,210,1,False,22.72,27.59,63,18,OnePlus,True,True,12.9,1.41,71.9,0,0,0.0,,2,False,2,16.7,True,True,False,True,True,True,Competitor offer / price,2026-10-10,40
JIO10062546,Bihar & Jharkhand,BH,East,2023-08-31,36,Prepaid,189,28,75.99,82.1,84.11,7,21.2,39,0,False,41.59,40.43,401,12,Samsung,False,False,22.2,1.28,78.3,1,0,3.8,,2,False,1,34.2,False,False,False,False,True,True,Unresolved complaint,2026-10-29,59
JIO10032674,Gujarat,GJ,West,2025-10-30,10,Prepaid,239,28,160.97,169.38,155.68,7,35.2,47,1,False,35.78,23.32,238,11,Tecno,True,True,12.2,0.95,47.8,1,1,3.0,,1,False,3,50.3,False,False,False,True,True,True,Device or SIM change,2026-11-09,70
JIO10041872,Haryana,HR,North,2025-12-30,8,Prepaid,999,28,109.99,123.08,117.94,7,33.4,26,0,False,16.58,17.9,60,10,Xiaomi,False,False,14.4,0.24,23.5,1,1,3.4,,1,False,0,17.8,False,False,False,True,True,True,Unresolved complaint,2026-11-29,90
JIO10055218,Assam,AS,East,2025-11-30,9,Prepaid,399,56,575.97,611.15,511.25,4,78.5,169,4,False,96.02,96.15,1659,13,Xiaomi,False,False,8.4,0.57,29.6,2,1,6.3,JioAirFiber,2,False,12,51.8,False,False,False,True,True,True,Dormant / non-recharge,2026-11-29,90
JIO10020163,Bihar & Jharkhand,BH,East,2020-09-29,71,Prepaid,189,365,75.99,87.15,75.0,0,326.6,210,0,False,14.4,17.71,321,12,Apple,True,False,12.2,0.13,16.4,0,0,0.0,,2,False,0,21.3,False,False,False,False,True,True,Competitor offer / price,2026-10-19,49
JIO10007756,Madhya Pradesh & Chhattisgarh,MP,North,2023-10-31,34,Prepaid,449,28,193.19,184.16,227.16,7,29.9,44,0,False,48.71,37.2,152,8,Samsung,False,False,9.6,1.57,65.5,2,1,5.4,,1,False,3,15.3,False,False,False,False,True,True,Competitor offer / price,2026-11-07,68
JIO10014533,Madhya Pradesh & Chhattisgarh,MP,North,2022-10-30,46,Prepaid,799,365,119.7,120.3,120.48,0,400.0,210,1,False,23.52,22.75,217,3,vivo,False,False,10.2,1.03,45.7,1,1,6.8,,3,False,2,11.9,False,False,False,True,True,True,Competitor offer / price,2026-11-21,82
JIO10030065,Bihar & Jharkhand,BH,East,2024-04-30,28,Prepaid,799,365,228.95,226.0,222.05,0,400.0,210,1,False,14.37,13.72,258,8,Samsung,True,False,14.7,0.76,39.8,0,0,0.0,,1,False,5,22.7,False,False,False,True,True,True,Unresolved complaint,2026-10-31,61
JIO10034973,Karnataka,KA,South,2024-05-31,27,Prepaid,999,365,205.98,218.04,234.69,1,400.0,210,1,False,126.34,117.68,226,15,Xiaomi,True,True,13.8,0.74,15.9,0,0,0.0,,1,False,8,5.2,False,True,False,False,True,True,Competitor offer / price,2026-11-13,74
JIO10054352,Haryana,HR,North,2024-06-30,26,Prepaid,349,84,182.1,170.58,141.43,2,87.3,81,0,False,15.63,16.52,79,10,OPPO,False,False,6.3,0.4,51.2,1,1,5.7,,1,False,6,33.6,False,False,False,True,True,True,Unresolved complaint,2026-10-24,54
JIO10029212,West Bengal,WB,East,2022-10-30,46,Prepaid,299,84,207.28,178.86,212.7,2,80.3,210,1,False,86.78,97.65,302,9,Apple,True,True,17.8,0.21,67.0,0,0,0.0,,1,False,7,46.9,False,True,False,True,True,True,Network quality,2026-11-11,72
JIO10019834,Andhra Pradesh & Telangana,AP,South,2024-07-31,25,Prepaid,155,28,127.3,124.49,119.37,7,33.3,82,0,False,22.44,16.97,422,13,JioBharat / JioPhone,False,False,12.8,0.91,35.8,3,0,7.4,,1,False,0,24.6,True,False,False,False,True,True,Network quality,2026-10-05,35
JIO10064031,Gujarat,GJ,West,2026-05-31,3,Prepaid,189,56,126.59,125.48,142.15,3,58.3,96,2,False,58.02,64.3,296,20,vivo,True,True,12.0,1.32,64.3,0,0,0.0,,1,False,4,53.8,False,True,True,True,True,True,Device or SIM change,2026-11-17,78
JIO10001230,Tamil Nadu,TN,South,2023-10-31,34,Prepaid,155,365,155.42,142.07,164.33,1,327.9,210,1,False,79.46,56.69,449,17,JioBharat / JioPhone,False,False,1.8,1.6,50.1,1,1,8.3,,1,False,3,34.6,False,True,False,True,True,True,Competitor offer / price,2026-11-02,63
JIO10024367,Bihar & Jharkhand,BH,East,2025-06-30,14,Prepaid,399,365,117.61,125.59,127.63,0,400.0,210,1,False,22.61,21.25,320,13,POCO,False,False,21.6,1.07,11.9,0,0,0.0,,2,False,0,32.4,False,False,False,True,True,True,Dormant / non-recharge,2026-10-14,44
JIO10022881,Uttar Pradesh East,UPE,North,2025-05-31,15,Prepaid,239,365,200.76,209.5,252.51,1,400.0,124,3,False,25.52,25.87,744,10,vivo,True,False,7.2,0.34,53.9,0,0,0.0,,2,False,2,1.5,True,False,False,False,True,True,Network quality,2026-10-21,51
JIO10040373,Madhya Pradesh & Chhattisgarh,MP,North,2021-08-30,60,Prepaid,155,365,84.03,79.37,81.42,1,400.0,210,1,False,8.04,9.29,253,12,Samsung,False,False,11.3,0.25,46.4,2,1,2.5,,1,False,0,5.1,True,True,False,False,True,True,Competitor offer / price,2026-10-20,50
JIO10023481,Bihar & Jharkhand,BH,East,2024-11-29,21,Prepaid,579,56,102.12,95.41,87.96,3,35.8,27,0,False,5.87,6.34,247,7,realme,False,False,7.3,0.46,25.9,2,1,8.7,,1,False,0,9.4,False,True,False,True,True,True,Unresolved complaint,2026-10-16,46
JIO10030813,Madhya Pradesh & Chhattisgarh,MP,North,2019-08-31,84,Postpaid,299,30,484.8,455.44,374.13,6,30.9,30,0,False,26.19,24.14,480,8,OnePlus,True,False,12.5,0.14,66.1,1,1,2.5,JioFiber,2,False,14,27.1,False,False,False,False,True,True,Unresolved complaint,2026-10-26,56
JIO10006617,Bihar & Jharkhand,BH,East,2025-07-31,13,Prepaid,299,56,75.99,82.29,75.0,4,73.9,28,0,False,17.84,22.04,230,6,POCO,False,False,8.2,0.14,36.7,1,1,2.4,,2,False,0,28.0,False,False,False,True,True,True,Competitor offer / price,2026-11-11,72
JIO10011024,West Bengal,WB,East,2025-01-29,19,Prepaid,349,28,190.0,181.13,161.81,7,28.7,109,2,False,20.16,19.18,468,8,Xiaomi,True,False,14.5,0.64,42.4,1,1,3.8,,1,False,1,53.7,False,False,False,False,True,True,Dormant / non-recharge,2026-11-07,68
JIO10022605,Madhya Pradesh & Chhattisgarh,MP,North,2026-03-01,6,Prepaid,155,56,75.99,78.0,75.0,3,48.5,53,0,False,2.76,2.62,389,12,realme,False,False,16.2,1.01,45.2,1,0,1.5,,1,False,0,58.8,False,False,False,True,True,True,Network quality,2026-11-07,68
JIO10053959,Punjab,PB,North,2021-10-30,58,Prepaid,209,28,365.64,317.9,366.52,8,25.2,13,1,False,11.5,12.31,284,8,vivo,False,False,9.9,0.51,76.4,1,0,0.7,,1,False,8,30.8,False,False,False,False,True,True,Competitor offer / price,2026-10-05,35
JIO10030022,Madhya Pradesh & Chhattisgarh,MP,North,2025-10-30,10,Prepaid,189,365,153.31,159.21,152.07,0,309.1,210,1,False,132.79,146.17,297,12,Xiaomi,False,False,6.5,0.82,57.5,2,0,0.7,,1,True,1,44.7,False,False,False,True,True,True,Relocation,2026-10-31,61
JIO10053702,Karnataka,KA,South,2025-11-30,9,Prepaid,299,28,155.63,141.85,206.45,7,28.3,23,0,False,24.53,24.36,552,7,vivo,True,False,13.5,0.61,8.0,1,1,2.4,,1,False,2,22.0,False,True,True,True,True,True,Competitor offer / price,2026-11-24,85
JIO10060174,Punjab,PB,North,2026-05-31,3,Prepaid,449,365,127.78,151.38,100.23,0,264.8,210,1,False,14.15,12.9,175,8,realme,False,False,7.7,1.2,29.1,0,0,0.0,,1,True,0,26.2,True,False,False,True,True,True,Unresolved complaint,2026-11-09,70
JIO10024558,Odisha,OR,East,2025-07-31,13,Prepaid,239,365,233.4,245.13,201.02,0,341.9,210,1,False,78.69,93.72,59,19,Apple,True,False,12.5,0.71,32.1,0,0,0.0,,1,False,7,9.9,False,False,False,False,True,True,Network quality,2026-11-14,75
JIO10052173,Gujarat,GJ,West,2025-07-31,13,Prepaid,799,365,92.68,114.2,81.32,0,272.9,136,2,False,2.27,1.85,382,9,OPPO,False,False,10.8,1.31,18.3,0,0,0.0,,1,False,1,12.0,False,False,False,True,True,True,Competitor offer / price,2026-11-01,62
JIO10056113,Andhra Pradesh & Telangana,AP,South,2021-05-31,63,Prepaid,799,28,261.31,283.49,266.21,7,23.3,22,0,False,8.26,7.52,145,13,realme,True,False,18.4,0.47,32.1,1,1,1.3,,2,True,3,37.9,False,False,False,True,True,True,Device or SIM change,2026-10-02,32
JIO10011065,Karnataka,KA,South,2026-03-01,6,Prepaid,299,84,100.08,90.75,75.0,1,96.8,51,0,True,5.38,5.49,337,18,Xiaomi,False,False,12.9,0.57,10.9,2,1,10.1,,2,False,6,30.8,False,False,False,True,True,True,Competitor offer / price,2026-11-19,80
JIO10057501,Andhra Pradesh & Telangana,AP,South,2025-09-30,11,Prepaid,239,365,159.6,173.67,154.37,1,338.1,152,1,True,43.73,53.95,466,17,Samsung,True,True,16.7,0.45,43.7,1,1,3.7,JioFiber,2,False,3,47.6,True,False,False,True,True,True,Network quality,2026-10-28,58
JIO10002545,Gujarat,GJ,West,2026-05-31,3,Prepaid,799,28,93.97,81.73,90.79,6,26.0,5,1,False,3.63,3.37,178,9,vivo,False,False,14.7,0.21,41.0,0,0,0.0,,1,False,0,29.1,False,False,False,False,True,True,Competitor offer / price,2026-10-24,54
JIO10019850,Haryana,HR,North,2024-12-30,20,Prepaid,239,365,112.75,108.02,124.0,1,400.0,210,1,False,9.85,9.26,407,12,Tecno,False,False,13.4,0.29,42.6,1,0,2.3,,1,False,1,17.6,False,False,False,False,True,True,Relocation,2026-10-23,53
JIO10001532,Andhra Pradesh & Telangana,AP,South,2023-11-30,33,Prepaid,209,365,75.99,78.0,84.38,1,400.0,210,2,False,11.9,15.17,221,10,Samsung,False,False,24.9,0.16,43.1,0,0,0.0,JioFiber,2,False,0,46.9,False,False,False,True,True,True,Competitor offer / price,2026-10-30,60
JIO10007197,Bihar & Jharkhand,BH,East,2022-07-31,49,Prepaid,3599,365,151.76,157.1,136.26,0,340.0,210,1,False,78.66,87.21,506,12,Samsung,True,False,5.4,0.45,55.4,1,1,2.0,,1,False,1,19.0,False,False,False,True,True,True,Competitor offer / price,2026-11-27,88
JIO10049738,Uttar Pradesh East,UPE,North,2020-09-29,71,Prepaid,155,365,181.77,182.12,191.11,1,353.2,210,1,False,82.7,81.07,435,15,Samsung,False,False,8.7,1.75,46.7,3,2,8.5,,1,False,5,17.6,False,False,False,False,True,True,Competitor offer / price,2026-10-27,57
JIO10017836,Rajasthan,RJ,North,2022-03-31,53,Prepaid,299,365,127.65,122.74,131.6,1,400.0,210,1,True,13.79,14.58,55,18,JioBharat / JioPhone,False,False,14.7,0.89,50.4,2,0,6.0,,1,False,6,30.5,False,False,False,False,True,True,Dormant / non-recharge,2026-11-22,83
JIO10023958,Bihar & Jharkhand,BH,East,2024-02-29,30,Prepaid,349,28,75.99,84.24,75.56,7,37.9,29,0,False,18.8,23.02,273,18,Xiaomi,False,False,15.4,0.44,55.1,0,0,0.0,,1,False,3,29.4,True,True,False,True,True,True,Billing dispute,2026-10-18,48
JIO10046225,Madhya Pradesh & Chhattisgarh,MP,North,2024-11-29,21,Prepaid,399,365,193.37,210.74,196.16,0,400.0,129,4,False,11.56,10.09,150,9,Samsung,False,False,10.3,2.19,22.8,0,0,0.0,,2,True,5,40.1,False,False,False,True,True,True,Dormant / non-recharge,2026-11-08,69
JIO10000077,Assam,AS,East,2025-03-01,18,Prepaid,155,365,127.64,131.46,124.61,0,400.0,181,1,False,6.09,4.77,217,16,Samsung,True,False,16.6,0.16,64.0,1,1,1.4,,1,True,1,29.3,False,False,False,True,True,True,Competitor offer / price,2026-11-03,64
JIO10063987,Bihar & Jharkhand,BH,East,2024-02-29,30,Postpaid,299,30,147.03,163.19,150.7,6,36.3,50,0,False,5.84,6.51,157,5,realme,False,False,9.5,1.93,88.4,0,0,0.0,,1,False,1,36.2,True,False,False,True,True,True,Competitor offer / price,2026-10-05,35
JIO10041805,Tamil Nadu,TN,South,2020-10-30,70,Prepaid,189,84,89.33,84.34,87.47,2,99.5,134,0,True,37.79,29.46,131,12,OPPO,False,False,20.0,1.16,30.8,2,1,2.1,,2,False,1,22.7,False,False,False,False,True,True,Network quality,2026-11-14,75
JIO10045852,Bihar & Jharkhand,BH,East,2023-07-31,37,Prepaid,155,365,122.64,138.26,150.85,1,400.0,210,0,False,16.12,17.86,237,8,JioBharat / JioPhone,False,False,11.9,0.51,49.5,2,0,7.4,,1,False,2,28.9,False,False,False,False,True,True,Competitor offer / price,2026-11-25,86
JIO10008542,Maharashtra & Goa,MH,West,2023-12-30,32,Prepaid,155,56,136.61,157.77,99.03,2,43.2,58,0,False,53.43,64.37,756,8,JioBharat / JioPhone,False,False,17.5,0.01,13.6,0,0,0.0,,2,False,3,56.1,False,False,False,True,True,True,Competitor offer / price,2026-10-02,32
JIO10003690,Tamil Nadu,TN,South,2025-01-29,19,Prepaid,189,365,127.65,125.33,128.99,0,373.0,207,2,False,8.37,8.07,154,6,POCO,False,False,11.5,0.42,20.4,0,0,0.0,,1,False,2,39.6,False,False,False,True,True,True,Competitor offer / price,2026-11-21,82
JIO10055047,Uttar Pradesh East,UPE,North,2023-03-31,41,Prepaid,579,84,120.39,110.88,144.66,2,94.3,135,1,False,16.5,12.76,140,15,OnePlus,True,True,19.6,4.02,9.4,1,0,3.1,,1,False,5,48.7,False,False,False,True,True,True,Competitor offer / price,2026-11-05,66
JIO10035990,Punjab,PB,North,2024-08-30,24,Prepaid,449,365,174.63,178.33,144.67,1,400.0,210,2,False,33.92,38.92,180,14,POCO,False,False,20.6,0.71,29.7,1,0,2.2,,1,False,6,21.8,False,False,False,True,True,True,Competitor offer / price,2026-11-11,72
JIO10028731,Uttar Pradesh East,UPE,North,2026-01-29,7,Prepaid,155,28,195.2,207.73,194.44,5,27.1,37,1,False,35.33,41.13,375,11,Apple,False,False,9.1,0.73,43.3,2,0,6.1,,1,False,2,50.8,False,False,False,False,True,True,Relocation,2026-11-03,64
JIO10064700,Gujarat,GJ,West,2025-07-31,13,Prepaid,189,365,113.4,110.46,125.94,0,400.0,210,2,True,42.44,39.68,459,12,Xiaomi,True,True,14.8,0.58,65.4,2,0,5.1,,1,False,6,31.5,False,False,False,False,True,True,Competitor offer / price,2026-10-07,37
JIO10037034,Uttar Pradesh East,UPE,North,2023-07-31,37,Prepaid,399,56,162.69,195.65,162.89,4,85.6,66,0,False,21.08,21.63,488,10,OnePlus,False,False,2.3,1.57,17.0,2,0,4.1,,1,False,3,10.7,False,False,False,True,True,True,Competitor offer / price,2026-10-13,43
JIO10049164,North East,NE,East,2026-07-01,2,Prepaid,349,365,119.16,112.52,116.62,1,400.0,210,1,False,42.34,53.92,379,10,JioBharat / JioPhone,False,False,15.5,0.53,24.3,0,0,0.0,,1,False,0,18.9,False,True,True,True,True,True,Unresolved complaint,2026-10-23,53
JIO10027052,Uttar Pradesh East,UPE,North,2024-12-30,20,Prepaid,399,56,75.99,78.47,75.96,3,69.4,16,0,False,5.56,5.81,207,6,Xiaomi,False,False,9.5,0.32,74.6,1,0,2.2,,1,False,0,40.7,False,True,False,True,True,True,Network quality,2026-10-12,42
JIO10050573,Odisha,OR,East,2023-07-01,38,Prepaid,449,365,115.24,114.05,138.42,0,376.8,210,0,False,19.03,18.48,52,13,vivo,False,False,14.0,0.56,23.2,1,0,3.9,,2,False,1,22.1,False,False,False,True,True,True,Network quality,2026-10-06,36
JIO10015505,Bihar & Jharkhand,BH,East,2026-01-29,7,Prepaid,209,84,137.52,119.68,123.09,2,68.0,8,0,False,34.35,36.41,273,8,realme,True,True,7.1,0.37,71.8,3,2,2.1,,1,False,3,42.3,False,False,False,False,True,True,Unresolved complaint,2026-11-08,69
JIO10063461,Madhya Pradesh & Chhattisgarh,MP,North,2025-07-31,13,Prepaid,799,84,256.31,259.57,209.08,2,92.6,165,0,False,29.54,31.26,418,4,Samsung,True,True,15.1,0.32,31.5,3,2,10.8,,1,False,8,12.4,False,False,False,True,True,True,Unresolved complaint,2026-10-29,59
JIO10049238,Uttar Pradesh East,UPE,North,2024-04-30,28,Prepaid,239,28,111.32,116.89,91.06,6,28.1,13,0,False,26.8,24.99,380,10,Motorola,False,False,22.4,0.4,73.1,1,0,9.7,,1,False,3,53.1,False,True,True,True,True,True,Competitor offer / price,2026-11-05,66
JIO10057677,Uttar Pradesh West,UPW,North,2021-09-30,59,Prepaid,239,84,96.03,90.2,99.92,2,87.0,49,2,False,45.31,42.22,58,10,Xiaomi,False,False,13.9,1.27,36.9,2,2,2.4,,2,False,0,39.1,False,True,False,False,True,True,Unresolved complaint,2026-11-04,65
JIO10037627,Karnataka,KA,South,2023-08-31,36,Prepaid,449,365,148.12,147.14,143.7,1,381.9,210,2,False,79.23,93.73,188,14,Xiaomi,True,True,5.7,0.01,14.3,1,0,3.5,,2,False,2,37.7,False,False,False,True,True,True,Unresolved complaint,2026-10-19,49
JIO10031507,Rajasthan,RJ,North,2024-12-30,20,Prepaid,189,365,103.06,101.85,115.7,0,349.6,148,0,False,54.98,44.67,203,6,Samsung,False,False,12.7,0.15,67.5,1,1,3.9,,1,False,0,16.2,False,True,False,False,True,True,Relocation,2026-11-22,83
JIO10018406,Tamil Nadu,TN,South,2024-12-30,20,Prepaid,189,365,117.76,109.07,125.61,0,386.1,210,0,False,4.56,7.08,128,9,Samsung,False,False,20.8,0.47,9.0,1,0,6.2,,1,False,1,28.0,False,False,False,True,True,True,Relocation,2026-10-07,37
JIO10031457,West Bengal,WB,East,2023-07-31,37,Prepaid,299,365,96.99,94.93,88.96,0,296.0,210,2,False,54.9,50.13,93,9,POCO,False,False,10.2,0.3,35.0,0,0,0.0,,1,True,0,30.7,False,False,False,True,True,True,Competitor offer / price,2026-11-29,90
JIO10037355,Maharashtra & Goa,MH,West,2025-03-31,17,Prepaid,239,28,138.82,135.5,132.26,5,33.0,29,1,False,10.63,8.57,136,12,JioBharat / JioPhone,False,False,3.8,1.02,21.7,0,0,0.0,,1,False,1,30.1,False,True,False,False,True,True,Billing dispute,2026-11-28,89
JIO10012707,Karnataka,KA,South,2024-04-30,28,Prepaid,299,365,207.56,182.0,198.12,1,355.6,161,1,False,49.49,56.26,141,7,vivo,True,True,8.5,0.25,2.3,1,0,5.9,,1,False,5,39.3,True,False,False,True,True,True,Dormant / non-recharge,2026-10-11,41
JIO10003916,Uttar Pradesh East,UPE,North,2026-03-01,6,Prepaid,349,28,89.21,90.75,79.52,3,36.5,14,0,False,24.8,22.18,263,8,Samsung,False,False,10.5,2.16,31.2,0,0,0.0,,1,False,0,40.3,False,False,False,False,True,True,Unresolved complaint,2026-11-07,68
JIO10009104,Assam,AS,East,2025-09-30,11,Prepaid,155,365,199.68,206.26,187.84,1,400.0,210,1,False,13.01,11.08,282,8,Samsung,True,True,11.9,0.57,61.2,1,0,8.0,,1,False,2,16.3,False,False,False,False,True,True,Dormant / non-recharge,2026-11-24,85
JIO10011118,Madhya Pradesh & Chhattisgarh,MP,North,2023-01-30,43,Prepaid,349,84,209.28,177.74,246.52,1,85.7,55,0,False,29.09,24.23,138,21,OPPO,False,False,3.8,0.22,59.5,2,0,1.2,,1,False,6,59.5,False,False,False,False,True,True,Unresolved complaint,2026-11-11,72
JIO10022857,Bihar & Jharkhand,BH,East,2024-11-29,21,Prepaid,579,365,163.05,151.6,140.61,1,330.9,210,1,False,31.6,38.93,391,19,vivo,False,False,10.9,0.77,42.4,1,1,2.8,,2,False,6,16.0,False,True,False,True,True,True,Competitor offer / price,2026-10-07,37
JIO10008008,Assam,AS,East,2024-12-30,20,Prepaid,239,365,242.65,257.82,275.28,1,400.0,210,3,False,123.13,153.35,472,12,vivo,True,True,12.1,1.71,47.8,1,0,1.8,,1,True,5,46.7,False,False,False,False,True,True,Dormant / non-recharge,2026-11-13,74
JIO10021246,Gujarat,GJ,West,2024-06-30,26,Prepaid,399,365,133.95,134.33,136.47,1,387.7,210,0,True,21.92,22.73,197,15,vivo,False,False,14.2,0.97,34.3,0,0,0.0,,2,False,6,38.3,False,False,False,True,True,True,Competitor offer / price,2026-10-15,45
JIO10016078,Bihar & Jharkhand,BH,East,2025-07-31,13,Prepaid,299,365,126.82,125.9,127.43,0,400.0,167,0,False,31.18,37.58,120,18,vivo,False,False,14.3,0.32,63.2,1,0,2.7,,1,False,1,39.6,False,False,False,True,True,True,Dormant / non-recharge,2026-11-06,67
JIO10040877,Uttar Pradesh West,UPW,North,2023-12-30,32,Prepaid,155,365,143.91,134.68,143.51,0,400.0,171,2,False,35.49,35.38,166,15,Motorola,True,False,12.5,0.86,67.5,1,1,5.2,,1,False,3,35.7,False,False,False,True,True,True,Unresolved complaint,2026-10-29,59
JIO10013617,Tamil Nadu,TN,South,2025-03-31,17,Prepaid,579,84,135.62,132.14,149.47,2,99.1,21,3,False,38.1,32.2,121,11,OPPO,True,False,13.8,0.06,26.9,1,0,2.5,,1,False,0,24.4,False,False,False,True,True,True,Dormant / non-recharge,2026-10-23,53
JIO10055876,Uttar Pradesh East,UPE,North,2025-03-01,18,Prepaid,189,365,243.73,266.3,200.57,0,400.0,210,1,False,15.04,13.4,215,10,POCO,False,False,9.5,1.03,38.8,1,0,3.3,JioFiber,3,False,4,43.7,False,False,False,True,True,True,Competitor offer / price,2026-11-12,73
JIO10039720,Tamil Nadu,TN,South,2022-11-30,45,Prepaid,239,28,144.04,158.48,110.83,6,34.4,11,1,False,7.1,6.63,273,8,OnePlus,False,False,8.4,0.32,6.9,2,1,0.5,,1,False,2,42.0,True,False,False,True,True,True,Competitor offer / price,2026-11-11,72
JIO10056097,Haryana,HR,North,2026-05-31,3,Prepaid,209,365,153.59,176.0,126.79,0,400.0,210,0,False,8.9,9.2,567,13,POCO,False,False,12.2,0.9,19.3,1,0,2.3,,1,False,1,19.9,False,False,False,True,True,True,Network quality,2026-10-01,31
JIO10000422,Kerala,KL,South,2023-01-30,43,Prepaid,209,365,115.8,107.1,121.72,0,400.0,210,3,False,84.62,97.3,354,10,Xiaomi,True,True,5.4,0.41,28.6,1,0,5.6,,1,False,0,36.9,False,False,False,True,True,True,Competitor offer / price,2026-11-23,84
JIO10016602,Kerala,KL,South,2025-03-01,18,Prepaid,579,365,161.45,171.22,181.95,0,324.9,210,2,False,4.22,4.53,425,11,Xiaomi,False,False,10.9,0.65,65.5,1,0,5.2,,1,False,0,10.7,False,False,False,True,True,True,Competitor offer / price,2026-11-14,75
JIO10009511,Uttar Pradesh East,UPE,North,2024-08-30,24,Prepaid,155,56,75.99,78.0,75.0,4,52.6,32,0,False,12.58,13.79,298,10,Samsung,False,False,14.5,0.45,31.9,1,0,10.6,,1,False,1,37.2,False,False,False,True,True,True,Competitor offer / price,2026-10-27,57
JIO10020533,Uttar Pradesh East,UPE,North,2022-12-30,44,Prepaid,299,365,81.03,78.0,75.0,1,374.3,210,0,True,5.95,5.43,82,9,vivo,False,False,18.9,0.43,80.4,0,0,0.0,,2,False,3,38.4,False,False,False,False,True,True,Network quality,2026-10-22,52
JIO10001180,Bihar & Jharkhand,BH,East,2023-12-30,32,Prepaid,579,365,218.93,230.0,205.83,1,357.0,210,0,False,21.59,24.18,142,13,POCO,True,True,12.4,2.24,24.9,0,0,0.0,,1,False,9,20.3,True,False,False,True,True,True,Unresolved complaint,2026-11-09,70
JIO10011687,Tamil Nadu,TN,South,2024-08-30,24,Postpaid,599,30,249.24,240.84,234.27,6,26.5,8,1,True,40.35,37.14,521,9,OnePlus,False,False,8.5,0.55,44.1,1,1,7.8,,1,False,12,43.1,False,False,False,True,True,True,Dormant / non-recharge,2026-10-06,36
JIO10018637,Uttar Pradesh West,UPW,North,2026-07-01,2,Prepaid,579,28,159.67,151.27,140.28,8,30.0,20,0,False,19.55,19.56,331,10,Motorola,True,True,8.2,0.53,41.8,1,1,2.5,,1,True,3,60.6,False,False,False,False,True,True,Unresolved complaint,2026-10-07,37
JIO10015286,Bihar & Jharkhand,BH,East,2025-07-31,13,Prepaid,189,365,237.83,276.05,206.13,1,400.0,170,0,False,86.27,88.0,469,9,OPPO,True,True,12.4,1.36,27.9,0,0,0.0,,1,False,6,40.7,False,False,False,True,True,True,Dormant / non-recharge,2026-10-20,50
JIO10036671,Tamil Nadu,TN,South,2025-03-31,17,Prepaid,155,84,108.28,98.27,100.78,2,62.1,112,1,False,59.3,43.29,653,6,vivo,False,False,10.3,0.52,38.5,0,0,0.0,,3,False,1,14.1,False,True,True,True,True,True,Dormant / non-recharge,2026-10-18,48
JIO10052020,Punjab,PB,North,2019-03-31,89,Prepaid,999,365,326.33,310.4,299.53,1,400.0,195,1,True,3.35,2.69,358,14,JioBharat / JioPhone,False,False,14.1,1.57,65.5,2,1,3.8,,2,False,18,17.1,False,False,False,True,True,True,Relocation,2026-11-19,80
JIO10027093,West Bengal,WB,East,2025-09-30,11,Prepaid,349,365,83.71,78.0,85.66,0,296.8,155,0,False,5.0,5.02,211,11,vivo,False,False,17.0,0.52,21.7,0,0,0.0,,1,True,1,66.7,True,False,False,True,True,True,Device or SIM change,2026-10-13,43
JIO10008367,Maharashtra & Goa,MH,West,2026-05-01,4,Prepaid,349,84,278.65,306.71,285.49,2,88.7,86,1,False,124.62,87.22,449,17,vivo,True,True,5.6,0.25,31.2,1,0,6.8,,1,False,7,21.2,False,False,False,True,True,True,Competitor offer / price,2026-10-25,55
JIO10041621,Uttar Pradesh East,UPE,North,2025-05-31,15,Prepaid,349,365,90.63,91.38,100.11,0,368.0,192,1,True,52.06,56.77,317,14,Xiaomi,True,True,12.8,1.23,49.7,2,1,4.4,,1,False,7,33.0,False,False,False,True,True,True,Network quality,2026-10-15,45
JIO10041043,Andhra Pradesh & Telangana,AP,South,2024-11-29,21,Prepaid,189,365,180.99,182.95,125.43,1,332.2,210,2,False,10.72,12.47,131,13,Xiaomi,True,True,7.7,1.07,8.5,0,0,0.0,JioFiber,2,False,6,34.1,False,True,False,False,True,True,Competitor offer / price,2026-10-09,39
JIO10060638,Andhra Pradesh & Telangana,AP,South,2024-08-30,24,Prepaid,349,365,133.38,122.62,133.09,1,335.0,144,1,False,82.54,98.21,390,9,Samsung,False,False,11.8,1.0,31.4,1,0,1.5,,1,False,1,43.0,False,False,False,False,True,True,Competitor offer / price,2026-10-23,53
JIO10011861,Madhya Pradesh & Chhattisgarh,MP,North,2023-12-30,32,Prepaid,579,84,198.2,203.99,206.73,2,105.4,127,0,False,14.36,15.49,151,12,Samsung,False,False,10.7,1.23,65.4,0,0,0.0,JioFiber,2,False,7,16.9,False,True,False,False,True,True,Unresolved complaint,2026-10-25,55
JIO10000593,Maharashtra & Goa,MH,West,2026-03-01,6,Prepaid,349,84,118.98,129.33,119.51,2,103.8,41,1,True,26.97,29.51,332,7,Apple,False,False,10.8,0.37,56.6,3,2,5.3,,1,True,11,32.4,False,False,False,True,True,True,Competitor offer / price,2026-11-12,73
JIO10028797,Uttar Pradesh West,UPW,North,2026-05-01,4,Prepaid,299,365,160.85,153.49,170.36,0,398.0,210,0,False,22.23,18.01,777,18,vivo,False,False,10.0,1.52,39.2,0,0,0.0,,1,False,8,40.2,False,False,False,False,True,True,Network quality,2026-10-14,44
JIO10049996,Uttar Pradesh West,UPW,North,2026-03-01,6,Prepaid,239,28,180.4,168.48,193.26,5,37.0,28,0,False,27.95,31.12,138,14,vivo,True,True,19.1,2.31,80.5,0,0,0.0,,1,False,6,21.8,False,False,False,True,True,True,Competitor offer / price,2026-11-16,77
JIO10042747,Madhya Pradesh & Chhattisgarh,MP,North,2024-05-31,27,Prepaid,155,365,82.48,78.0,75.0,0,400.0,210,1,True,23.65,23.47,205,20,Apple,False,False,13.8,0.93,35.6,0,0,0.0,,2,False,4,34.1,False,False,False,True,True,True,Competitor offer / price,2026-11-29,90
JIO10003115,Mumbai,MU,West,2023-09-30,35,Prepaid,349,365,130.26,120.27,116.18,1,369.0,210,3,False,44.99,57.01,465,13,vivo,True,True,17.2,0.66,24.1,0,0,0.0,,2,False,2,19.7,False,False,False,False,True,True,Dormant / non-recharge,2026-10-27,57
JIO10007621,Karnataka,KA,South,2025-03-01,18,Prepaid,349,365,181.29,165.09,237.66,1,278.3,210,2,False,69.73,78.09,36,14,Samsung,True,True,10.4,1.42,31.4,1,0,8.7,,1,False,2,28.7,False,False,False,True,True,True,Network quality,2026-10-29,59
JIO10008217,Andhra Pradesh & Telangana,AP,South,2021-07-31,61,Prepaid,579,84,174.28,162.82,197.02,2,96.3,210,1,False,39.98,37.84,134,9,Samsung,False,False,16.6,0.51,44.1,1,0,0.7,,1,False,6,60.6,True,True,True,False,True,True,Dormant / non-recharge,2026-11-06,67
