subscriber_id,circle,churn_risk_score,monthly_value_basis_inr,revenue_proxy_12m_inr,customer_value_band,risk_percentile,value_percentile,risk_value_priority_score,risk_rank,risk_decile,retention_priority_segment,churn_flag_30d,churn_flag_90d,overall_priority_rank
JIO10063363,Uttar Pradesh East,0.88652910602937,615.8,7389.599999999999,High Value,0.9797491426982606,0.9894497821990176,96.94125758524682,1312.0,1,Priority 1 - High Risk / High Value,1,1,1
JIO10058093,Uttar Pradesh West,0.8093244816360625,764.51,9174.12,High Value,0.9613364639006456,0.9968024962155149,95.82625869191598,2504.0,1,Priority 1 - High Risk / High Value,1,1,2
JIO10012996,Bihar & Jharkhand,0.9395073413684231,462.68,5552.16,High Value,0.9926627328616886,0.962618554790077,95.5555565301287,476.0,1,Priority 1 - High Risk / High Value,1,1,3
JIO10007758,Uttar Pradesh East,0.7538053896865995,738.75,8865.0,High Value,0.9476968704624795,0.995999258549847,94.39053803106401,3387.0,1,Priority 1 - High Risk / High Value,0,0,4
JIO10060747,Uttar Pradesh East,0.8835558244473406,456.98,5483.76,High Value,0.9789922456671507,0.9604868856004202,94.0309213067803,1361.0,1,Priority 1 - High Risk / High Value,0,0,5
JIO10064631,Maharashtra & Goa,0.8315079298184473,497.68,5972.16,High Value,0.966387593067441,0.9725354505854367,93.98461932640194,2177.0,1,Priority 1 - High Risk / High Value,0,1,6
JIO10062294,Uttar Pradesh East,0.784998700472449,548.41,6580.92,High Value,0.9552349470172078,0.98217430257345,93.82072178804125,2899.0,1,Priority 1 - High Risk / High Value,1,1,7
JIO10014748,Rajasthan,0.7538360963707111,600.72,7208.64,High Value,0.9477123173406654,0.9882758194568878,93.66011670292322,3386.0,1,Priority 1 - High Risk / High Value,0,0,8
JIO10059854,Uttar Pradesh West,0.8993621351110163,436.48,5237.76,High Value,0.9830856683864191,0.9523154870400692,93.62077070915247,1096.0,1,Priority 1 - High Risk / High Value,0,1,9
JIO10048319,Odisha,0.893050268069734,437.35,5248.200000000001,High Value,0.9815409805678272,0.9526707652383454,93.50853970703479,1196.0,1,Priority 1 - High Risk / High Value,0,0,10
JIO10061923,Uttar Pradesh West,0.9248242907604896,400.64,4807.68,High Value,0.9893879946862739,0.9345824708826346,92.46646767355128,688.0,1,Priority 1 - High Risk / High Value,0,1,11
JIO10012186,Bihar & Jharkhand,0.7736123736804184,473.19,5678.28,High Value,0.9522845932836974,0.9661018258210016,92.000388427259,3090.0,1,Priority 1 - High Risk / High Value,0,0,12
JIO10014575,Punjab,0.770583905069258,473.44,5681.28,High Value,0.9515122493744015,0.9661404430164664,91.92944661461787,3140.0,1,Priority 1 - High Risk / High Value,0,0,13
JIO10041064,Tamil Nadu,0.7129215778835385,512.71,6152.52,High Value,0.93811980598721,0.9759955512990824,91.56007572290753,4007.0,1,Priority 1 - High Risk / High Value,0,0,14
JIO10041563,Madhya Pradesh & Chhattisgarh,0.7148442918038319,508.05,6096.6,High Value,0.9386758936019031,0.974752077605116,91.49762774862937,3971.0,1,Priority 1 - High Risk / High Value,0,1,15
JIO10005634,Uttar Pradesh East,0.902085966690699,391.37,4696.4400000000005,High Value,0.9837189903920418,0.9288594025147517,91.37366336579667,1055.0,1,Priority 1 - High Risk / High Value,0,1,16
JIO10011315,Kerala,0.7168858478645124,498.47,5981.64,High Value,0.9392937687293398,0.9726281318545522,91.35835435418396,3931.0,1,Priority 1 - High Risk / High Value,0,0,17
JIO10036919,Uttar Pradesh West,0.8589991349605236,408.54,4902.4800000000005,High Value,0.9729061756618987,0.93887670301832,91.3438942551606,1755.0,1,Priority 1 - High Risk / High Value,0,1,18
JIO10047398,Uttar Pradesh East,0.8357239930995833,418.76,5025.12,High Value,0.9674843214186413,0.9440127900151379,91.3317573558314,2106.0,1,Priority 1 - High Risk / High Value,0,1,19
JIO10047259,Uttar Pradesh East,0.8990121644243574,391.06,4692.72,High Value,0.9830238808736754,0.9286663165374278,91.29011665192834,1100.0,1,Priority 1 - High Risk / High Value,1,1,20
JIO10018109,Uttar Pradesh East,0.9480429155732878,371.27,4455.24,High Value,0.9946553801476722,0.9134820352806697,90.85998210601639,347.0,1,Priority 1 - High Risk / High Value,1,1,21
JIO10054670,Odisha,0.7031071843638053,488.99,5867.88,High Value,0.935833668015694,0.9704964626648954,90.8223264451945,4155.0,1,Priority 1 - High Risk / High Value,0,1,22
JIO10003660,Bihar & Jharkhand,0.7020370215850563,484.35,5812.200000000001,High Value,0.9355092835737897,0.9691989248972782,90.669459187114,4176.0,1,Priority 1 - High Risk / High Value,0,0,23
JIO10031318,Uttar Pradesh West,0.7150091195881948,471.16,5653.92,High Value,0.9387222342364608,0.9654144397417282,90.62559998384963,3968.0,1,Priority 1 - High Risk / High Value,0,0,24
JIO10055360,Rajasthan,0.7778405960328845,429.66,5155.92,High Value,0.9533349810003399,0.9495350489666039,90.52249778657341,3022.0,1,Priority 1 - High Risk / High Value,0,0,25
JIO10003025,Uttar Pradesh East,0.7522802149013659,441.09,5293.08,High Value,0.9473415922642034,0.9541691124223795,90.39240862515386,3410.0,1,Priority 1 - High Risk / High Value,0,0,26
JIO10044529,Andhra Pradesh & Telangana,0.7932871312511733,417.92,5015.04,High Value,0.9572275943031914,0.943618894621397,90.32580444374764,2770.0,1,Priority 1 - High Risk / High Value,1,1,27
JIO10007934,Andhra Pradesh & Telangana,0.663597313745353,509.66,6115.92,High Value,0.9257314096821032,0.9753004417807161,90.28662528332403,4809.0,1,Priority 1 - High Risk / High Value,0,0,28
JIO10016919,Madhya Pradesh & Chhattisgarh,0.6475551745333761,531.99,6383.88,High Value,0.9215453056937193,0.9796255676727733,90.27693432263891,5080.0,1,Priority 1 - High Risk / High Value,0,0,29
JIO10055609,Uttar Pradesh East,0.7368798045155626,446.46,5357.52,High Value,0.9436652352559548,0.9563085050511292,90.24350903963443,3648.0,1,Priority 1 - High Risk / High Value,0,1,30
JIO10003296,Madhya Pradesh & Chhattisgarh,0.7732700886799063,421.99,5063.88,High Value,0.952176465136396,0.9455960950291946,90.03743472116781,3097.0,1,Priority 1 - High Risk / High Value,0,0,31
JIO10031004,Rajasthan,0.6806850853357348,478.54,5742.4800000000005,High Value,0.9300874293305323,0.9676001730050356,89.9952757530032,4527.0,1,Priority 1 - High Risk / High Value,0,0,32
JIO10018747,Haryana,0.608108511399446,588.05,7056.599999999999,High Value,0.9114121536037567,0.9873181130093608,89.98537276698588,5736.0,1,Priority 1 - High Risk / High Value,0,0,33
JIO10026115,Haryana,0.8115886993429222,402.18,4826.16,High Value,0.9617535296116655,0.9352930272791868,89.95213702069377,2477.0,1,Priority 1 - High Risk / High Value,0,1,34
JIO10022125,Madhya Pradesh & Chhattisgarh,0.8418538860725104,389.57,4674.84,High Value,0.9690907967499768,0.9277549507244586,89.90787843863009,2002.0,1,Priority 1 - High Risk / High Value,0,0,35
JIO10053174,Rajasthan,0.5914778069810301,641.69,7700.280000000001,High Value,0.9066390682443078,0.9914269826068152,89.88664357429084,6045.0,1,Priority 1 - High Risk / High Value,0,0,36
JIO10038526,Tamil Nadu,0.5732076932947799,749.4,8992.8,High Value,0.901680620346628,0.9963545367481232,89.8393576780225,6366.0,1,Priority 1 - High Risk / High Value,0,0,37
JIO10054147,Karnataka,0.6703631317688127,481.73,5780.76,High Value,0.9274460131607403,0.9685810497698415,89.8306633032084,4698.0,1,Priority 1 - High Risk / High Value,0,0,38
JIO10023068,Rajasthan,0.7127315834663839,447.32,5367.84,High Value,0.938104359109024,0.9567641879576138,89.7544655362443,4008.0,1,Priority 1 - High Risk / High Value,0,1,39
JIO10063298,Uttar Pradesh East,0.6387446509444648,508.25,6099.0,High Value,0.9194136365040625,0.9748524823133244,89.6292665818706,5218.0,1,Priority 1 - High Risk / High Value,0,0,40
JIO10024596,Haryana,0.9607277149035932,354.57,4254.84,High Value,0.9970959869010473,0.8987534369303963,89.61434451768217,189.0,1,Priority 1 - High Risk / High Value,1,1,41
JIO10025887,Maharashtra & Goa,0.7576750522532687,419.8,5037.6,High Value,0.9487009175445642,0.9445766010689239,89.6120688125214,3322.0,1,Priority 1 - High Risk / High Value,0,0,42
JIO10056568,Andhra Pradesh & Telangana,0.7126659150110134,443.74,5324.88,High Value,0.9380425715962804,0.9552503938953938,89.6065536007995,4012.0,1,Priority 1 - High Risk / High Value,0,0,43
JIO10002186,Gujarat,0.7858772610467261,405.56,4866.72,High Value,0.9554975439463684,0.9372779511260774,89.55667802960512,2882.0,1,Priority 1 - High Risk / High Value,0,0,44
JIO10002368,Madhya Pradesh & Chhattisgarh,0.6857822523957275,458.79,5505.4800000000005,High Value,0.931292285829034,0.9612206123142513,89.51773412281227,4449.0,1,Priority 1 - High Risk / High Value,0,0,45
JIO10037352,Andhra Pradesh & Telangana,0.8897309789460669,370.12,4441.4400000000005,High Value,0.9805832741203003,0.9126324569804443,89.49121227343382,1258.0,1,Priority 1 - High Risk / High Value,0,1,46
JIO10003428,Kolkata,0.6233130965768238,515.66,6187.92,High Value,0.915536470079397,0.9767447248910995,89.4245417595469,5469.0,1,Priority 1 - High Risk / High Value,0,1,47
JIO10000775,Maharashtra & Goa,0.6392701625546502,494.5,5934.0,High Value,0.9195372115295499,0.971917575458,89.37143771732103,5210.0,1,Priority 1 - High Risk / High Value,0,0,48
JIO10033106,Madhya Pradesh & Chhattisgarh,0.7156666056483445,433.5,5202.0,High Value,0.9390157249219933,0.9509870555160802,89.29917993268639,3949.0,1,Priority 1 - High Risk / High Value,0,0,49
JIO10037452,Bihar & Jharkhand,0.6219226333085048,510.99,6131.88,High Value,0.9152120856374927,0.9755939324662486,89.28753576677185,5490.0,1,Priority 1 - High Risk / High Value,0,0,50
JIO10040283,Haryana,0.6427359651290293,486.78,5841.36,High Value,0.9202014272915444,0.9698785875374587,89.24836605514767,5167.0,1,Priority 1 - High Risk / High Value,0,0,51
JIO10010483,Madhya Pradesh & Chhattisgarh,0.6890751156358551,449.37,5392.4400000000005,High Value,0.9321109703728876,0.9574515740368872,89.24511157605716,4396.0,1,Priority 1 - High Risk / High Value,0,0,52
JIO10007200,Punjab,0.7472037918181788,416.06,4992.72,High Value,0.9461521826438877,0.942684358491149,89.19228633306537,3487.0,1,Priority 1 - High Risk / High Value,0,0,53
JIO10059082,Assam,0.7082725232837858,434.36,5212.32,High Value,0.9370230776360098,0.9514041212271,89.14876177478006,4078.0,1,Priority 1 - High Risk / High Value,0,0,54
JIO10026276,Delhi NCR,0.7218700937690884,426.31,5115.72,High Value,0.9404677314714697,0.9478822330007105,89.14526533722893,3855.0,1,Priority 1 - High Risk / High Value,0,1,55
JIO10027009,Uttar Pradesh West,0.5876621676262285,562.65,6751.799999999999,High Value,0.9055886805276654,0.9841515029812475,89.12364610241067,6113.0,1,Priority 1 - High Risk / High Value,0,0,56
JIO10033072,Maharashtra & Goa,0.6290726799011312,484.53,5814.36,High Value,0.9171892860452903,0.9692916061663938,88.90238762294473,5362.0,1,Priority 1 - High Risk / High Value,0,0,57
JIO10052629,Kerala,0.6566654304202505,459.98,5519.76,High Value,0.9236769748833761,0.9615913373907133,88.81997775951139,4942.0,1,Priority 1 - High Risk / High Value,0,0,58
JIO10033625,Bihar & Jharkhand,0.9547947202217513,343.66,4123.92,High Value,0.9960764929407767,0.8879020050047886,88.44183152202537,255.0,1,Priority 1 - High Risk / High Value,1,1,59
JIO10001124,Rajasthan,0.7112596078596407,416.39,4996.68,High Value,0.937733634032562,0.9428311038339152,88.41244372771092,4032.0,1,Priority 1 - High Risk / High Value,0,0,60
JIO10016740,Bihar & Jharkhand,0.7263326120226056,408.1,4897.200000000001,High Value,0.9415644598226698,0.9387145107973679,88.38602212866255,3784.0,1,Priority 1 - High Risk / High Value,0,0,61
JIO10040794,Madhya Pradesh & Chhattisgarh,0.6221223235441562,471.71,5660.52,High Value,0.9152893200284222,0.9656152491581451,88.38173248110341,5485.0,1,Priority 1 - High Risk / High Value,0,0,62
JIO10010075,Uttar Pradesh East,0.6738360117874029,435.91,5230.92,High Value,0.9283264852173376,0.9520065494763509,88.37728939792663,4641.0,1,Priority 1 - High Risk / High Value,0,0,63
JIO10022109,Karnataka,0.7617295900413986,394.09,4729.08,High Value,0.9494732614538601,0.930535388797924,88.35184705002006,3272.0,1,Priority 1 - High Risk / High Value,0,0,64
JIO10063677,Punjab,0.831435538676679,371.07,4452.84,High Value,0.9663258055546974,0.9133275664988106,88.25719964322747,2181.0,1,Priority 1 - High Risk / High Value,0,1,65
JIO10060470,Bihar & Jharkhand,0.639750753964763,451.07,5412.84,High Value,0.9196607865550372,0.9583397695325775,88.13475062353034,5202.0,1,Priority 1 - High Risk / High Value,0,0,66
JIO10030183,Punjab,0.8116772130543636,374.78,4497.36,High Value,0.9618153171244092,0.9162161327195774,88.123071024618,2473.0,1,Priority 1 - High Risk / High Value,1,1,67
JIO10024645,Assam,0.6336652172756495,452.44,5429.28,High Value,0.9183014612746764,0.9588417930736198,88.0505819710736,5290.0,1,Priority 1 - High Risk / High Value,0,0,68
JIO10042819,Uttar Pradesh East,0.7670826050401639,386.47,4637.64,High Value,0.9505082022923167,0.9254070252401989,87.9606967949742,3205.0,1,Priority 1 - High Risk / High Value,0,0,69
JIO10053848,Maharashtra & Goa,0.7448011010020166,391.79,4701.4800000000005,High Value,0.9455960950291946,0.9291606166393772,87.86106507491137,3523.0,1,Priority 1 - High Risk / High Value,0,0,70
JIO10001948,Andhra Pradesh & Telangana,0.8269024934552794,367.05,4404.6,High Value,0.9652908647162408,0.9101532330316043,87.85626013373596,2248.0,1,Priority 1 - High Risk / High Value,0,1,71
JIO10008873,Rajasthan,0.80376786653814,373.17,4478.04,High Value,0.959946244863913,0.9148413605610306,87.81985287167544,2594.0,1,Priority 1 - High Risk / High Value,0,0,72
JIO10002512,Maharashtra & Goa,0.7984072597763874,374.69,4496.28,High Value,0.9584015570453212,0.9160771108159041,87.79697293795418,2694.0,1,Priority 1 - High Risk / High Value,0,0,73
JIO10044845,Uttar Pradesh East,0.9334009432602701,341.69,4100.28,High Value,0.9913034075813278,0.8856390373505515,87.79369956126486,564.0,1,Priority 1 - High Risk / High Value,1,1,74
JIO10027934,Gujarat,0.6628433796736058,424.32,5091.84,High Value,0.9254533658747567,0.9468627390404399,87.62773088663666,4827.0,1,Priority 1 - High Risk / High Value,0,0,75
JIO10043822,Karnataka,0.8083023904605386,368.02,4416.24,High Value,0.9610738669714851,0.9108715128672495,87.54148071854944,2521.0,1,Priority 1 - High Risk / High Value,0,1,76
JIO10042067,Madhya Pradesh & Chhattisgarh,0.5847292964496894,474.97,5699.64,High Value,0.9047236553492539,0.9667119775093453,87.46071939621606,6169.0,1,Priority 1 - High Risk / High Value,0,0,77
JIO10022786,Gujarat,0.9458298764482638,335.75,4029.0,High Value,0.9942074206802806,0.8793753282461615,87.42814769054912,376.0,1,Priority 1 - High Risk / High Value,1,1,78
JIO10013884,Maharashtra & Goa,0.7704477872227049,377.69,4532.28,High Value,0.9514659087398437,0.9185486113256511,87.3967689196682,3143.0,1,Priority 1 - High Risk / High Value,1,1,79
JIO10021761,Uttar Pradesh East,0.5442668286416825,520.7,6248.400000000001,High Value,0.8932311779789305,0.9775556859958603,87.31832169420838,6913.0,2,Priority 4 - High Value Watchlist,0,0,80
JIO10009781,Kerala,0.8447765717252501,355.68,4268.16,High Value,0.969631437486484,0.8996339089869937,87.23133203826433,1967.0,1,Priority 1 - High Risk / High Value,0,0,81
JIO10017427,West Bengal,0.570505512450655,477.84,5734.08,High Value,0.9008155951682165,0.9673684698322469,87.14206038989025,6422.0,1,Priority 1 - High Risk / High Value,0,0,82
JIO10015351,Uttar Pradesh West,0.7822553174449648,368.48,4421.76,High Value,0.9545861781333992,0.9112267910655256,86.98444998960015,2941.0,1,Priority 1 - High Risk / High Value,0,0,83
JIO10036776,Tamil Nadu,0.721716547718658,385.33,4623.96,High Value,0.9403441564459822,0.9245420000617876,86.93876671469829,3863.0,1,Priority 1 - High Risk / High Value,0,1,84
JIO10017229,Gujarat,0.7619491747273738,374.09,4489.08,High Value,0.9495813896011616,0.9154669591275603,86.93103871822984,3265.0,1,Priority 1 - High Risk / High Value,0,0,85
JIO10049158,Maharashtra & Goa,0.6361734040451875,422.84,5074.08,High Value,0.9187803144984399,0.9460286076184004,86.9192461632155,5259.0,1,Priority 1 - High Risk / High Value,0,0,86
JIO10001547,Tamil Nadu,0.6577341137958821,410.29,4923.4800000000005,High Value,0.9239859124470945,0.9397880688312892,86.83509362859716,4922.0,1,Priority 1 - High Risk / High Value,0,1,87
JIO10032831,Karnataka,0.49859147240722557,594.39,7132.68,High Value,0.8780468967221724,0.9878278599894961,86.73591869594817,7896.0,2,Priority 4 - High Value Watchlist,0,0,88
JIO10018499,Punjab,0.7247379858387498,381.1,4573.200000000001,High Value,0.9411165003552782,0.9213908369118601,86.71361198939105,3813.0,1,Priority 1 - High Risk / High Value,0,0,89
JIO10006402,Rajasthan,0.6695178683671886,402.07,4824.84,High Value,0.9271679693533936,0.9352003460100714,86.7087805748749,4716.0,1,Priority 1 - High Risk / High Value,0,0,90
JIO10030980,Uttar Pradesh East,0.8380269650003261,351.2,4214.4,High Value,0.9681330903024499,0.8953242299731224,86.67930135865404,2064.0,1,Priority 1 - High Risk / High Value,0,1,91
JIO10056832,Bihar & Jharkhand,0.6124434956352196,430.11,5161.32,High Value,0.9125706694677006,0.9497358583830208,86.67010881020745,5661.0,1,Priority 1 - High Risk / High Value,0,0,92
JIO10000776,Rajasthan,0.6554638038504386,407.6,4891.200000000001,High Value,0.9234761654669591,0.9384596373073002,86.66451073060588,4955.0,1,Priority 1 - High Risk / High Value,0,1,93
JIO10010911,Odisha,0.5680962237366037,461.01,5532.12,High Value,0.9000895918934784,0.9620238499799191,86.59076545202183,6469.0,1,Priority 1 - High Risk / High Value,0,0,94
JIO10026565,Madhya Pradesh & Chhattisgarh,0.8605174340623191,344.49,4133.88,High Value,0.9735549445457073,0.8889060520868732,86.53988822457795,1713.0,1,Priority 1 - High Risk / High Value,0,1,95
JIO10047649,Tamil Nadu,0.6016847226185214,433.66,5203.92,High Value,0.9097284438814915,0.9510720133461028,86.52172627205873,5845.0,1,Priority 1 - High Risk / High Value,0,0,96
JIO10053012,Madhya Pradesh & Chhattisgarh,0.9464347704823712,328.08,3936.96,High Value,0.9943773363403257,0.869597454354475,86.47080003493308,365.0,1,Priority 1 - High Risk / High Value,0,1,97
JIO10051727,Uttar Pradesh East,0.5318880337995179,497.02,5964.24,High Value,0.8890914146251042,0.9724118755599493,86.45630500398461,7181.0,2,Priority 4 - High Value Watchlist,0,0,98
JIO10022382,Karnataka,0.6856972649808019,390.35,4684.200000000001,High Value,0.9312613920726621,0.9282183570700362,86.44139193524413,4451.0,1,Priority 1 - High Risk / High Value,0,0,99
JIO10047939,Maharashtra & Goa,0.5887008434386137,437.27,5247.24,High Value,0.9059285118477556,0.9526321480428805,86.30166242148175,6091.0,1,Priority 1 - High Risk / High Value,0,1,100
JIO10000023,Rajasthan,0.7361146420850533,372.68,4472.16,High Value,0.9434953195959097,0.9144551886063826,86.27841904303169,3659.0,1,Priority 1 - High Risk / High Value,0,0,101
JIO10023287,Madhya Pradesh & Chhattisgarh,0.7700865255999816,362.75,4353.0,High Value,0.951388674348914,0.9061447681423584,86.20958697311625,3148.0,1,Priority 1 - High Risk / High Value,0,0,102
JIO10018890,Andhra Pradesh & Telangana,0.804912239230437,353.3,4239.6,High Value,0.9602706293058173,0.8972550897463623,86.1607709678587,2573.0,1,Priority 1 - High Risk / High Value,0,0,103
JIO10011864,Rajasthan,0.5589848899844235,452.39,5428.68,High Value,0.8976335382619173,0.9588186227563409,86.06677528961927,6628.0,2,Priority 4 - High Value Watchlist,0,0,104
JIO10018335,Madhya Pradesh & Chhattisgarh,0.7720552816888482,359.99,4319.88,High Value,0.9518829744508635,0.903928141122679,86.04338076616956,3116.0,1,Priority 1 - High Risk / High Value,0,1,105
JIO10030056,Tamil Nadu,0.6016612644353697,421.52,5058.24,High Value,0.9096975501251197,0.9453798387345917,86.00097232345388,5847.0,1,Priority 1 - High Risk / High Value,0,0,106
JIO10052815,Odisha,0.7916626092921074,354.13,4249.56,High Value,0.9567796348357996,0.8982050727547962,85.93843215179969,2799.0,1,Priority 1 - High Risk / High Value,1,1,107
JIO10048958,Punjab,0.5529559059731654,453.14,5437.68,High Value,0.8957335722450492,0.9590812196855015,85.90812469820331,6751.0,2,Priority 4 - High Value Watchlist,0,0,108
JIO10030546,Madhya Pradesh & Chhattisgarh,0.912052797659675,329.18,3950.16,High Value,0.986144150267231,0.8711421421730668,85.90717275552343,898.0,1,Priority 1 - High Risk / High Value,0,1,109
JIO10002443,Andhra Pradesh & Telangana,0.53840366643283,466.08,5592.96,High Value,0.8911458494238315,0.9637925175322067,85.88797017045714,7048.0,2,Priority 4 - High Value Watchlist,0,0,110
JIO10039286,Uttar Pradesh East,0.5777876525042736,429.83,5157.96,High Value,0.903009051870617,0.9496122833575334,85.7508487639378,6280.0,1,Priority 1 - High Risk / High Value,0,0,111
JIO10046168,Kerala,0.6130561351983359,409.11,4909.32,High Value,0.9127714788841175,0.9391779171429454,85.72548163658715,5648.0,1,Priority 1 - High Risk / High Value,0,0,112
JIO10043222,Uttar Pradesh West,0.8904765608969654,331.28,3975.36,High Value,0.9807531897803454,0.8740152615156477,85.71932556481742,1247.0,1,Priority 1 - High Risk / High Value,0,0,113
JIO10060547,Rajasthan,0.72783193887173,366.86,4402.32,High Value,0.9418270567518304,0.9099060829806296,85.69741680542332,3767.0,1,Priority 1 - High Risk / High Value,0,0,114
JIO10012463,Uttar Pradesh East,0.7801205565085416,353.81,4245.72,High Value,0.9540146436405202,0.8977880070437765,85.65029056046014,2978.0,1,Priority 1 - High Risk / High Value,0,1,115
JIO10030317,Bihar & Jharkhand,0.5608039123508148,439.62,5275.4400000000005,High Value,0.8981741789984244,0.9535357904167567,85.64412257031842,6593.0,2,Priority 4 - High Value Watchlist,0,0,116
JIO10036750,Delhi NCR,0.543740610155494,451.51,5418.12,High Value,0.8930458154406994,0.9584942383144367,85.59792686507282,6925.0,2,Priority 4 - High Value Watchlist,0,0,117
JIO10023539,Delhi NCR,0.7891069519950239,351.03,4212.36,High Value,0.9562698878556644,0.8951079736785196,85.5964801608269,2832.0,1,Priority 1 - High Risk / High Value,0,0,118
JIO10011880,Tamil Nadu,0.5550464086843774,440.96,5291.52,High Value,0.8963823411288578,0.9540764311532639,85.52172649730284,6709.0,2,Priority 4 - High Value Watchlist,0,0,119
JIO10043383,Uttar Pradesh West,0.8070665374336479,345.35,4144.200000000001,High Value,0.960888504433254,0.8896629491179833,85.48669006276572,2533.0,1,Priority 1 - High Risk / High Value,0,1,120
JIO10026726,Bihar & Jharkhand,0.5916200461614042,414.0,4968.0,High Value,0.9066699620006796,0.9416725879699712,85.37862495518155,6043.0,1,Priority 1 - High Risk / High Value,0,0,121
JIO10017848,Uttar Pradesh West,0.4547554276362809,621.06,7452.719999999999,High Value,0.8622447403379777,0.9899286354227811,85.35607592032444,8919.0,2,Priority 4 - High Value Watchlist,0,0,122
JIO10057440,Punjab,0.5199040272140755,464.06,5568.72,High Value,0.8852296950786246,0.9632209830393278,85.26718171092371,7431.0,2,Priority 4 - High Value Watchlist,0,0,123
JIO10006482,Haryana,0.7143000844371079,365.17,4382.04,High Value,0.9384750841854861,0.9083459482838518,85.2460040285233,3984.0,1,Priority 1 - High Risk / High Value,0,1,124
JIO10029834,Andhra Pradesh & Telangana,0.5511304116614681,436.15,5233.799999999999,High Value,0.895223825264914,0.952176465136396,85.24110574466283,6784.0,2,Priority 4 - High Value Watchlist,0,0,125
JIO10025731,Uttar Pradesh East,0.8038969050101779,343.4,4120.799999999999,High Value,0.9599771386202849,0.8875621736846984,85.20393958414371,2592.0,1,Priority 1 - High Risk / High Value,0,0,126
JIO10029745,Madhya Pradesh & Chhattisgarh,0.7858506422143599,346.27,4155.24,High Value,0.9554820970681825,0.8905743149309524,85.09278140252864,2883.0,1,Priority 1 - High Risk / High Value,0,0,127
JIO10019342,Gujarat,0.6574482525502858,379.5,4554.0,High Value,0.923893231177979,0.9201087460224289,85.00822423977802,4928.0,1,Priority 1 - High Risk / High Value,0,0,128
JIO10034131,Uttar Pradesh West,0.9038143236235736,322.86,3874.32,High Value,0.9841360561030615,0.8636658531310822,84.99647064913093,1028.0,1,Priority 1 - High Risk / High Value,0,1,129
JIO10042611,West Bengal,0.6330603955922854,385.88,4630.56,High Value,0.9180852049800735,0.9249436188946214,84.91770519478796,5304.0,1,Priority 1 - High Risk / High Value,0,0,130
JIO10040939,Kerala,0.6334918528538572,385.56,4626.72,High Value,0.9182705675183046,0.9247428094782044,84.91641044680222,5292.0,1,Priority 1 - High Risk / High Value,0,0,131
JIO10054161,Uttar Pradesh West,0.8465177335112408,332.4,3988.8,High Value,0.9699558219283883,0.8753436930396367,84.90447112520916,1946.0,1,Priority 1 - High Risk / High Value,0,0,132
JIO10054795,Uttar Pradesh East,0.8014603925307636,341.02,4092.24,High Value,0.9593283697364763,0.8849902684667429,84.89962714808469,2634.0,1,Priority 1 - High Risk / High Value,0,0,133
JIO10042094,Bihar & Jharkhand,0.626923691234434,386.92,4643.04,High Value,0.9166177515524112,0.9258627081466836,84.86621937876394,5399.0,1,Priority 1 - High Risk / High Value,0,0,134
JIO10040622,Odisha,0.46483560081460984,528.8,6345.599999999999,High Value,0.8662918224226884,0.9790694800580803,84.81598841579483,8657.0,2,Priority 4 - High Value Watchlist,0,0,135
JIO10019671,Madhya Pradesh & Chhattisgarh,0.5186611125783155,451.25,5415.0,High Value,0.8848280762457907,0.9583861101671353,84.80069381598727,7457.0,2,Priority 4 - High Value Watchlist,0,0,136
JIO10036304,Kerala,0.47756083812048034,501.38,6016.56,High Value,0.871126695294881,0.9732923476165467,84.78609463349989,8344.0,2,Priority 4 - High Value Watchlist,0,0,137
JIO10028027,Bihar & Jharkhand,0.5106837857310996,458.14,5497.68,High Value,0.8822021069541846,0.9610429732151132,84.78341358438868,7627.0,2,Priority 4 - High Value Watchlist,0,0,138
JIO10027833,Odisha,0.806048347216202,338.8,4065.6,High Value,0.9605023324786061,0.8826037257870184,84.77429372727391,2558.0,1,Priority 1 - High Risk / High Value,0,0,139
JIO10055660,Rajasthan,0.5930902312533859,400.12,4801.4400000000005,High Value,0.907164262102629,0.9341654051716148,84.74414704643114,6011.0,1,Priority 1 - High Risk / High Value,0,1,140
JIO10038409,Andhra Pradesh & Telangana,0.7458158998019916,350.4,4204.799999999999,High Value,0.9457505638110538,0.8944205875992461,84.58987750062012,3513.0,1,Priority 1 - High Risk / High Value,0,0,141
JIO10022478,Maharashtra & Goa,0.866045225945227,326.2,3914.4,High Value,0.9749915042169978,0.867311316382959,84.56211649846456,1620.0,1,Priority 1 - High Risk / High Value,0,0,142
JIO10038930,Uttar Pradesh East,0.6797937777979762,365.99,4391.88,High Value,0.9298557261577435,0.9092186969013563,84.5442211643408,4542.0,1,Priority 1 - High Risk / High Value,0,0,143
JIO10003331,Delhi NCR,0.656151538941659,373.18,4478.16,High Value,0.9235997404924465,0.9148568074392165,84.49615099386085,4947.0,1,Priority 1 - High Risk / High Value,0,0,144
JIO10049086,Bihar & Jharkhand,0.44199440789073835,549.5,6594.0,High Value,0.8571472705366245,0.982344218233495,84.20136653862745,9249.0,2,Priority 4 - High Value Watchlist,0,0,145
JIO10041600,Mumbai,0.4973245257719366,453.48,5441.76,High Value,0.8776452778893385,0.9592511353455466,84.18822292460058,7922.0,2,Priority 4 - High Value Watchlist,0,0,146
JIO10038651,Tamil Nadu,0.5175477400413778,435.4,5224.799999999999,High Value,0.8844110105347709,0.9518366338163057,84.18147991774936,7484.0,2,Priority 4 - High Value Watchlist,0,0,147
JIO10020779,Gujarat,0.7005405293865825,355.86,4270.32,High Value,0.93509221786277,0.8999119527943402,84.15006638196759,4203.0,1,Priority 1 - High Risk / High Value,0,0,148
JIO10038794,Punjab,0.6141291963698872,380.28,4563.36,High Value,0.9131113102042078,0.9207575149062375,84.07541008164048,5626.0,1,Priority 1 - High Risk / High Value,0,0,149
JIO10047525,Bihar & Jharkhand,0.7247815262619077,348.86,4186.32,High Value,0.94114739411165,0.8929763044888628,84.04223219731446,3811.0,1,Priority 1 - High Risk / High Value,0,0,150
JIO10060722,Madhya Pradesh & Chhattisgarh,0.8712829239024702,320.97,3851.64,High Value,0.976088232568198,0.8609858197658253,84.03981270815055,1549.0,1,Priority 1 - High Risk / High Value,0,0,151
JIO10027588,Madhya Pradesh & Chhattisgarh,0.4260744070866601,589.02,7068.24,High Value,0.8509376255058853,0.9873953474002904,84.02118523523619,9651.0,2,Priority 4 - High Value Watchlist,0,0,152
JIO10052529,Gujarat,0.48428055896829525,460.22,5522.64,High Value,0.8734746207791405,0.9617303592943865,84.00470608764509,8192.0,2,Priority 4 - High Value Watchlist,0,1,153
JIO10010872,Uttar Pradesh East,0.7408707562456459,344.36,4132.32,High Value,0.9447310698507831,0.8887670301832,83.96458272730779,3579.0,1,Priority 1 - High Risk / High Value,0,0,154
JIO10003976,Andhra Pradesh & Telangana,0.5299245707845501,419.56,5034.72,High Value,0.8886280082795267,0.9444916432389014,83.93017277680424,7211.0,2,Priority 4 - High Value Watchlist,0,0,155
JIO10022791,Gujarat,0.4121892184275307,661.73,7940.76,High Value,0.8452995149680249,0.9928172016435478,83.92278990012028,10016.0,2,Priority 4 - High Value Watchlist,0,0,156
JIO10016980,Gujarat,0.6893321427415464,355.84,4270.08,High Value,0.9321727578856314,0.8998347184034107,83.88014110953478,4392.0,1,Priority 1 - High Risk / High Value,1,1,157
JIO10039955,Uttar Pradesh East,0.8034033500790786,331.09,3973.08,High Value,0.9598690104729835,0.873768111464673,83.87029325344432,2599.0,1,Priority 1 - High Risk / High Value,0,1,158
JIO10015012,Maharashtra & Goa,0.522181938483443,421.78,5061.36,High Value,0.8861256140134078,0.9454725200037073,83.78074173210891,7373.0,2,Priority 4 - High Value Watchlist,0,0,159
JIO10062777,Uttar Pradesh West,0.4878470438752065,450.35,5404.200000000001,High Value,0.8746022428867126,0.9579227038215576,83.78013452744383,8119.0,2,Priority 4 - High Value Watchlist,0,0,160
JIO10040244,Uttar Pradesh East,0.9450939820737501,308.35,3700.2,High Value,0.9940992925329791,0.8427276097500696,83.77549206505527,383.0,1,Priority 1 - High Risk / High Value,1,1,161
JIO10043952,Tamil Nadu,0.859045366397978,320.74,3848.88,High Value,0.9729679631746424,0.8605610306157125,83.7298313145641,1751.0,1,Priority 1 - High Risk / High Value,0,1,162
JIO10001788,Tamil Nadu,0.3974256321107779,845.87,10150.44,High Value,0.8388736136426828,0.9980845871049461,83.7266824305791,10432.0,2,Priority 4 - High Value Watchlist,0,0,163
JIO10050911,Odisha,0.5155732857076759,425.44,5105.28,High Value,0.8835150915999876,0.9474497204115049,83.70861265157534,7542.0,2,Priority 4 - High Value Watchlist,0,0,164
JIO10002175,Bihar & Jharkhand,0.9164183658100731,311.54,3738.480000000001,High Value,0.9872563254966171,0.847014118446662,83.62200462214079,826.0,1,Priority 1 - High Risk / High Value,1,1,165
JIO10008771,West Bengal,0.4942155331069971,437.7,5252.4,High Value,0.8766412308072539,0.9528638512156693,83.53197393214444,7987.0,2,Priority 4 - High Value Watchlist,0,0,166
JIO10043218,Andhra Pradesh & Telangana,0.6258738440090476,367.8,4413.6,High Value,0.9163706015014366,0.9106861503290185,83.45260153560304,5415.0,1,Priority 1 - High Risk / High Value,1,1,167
JIO10036922,Kerala,0.7419901102673269,338.71,4064.52,High Value,0.9449627730235719,0.8825342148351818,83.39619789388341,3564.0,1,Priority 1 - High Risk / High Value,0,0,168
JIO10014675,Bihar & Jharkhand,0.8377226096153848,320.89,3850.68,High Value,0.9680404090333343,0.860862244740338,83.33494395197911,2070.0,1,Priority 1 - High Risk / High Value,0,0,169
JIO10037587,Bihar & Jharkhand,0.7618056635101405,333.71,4004.52,High Value,0.9495196020884179,0.8771432543482962,83.28647138433341,3269.0,1,Priority 1 - High Risk / High Value,0,0,170
JIO10025033,Odisha,0.6326684563474254,363.8,4365.6,High Value,0.9180388643455157,0.9071179214680714,83.2769506452013,5307.0,1,Priority 1 - High Risk / High Value,0,0,171
JIO10059307,West Bengal,0.6835467258962715,350.45,4205.4,High Value,0.9307825388488986,0.894451481355618,83.25398206933404,4482.0,1,Priority 1 - High Risk / High Value,0,0,172
JIO10022111,Delhi NCR,0.817306392455329,323.5,3882.0,High Value,0.9630047267447249,0.864453643918564,83.24729451452785,2396.0,1,Priority 1 - High Risk / High Value,0,0,173
JIO10024005,Uttar Pradesh West,0.4678268080049678,454.17,5450.04,High Value,0.867512125799376,0.9594210510055917,83.23093954945324,8578.0,2,Priority 4 - High Value Watchlist,0,0,174
JIO10061642,Uttar Pradesh West,0.7699864576604842,331.46,3977.52,High Value,0.9513423337143563,0.8743010287620872,83.17595810713865,3151.0,1,Priority 1 - High Risk / High Value,0,0,175
JIO10042015,Uttar Pradesh East,0.8927989153628879,310.94,3731.28,High Value,0.9814791930550836,0.8463190089282956,83.06444979501217,1200.0,1,Priority 1 - High Risk / High Value,0,0,176
JIO10038479,Punjab,0.4685150028319522,448.43,5381.16,High Value,0.8677747227285365,0.9571117427167969,83.05573771562948,8561.0,2,Priority 4 - High Value Watchlist,0,0,177
JIO10039481,Maharashtra & Goa,0.5744986074140934,379.13,4549.56,High Value,0.9019895579103463,0.9196298927986654,82.94965604466074,6346.0,1,Priority 1 - High Risk / High Value,0,0,178
JIO10053479,Bihar & Jharkhand,0.6587649441457573,353.33,4239.96,High Value,0.9244029781581142,0.8973246006981989,82.94895332599556,4895.0,1,Priority 1 - High Risk / High Value,0,0,179
JIO10031385,Bihar & Jharkhand,0.7961703749007616,324.7,3896.4,High Value,0.9579999382124873,0.8657511816861813,82.93895785627495,2720.0,1,Priority 1 - High Risk / High Value,1,1,180
JIO10006874,Haryana,0.7942794179753428,324.74,3896.88,High Value,0.9575210849887238,0.8658361395162038,82.90563597320035,2751.0,1,Priority 1 - High Risk / High Value,1,1,181
JIO10031717,Tamil Nadu,0.6196118566051703,362.46,4349.52,High Value,0.9146559980227996,0.9059594056041274,82.86412043009854,5526.0,1,Priority 1 - High Risk / High Value,0,0,182
JIO10043503,Mumbai,0.6404783912776895,356.53,4278.36,High Value,0.9197534678241528,0.9005529982390559,82.82867430898098,5196.0,1,Priority 1 - High Risk / High Value,0,0,183
JIO10052494,Uttar Pradesh East,0.4433489087660626,470.95,5651.4,High Value,0.8578423800549909,0.9652985881553338,82.8074038326894,9204.0,2,Priority 4 - High Value Watchlist,0,0,184
JIO10043917,Uttar Pradesh East,0.8924809910735749,309.09,3709.08,High Value,0.981401958664154,0.8436698693194106,82.79792622160004,1205.0,1,Priority 1 - High Risk / High Value,0,0,185
JIO10016926,Maharashtra & Goa,0.4840014861974932,426.48,5117.76,High Value,0.8733201519972813,0.9479903611480119,82.78990862897395,8202.0,2,Priority 4 - High Value Watchlist,0,0,186
JIO10047007,Madhya Pradesh & Chhattisgarh,0.5199464460834736,401.35,4816.200000000001,High Value,0.8852605888349965,0.9349377490809108,82.76635422754333,7429.0,2,Priority 4 - High Value Watchlist,0,0,187
JIO10049990,Maharashtra & Goa,0.7504156594980109,330.94,3971.28,High Value,0.9469245265531836,0.873575025487349,82.72096174182933,3437.0,1,Priority 1 - High Risk / High Value,0,0,188
JIO10055613,Uttar Pradesh West,0.7002681655562564,340.24,4082.88,High Value,0.9349995365936544,0.884202477679261,82.67289068850701,4209.0,1,Priority 1 - High Risk / High Value,0,0,189
JIO10024041,Assam,0.6541111594841811,351.61,4219.32,High Value,0.9230282059995675,0.8956486144150267,82.67089337695005,4984.0,1,Priority 1 - High Risk / High Value,0,0,190
JIO10007454,West Bengal,0.7390789467310923,331.82,3981.84,High Value,0.944190429114276,0.8747567116685718,82.59369149609418,3614.0,1,Priority 1 - High Risk / High Value,0,1,191
JIO10050175,Jammu & Kashmir,0.885112534197288,308.82,3705.84,High Value,0.9793475238654268,0.8433377614384133,82.5920748446922,1338.0,1,Priority 1 - High Risk / High Value,1,1,192
JIO10056020,Uttar Pradesh East,0.8678770768921225,311.33,3735.96,High Value,0.975331335537088,0.8467283512002224,82.58406936132293,1598.0,1,Priority 1 - High Risk / High Value,0,1,193
JIO10000182,Tamil Nadu,0.5398246478439913,386.34,4636.08,High Value,0.8917328307948964,0.9253143439710835,82.51331793244567,7010.0,2,Priority 4 - High Value Watchlist,0,0,194
JIO10029188,Madhya Pradesh & Chhattisgarh,0.8486659408141258,313.72,3764.64,High Value,0.9703574407612222,0.8502811331829837,82.5076624322992,1920.0,1,Priority 1 - High Risk / High Value,0,1,195
JIO10013874,Gujarat,0.4147362875868792,507.7,6092.4,High Value,0.8462108807809942,0.9746825666532793,82.47869932095514,9957.0,2,Priority 4 - High Value Watchlist,0,0,196
JIO10018135,Rajasthan,0.7668857845668475,326.48,3917.76,High Value,0.950446414779573,0.8677283820939788,82.47293297637016,3209.0,1,Priority 1 - High Risk / High Value,0,0,197
JIO10019685,Odisha,0.4676733062238105,432.88,5194.56,High Value,0.8673885507738885,0.9508016929778492,82.47145025454164,8586.0,2,Priority 4 - High Value Watchlist,0,0,198
JIO10000297,Mumbai,0.42953713229236934,479.07,5748.84,High Value,0.8521424820043869,0.9677778121041738,82.46845868352258,9573.0,2,Priority 4 - High Value Watchlist,0,0,199
JIO10037232,Uttar Pradesh East,0.6584318109669213,348.14,4177.68,High Value,0.924248509376255,0.8921962371404739,82.46110422481867,4905.0,1,Priority 1 - High Risk / High Value,0,0,200
JIO10007242,Maharashtra & Goa,0.4582911889003217,442.93,5315.16,High Value,0.8634187030801075,0.9548642219407458,82.44476281256746,8843.0,2,Priority 4 - High Value Watchlist,0,0,201
JIO10039499,Maharashtra & Goa,0.5744269764990879,372.02,4464.24,High Value,0.9019586641539745,0.9139917822608051,82.43828069756661,6348.0,1,Priority 1 - High Risk / High Value,0,0,202
JIO10004023,Rajasthan,0.7619326556407586,326.82,3921.84,High Value,0.9495659427229757,0.8681377243659056,82.435401665089,3266.0,1,Priority 1 - High Risk / High Value,0,0,203
JIO10040921,Andhra Pradesh & Telangana,0.5316803905957205,387.98,4655.76,High Value,0.8889832864778028,0.9267663505205598,82.38797960828066,7188.0,2,Priority 4 - High Value Watchlist,0,0,204
JIO10045055,Karnataka,0.9061417915601859,304.51,3654.12,High Value,0.9846612499613828,0.8366878803793754,82.38541341218956,994.0,1,Priority 1 - High Risk / High Value,1,1,205
JIO10053030,Madhya Pradesh & Chhattisgarh,0.830950848899706,315.18,3782.16,High Value,0.9662331242855818,0.8524823133244771,82.36966490017097,2187.0,1,Priority 1 - High Risk / High Value,0,0,206
JIO10025063,Uttar Pradesh East,0.4245692721259772,482.56,5790.72,High Value,0.8502579628657049,0.9687200716735148,82.36619547282423,9695.0,2,Priority 4 - High Value Watchlist,0,0,207
JIO10013463,Uttar Pradesh East,0.8612592092411817,310.08,3720.96,High Value,0.9737557539621242,0.8451450461861658,82.29648516563643,1700.0,1,Priority 1 - High Risk / High Value,0,1,208
JIO10016733,Jammu & Kashmir,0.48370276116529465,415.69,4988.28,High Value,0.8731347894590503,0.942475825635639,82.29084315866183,8214.0,2,Priority 4 - High Value Watchlist,0,0,209
JIO10061596,Uttar Pradesh East,0.4693941687046781,426.29,5115.4800000000005,High Value,0.8680836602922549,0.9478667861225246,82.28276691666971,8541.0,2,Priority 4 - High Value Watchlist,0,0,210
JIO10061970,Uttar Pradesh East,0.6247672632384383,354.1,4249.200000000001,High Value,0.9160307701813464,0.8981741789984244,82.27551849449252,5437.0,1,Priority 1 - High Risk / High Value,0,0,211
JIO10036394,Tamil Nadu,0.6885474959276151,338.85,4066.2,High Value,0.9320182891037722,0.8826577898606691,82.26532031700576,4402.0,1,Priority 1 - High Risk / High Value,1,1,212
JIO10030689,Uttar Pradesh West,0.5441575814657899,380.64,4567.68,High Value,0.8931693904661868,0.9210201118353981,82.26269718951218,6917.0,2,Priority 4 - High Value Watchlist,0,0,213
JIO10051060,Andhra Pradesh & Telangana,0.4146421859219628,493.6,5923.200000000001,High Value,0.8461490932682505,0.9716858722852112,82.21911197757005,9961.0,2,Priority 4 - High Value Watchlist,0,0,214
JIO10036850,Madhya Pradesh & Chhattisgarh,0.9401229153240964,299.53,3594.36,High Value,0.99277086100899,0.8281689270598412,82.218197877809,469.0,1,Priority 1 - High Risk / High Value,1,1,215
JIO10003535,Kerala,0.5878493860112171,363.85,4366.200000000001,High Value,0.9056659149185949,0.907187432419908,82.1608735985227,6108.0,1,Priority 1 - High Risk / High Value,0,0,216
JIO10003360,Mumbai,0.6489260085864037,347.18,4166.16,High Value,0.921792455744694,0.8912694244493188,82.15654314932976,5064.0,1,Priority 1 - High Risk / High Value,0,0,217
JIO10064249,Punjab,0.7793356157386717,320.76,3849.12,High Value,0.9537674935895456,0.8605919243720844,82.08046027117668,2994.0,1,Priority 1 - High Risk / High Value,0,1,218
JIO10007338,Maharashtra & Goa,0.49392463227227157,403.31,4839.72,High Value,0.8765639964163242,0.9359726899193673,82.04399616122576,7992.0,2,Priority 4 - High Value Watchlist,0,0,219
JIO10037701,Tamil Nadu,0.708388264430532,332.44,3989.28,High Value,0.9370694182705676,0.8754363743087522,82.03446540063972,4075.0,1,Priority 1 - High Risk / High Value,1,1,220
JIO10002912,Maharashtra & Goa,0.7477843704526209,325.18,3902.16,High Value,0.9463220983039328,0.8662300349099447,81.97326242498679,3476.0,1,Priority 1 - High Risk / High Value,0,0,221
JIO10052020,Punjab,0.9264133031539463,299.53,3594.36,High Value,0.989758719762736,0.8281689270598412,81.96874169940271,664.0,1,Priority 1 - High Risk / High Value,1,1,222
JIO10005457,Karnataka,0.7044458446461421,332.45,3989.4,High Value,0.9361271587012265,0.87548271494331,81.95631464319166,4136.0,1,Priority 1 - High Risk / High Value,0,0,223
JIO10019593,Madhya Pradesh & Chhattisgarh,0.7566401514758965,322.99,3875.88,High Value,0.9484383206154037,0.8638589391084062,81.9316921456581,3339.0,1,Priority 1 - High Risk / High Value,0,0,224
JIO10006890,Andhra Pradesh & Telangana,0.447408700767489,436.35,5236.200000000001,High Value,0.8592789397262813,0.9522459760882326,81.82449126917143,9111.0,2,Priority 4 - High Value Watchlist,0,0,225
JIO10020654,Kerala,0.45051438423225126,432.43,5189.16,High Value,0.8605610306157125,0.9505159257314096,81.797696466407,9028.0,2,Priority 4 - High Value Watchlist,0,0,226
JIO10041405,Mumbai,0.516426931089821,385.99,4631.88,High Value,0.8839012635546356,0.9250054064073651,81.76134475183392,7517.0,2,Priority 4 - High Value Watchlist,0,0,227
JIO10053695,Kolkata,0.425520499964544,457.91,5494.92,High Value,0.8505977941857951,0.960896227872347,81.73362118696694,9673.0,2,Priority 4 - High Value Watchlist,0,0,228
JIO10062147,Bihar & Jharkhand,0.8551522414027576,306.67,3680.04,High Value,0.9719021285798141,0.8402870029966943,81.66767268304397,1820.0,1,Priority 1 - High Risk / High Value,0,1,229
JIO10036157,Bihar & Jharkhand,0.5428489022938656,371.86,4462.32,High Value,0.8927368778769811,0.9138759306744108,81.5850745117194,6945.0,2,Priority 4 - High Value Watchlist,0,0,230
JIO10035045,Haryana,0.7284985635147461,324.97,3899.64,High Value,0.9419660786555037,0.8660910130062714,81.58283552802904,3758.0,1,Priority 1 - High Risk / High Value,0,0,231
JIO10007478,Madhya Pradesh & Chhattisgarh,0.9399270035158884,295.85,3550.2000000000003,High Value,0.9927399672526183,0.8217661960517779,81.58001465577507,471.0,1,Priority 1 - High Risk / High Value,0,1,232
JIO10060997,Uttar Pradesh West,0.6677164239447186,335.78,4029.36,High Value,0.9268126911551176,0.8794062220025333,81.50448472327227,4739.0,1,Priority 1 - High Risk / High Value,0,1,233
JIO10006712,West Bengal,0.5342064418695655,373.58,4482.96,High Value,0.8898174178998425,0.915134851246563,81.43029303663731,7134.0,2,Priority 4 - High Value Watchlist,0,0,234
JIO10019063,Rajasthan,0.8284953488691511,308.58,3702.96,High Value,0.9657233773054466,0.8430442707528808,81.41475603694794,2220.0,1,Priority 1 - High Risk / High Value,0,0,235
JIO10059499,Delhi NCR,0.8538422508996978,304.16,3649.92,High Value,0.9715931910160956,0.8360391114955668,81.22899081522391,1840.0,1,Priority 1 - High Risk / High Value,0,0,236
JIO10049697,Odisha,0.5170713652980872,377.32,4527.84,High Value,0.8841793073619821,0.9182705675183046,81.19158343592288,7499.0,2,Priority 4 - High Value Watchlist,0,0,237
JIO10035488,Andhra Pradesh & Telangana,0.7876533707161617,313.13,3757.56,High Value,0.9559609502919459,0.8493079798572708,81.19052635148894,2852.0,1,Priority 1 - High Risk / High Value,0,0,238
JIO10058611,Punjab,0.3631101277918685,580.11,6961.32,High Value,0.8226389446692823,0.9863913003182057,81.14438983247298,11483.0,2,Priority 4 - High Value Watchlist,0,0,239
JIO10050330,Haryana,0.8515987360701472,303.73,3644.76,High Value,0.9711297846705181,0.835405789489944,81.12874444598735,1870.0,1,Priority 1 - High Risk / High Value,0,1,240
JIO10023829,Maharashtra & Goa,0.8488847984564734,303.92,3647.04,High Value,0.9704192282739659,0.8356838332972906,81.09636605893863,1916.0,1,Priority 1 - High Risk / High Value,1,1,241
JIO10028291,Andhra Pradesh & Telangana,0.557743038012727,359.45,4313.4,High Value,0.8972782600636411,0.9034415644598227,81.06384750276835,6651.0,2,Priority 4 - High Value Watchlist,0,0,242
JIO10024343,Rajasthan,0.38495312511409496,498.7,5984.4,High Value,0.8332972906175662,0.9726821959282029,81.05334384989162,10793.0,2,Priority 4 - High Value Watchlist,0,0,243
JIO10046639,Tamil Nadu,0.6287708089084133,339.62,4075.44,High Value,0.9170966047761747,0.883630943186382,81.03749378714,5368.0,1,Priority 1 - High Risk / High Value,0,1,244
JIO10013958,Uttar Pradesh East,0.6912660561049403,327.3,3927.6,High Value,0.9327288455003244,0.8685779603942043,81.01477182255127,4356.0,1,Priority 1 - High Risk / High Value,0,0,245
JIO10045375,Uttar Pradesh West,0.9010973417483026,296.82,3561.84,High Value,0.9834872872192529,0.8235039698476938,80.99056853197939,1070.0,1,Priority 1 - High Risk / High Value,1,1,246
JIO10038056,Andhra Pradesh & Telangana,0.655539420011094,333.47,4001.64,High Value,0.9234916123451451,0.8767802527109271,80.96992092483978,4954.0,1,Priority 1 - High Risk / High Value,0,0,247
JIO10034809,Uttar Pradesh East,0.6162556906315412,341.77,4101.24,High Value,0.9137137384534586,0.8857008248632952,80.92770118371534,5587.0,1,Priority 1 - High Risk / High Value,0,0,248
JIO10043767,Punjab,0.6700510020248688,330.29,3963.480000000001,High Value,0.9273378850134388,0.8726636596743798,80.92540724905267,4705.0,1,Priority 1 - High Risk / High Value,0,0,249
JIO10034332,Karnataka,0.6457762786758091,335.13,4021.56,High Value,0.9210201118353981,0.8785798140195866,80.91896785646429,5114.0,1,Priority 1 - High Risk / High Value,0,0,250
JIO10008018,Uttar Pradesh West,0.9366910324217063,292.32,3507.84,High Value,0.9920911983688097,0.8156028916555964,80.9152450175667,513.0,1,Priority 1 - High Risk / High Value,1,1,251
JIO10031169,Madhya Pradesh & Chhattisgarh,0.47414466085823176,393.6,4723.200000000001,High Value,0.8696592418672187,0.9303036856251352,80.90471979470344,8439.0,2,Priority 4 - High Value Watchlist,0,0,252
JIO10060279,Uttar Pradesh West,0.550059843268843,359.43,4313.16,High Value,0.8949457814575674,0.9034029472643579,80.84966566105703,6802.0,2,Priority 4 - High Value Watchlist,0,0,253
JIO10030417,Tamil Nadu,0.37083995321614377,522.47,6269.64,High Value,0.826516111093948,0.9778182829250208,80.81825645597499,11232.0,2,Priority 4 - High Value Watchlist,0,0,254
JIO10010300,Uttar Pradesh West,0.42131949851517947,435.75,5229.0,High Value,0.8487750625598567,0.9519447619636071,80.79869748891885,9791.0,2,Priority 4 - High Value Watchlist,1,1,255
JIO10040951,West Bengal,0.8408493002943349,302.82,3633.84,High Value,0.9688281998208162,0.8339615063795607,80.79654249455659,2019.0,1,Priority 1 - High Risk / High Value,0,1,256
JIO10005602,Delhi NCR,0.7425089569078432,316.53,3798.36,High Value,0.9450709011708733,0.8543745559022522,80.74445314840062,3557.0,1,Priority 1 - High Risk / High Value,0,0,257
JIO10008928,Delhi NCR,0.4915694291335918,381.61,4579.32,High Value,0.8757916525070283,0.9219392010874602,80.74266564313962,8042.0,2,Priority 4 - High Value Watchlist,0,0,258
JIO10043219,Maharashtra & Goa,0.6405228378291797,334.49,4013.88,High Value,0.9197843615805246,0.8778151935493836,80.74006873845045,5194.0,1,Priority 1 - High Risk / High Value,0,0,259
JIO10035411,Maharashtra & Goa,0.7170011927622594,319.96,3839.52,High Value,0.9393401093638976,0.8594488553863264,80.73147818112685,3928.0,1,Priority 1 - High Risk / High Value,1,1,260
JIO10011689,Haryana,0.767968345451525,312.82,3753.84,High Value,0.950832586734221,0.8489372547808088,80.7197205938285,3184.0,1,Priority 1 - High Risk / High Value,0,0,261
JIO10036781,Madhya Pradesh & Chhattisgarh,0.6196437711879937,338.57,4062.84,High Value,0.9147023386573574,0.8823797460533226,80.71148172988593,5523.0,1,Priority 1 - High Risk / High Value,0,0,262
JIO10062760,Andhra Pradesh & Telangana,0.40803227472747616,447.18,5366.16,High Value,0.843584911489388,0.956733294201242,80.70857713077054,10127.0,2,Priority 4 - High Value Watchlist,0,0,263
JIO10057057,Odisha,0.7800982733692287,310.48,3725.76,High Value,0.9539991967623344,0.8457165806790448,80.68129386563967,2979.0,1,Priority 1 - High Risk / High Value,1,1,264
JIO10044537,Maharashtra & Goa,0.7965394502578215,307.74,3692.88,High Value,0.958061725725231,0.8420942877444468,80.6778306539804,2716.0,1,Priority 1 - High Risk / High Value,0,0,265
JIO10035242,Tamil Nadu,0.5931708523343098,344.5,4134.0,High Value,0.9071951558590009,0.8889292224041522,80.64322844665554,6009.0,1,Priority 1 - High Risk / High Value,0,0,266
JIO10000185,Maharashtra & Goa,0.4513887863361355,404.2,4850.4,High Value,0.8609472025703605,0.9364824368995026,80.62619343049009,9003.0,2,Priority 4 - High Value Watchlist,0,0,267
JIO10024143,Gujarat,0.8113177715611373,305.45,3665.4,High Value,0.9616762952207359,0.8383329729061757,80.62049475457967,2482.0,1,Priority 1 - High Risk / High Value,0,1,268
JIO10059801,Karnataka,0.36368063203635337,528.37,6340.4400000000005,High Value,0.822901541598443,0.9789922456671507,80.56142281724199,11466.0,2,Priority 4 - High Value Watchlist,0,0,269
JIO10014193,Uttar Pradesh West,0.934799871764687,290.61,3487.32,High Value,0.9915042169977447,0.8122200253328802,80.53195802475658,551.0,1,Priority 1 - High Risk / High Value,0,0,270
JIO10022317,Tamil Nadu,0.49350343316894557,378.01,4536.12,High Value,0.876424974512651,0.9187803144984399,80.52420137170206,8001.0,2,Priority 4 - High Value Watchlist,0,1,271
JIO10007806,Tamil Nadu,0.35563158798028566,555.48,6665.76,High Value,0.8188081188791745,0.9831860730946276,80.50407390188145,11731.0,2,Priority 4 - High Value Watchlist,0,0,272
JIO10005758,Punjab,0.7757875257386297,309.81,3717.72,High Value,0.9527634465074608,0.8447665976706108,80.48627350910327,3059.0,1,Priority 1 - High Risk / High Value,0,0,273
JIO10034560,West Bengal,0.7519801365826433,313.1,3757.2,High Value,0.9472798047514597,0.8492693626618061,80.44957160436724,3414.0,1,Priority 1 - High Risk / High Value,0,0,274
JIO10052395,Bihar & Jharkhand,0.521237224981261,365.01,4380.12,High Value,0.8857703358151318,0.9081683091847138,80.44285482032043,7396.0,2,Priority 4 - High Value Watchlist,0,0,275
JIO10053625,Karnataka,0.8710401347129005,297.24,3566.88,High Value,0.9760109981772683,0.8240755043405728,80.43067555648781,1554.0,1,Priority 1 - High Risk / High Value,1,1,276
JIO10058484,Maharashtra & Goa,0.4376218578891275,411.56,4938.72,High Value,0.8552781982761284,0.9403596033241682,80.42690672627494,9370.0,2,Priority 4 - High Value Watchlist,0,0,277
JIO10063310,Bihar & Jharkhand,0.5976135725196097,341.29,4095.480000000001,High Value,0.9084463529920603,0.8852219716395316,80.41766717243736,5928.0,1,Priority 1 - High Risk / High Value,0,0,278
JIO10060744,Rajasthan,0.5501161723989145,354.24,4250.88,High Value,0.895023015848497,0.8983132009020977,80.40109902479122,6797.0,2,Priority 4 - High Value Watchlist,0,0,279
JIO10015883,Uttar Pradesh East,0.7859743466492369,307.23,3686.76,High Value,0.9555284377027403,0.8414146251042665,80.39956021861167,2880.0,1,Priority 1 - High Risk / High Value,0,0,280
JIO10004097,Tamil Nadu,0.5761035759771823,346.49,4157.88,High Value,0.9025765392814112,0.8907674009082764,80.39857580164895,6308.0,1,Priority 1 - High Risk / High Value,0,0,281
JIO10010127,Delhi NCR,0.4424123256215529,406.02,4872.24,High Value,0.8573944205875993,0.9375791652507028,80.38751451451314,9233.0,2,Priority 4 - High Value Watchlist,0,0,282
JIO10050596,Bihar & Jharkhand,0.44817292080360926,401.33,4815.96,High Value,0.8595724304118137,0.9349068553245389,80.36201578399799,9092.0,2,Priority 4 - High Value Watchlist,0,0,283
JIO10036436,Uttar Pradesh East,0.927928155308548,290.09,3481.08,High Value,0.9900831042046403,0.8112314251289814,80.31865276200561,643.0,1,Priority 1 - High Risk / High Value,0,1,284
JIO10030090,Uttar Pradesh East,0.8461937234181014,299.46,3593.5199999999995,High Value,0.9698631406592728,0.8280607989125398,80.31056470901424,1952.0,1,Priority 1 - High Risk / High Value,1,1,285
JIO10030013,Uttar Pradesh West,0.7982304570620707,305.15,3661.8,High Value,0.9583397695325775,0.8378541196824122,80.29489239583634,2698.0,1,Priority 1 - High Risk / High Value,0,0,286
JIO10001559,Uttar Pradesh West,0.6718194610893722,324.11,3889.32,High Value,0.9278167382372022,0.8651642003151163,80.27138263759687,4674.0,1,Priority 1 - High Risk / High Value,0,0,287
JIO10039076,Bihar & Jharkhand,0.5804175464031646,343.67,4124.04,High Value,0.9036114801198678,0.8879174518829744,80.2332402920236,6241.0,1,Priority 1 - High Risk / High Value,0,0,288
JIO10049460,Madhya Pradesh & Chhattisgarh,0.7678168372720798,309.23,3710.76,High Value,0.9507090117087337,0.8439170193703852,80.23195154497992,3192.0,1,Priority 1 - High Risk / High Value,0,0,289
JIO10010777,Himachal Pradesh,0.6474356930709365,328.7,3944.4,High Value,0.9215144119373475,0.8704547560937934,80.21366026798393,5082.0,1,Priority 1 - High Risk / High Value,0,0,290
JIO10026331,Maharashtra & Goa,0.5027534711262852,367.83,4413.96,High Value,0.8797306064444376,0.9107093206462974,80.1178862946769,7787.0,2,Priority 4 - High Value Watchlist,0,0,291
JIO10050380,Mumbai,0.33333649417660965,659.8,7917.599999999999,High Value,0.8070839383360623,0.9926009453489449,80.1112280168325,12490.0,2,Priority 4 - High Value Watchlist,0,0,292
JIO10003359,Kolkata,0.5045050139819423,366.87,4402.4400000000005,High Value,0.8802866940591306,0.9099292532979085,80.09986142133091,7751.0,2,Priority 4 - High Value Watchlist,0,0,293
JIO10052061,Madhya Pradesh & Chhattisgarh,0.6879741321201779,319.88,3838.56,High Value,0.9319101609564707,0.8592943866044672,80.07851701295608,4409.0,1,Priority 1 - High Risk / High Value,0,0,294
JIO10018515,Uttar Pradesh East,0.8479636462673451,297.76,3573.12,High Value,0.970202971979363,0.825172232691773,80.05845525524047,1930.0,1,Priority 1 - High Risk / High Value,1,1,295
JIO10042525,West Bengal,0.7441498268673803,311.27,3735.24,High Value,0.9454570731255213,0.8466897340047577,80.05087977575643,3532.0,1,Priority 1 - High Risk / High Value,0,0,296
JIO10033036,West Bengal,0.5479861225674216,350.58,4206.96,High Value,0.8942815656955729,0.894636843893849,80.00572374863371,6845.0,2,Priority 4 - High Value Watchlist,0,0,297
JIO10064111,Uttar Pradesh East,0.3751447816725607,471.7,5660.4,High Value,0.8283233958417003,0.9655843554017733,79.98161122380162,11115.0,2,Priority 4 - High Value Watchlist,0,0,298
JIO10045843,Karnataka,0.42421376272341316,412.72,4952.64,High Value,0.8499953659365442,0.9409620315734191,79.98133663596424,9712.0,2,Priority 4 - High Value Watchlist,0,0,299
JIO10024309,Andhra Pradesh & Telangana,0.8512219313606849,296.8,3561.6000000000004,High Value,0.9710062096450307,0.8234190120176712,79.95449738089349,1878.0,1,Priority 1 - High Risk / High Value,0,1,300
JIO10055932,Madhya Pradesh & Chhattisgarh,0.5813700516722285,340.46,4085.52,High Value,0.9037813957799129,0.8844110105347709,79.93142175442385,6230.0,1,Priority 1 - High Risk / High Value,0,0,301
JIO10018514,Uttar Pradesh East,0.3651657199815278,488.82,5865.84,High Value,0.8235966511168092,0.9704269517130588,79.92403875843688,11421.0,2,Priority 4 - High Value Watchlist,0,0,302
JIO10004205,Tamil Nadu,0.7691021164537402,306.5,3678.0,High Value,0.9511569711761253,0.8400630232629985,79.90318008038926,3163.0,1,Priority 1 - High Risk / High Value,1,1,303
JIO10036058,Uttar Pradesh West,0.8350973388266141,298.12,3577.44,High Value,0.9672680651240384,0.8257746609410238,79.8745458516883,2120.0,1,Priority 1 - High Risk / High Value,0,1,304
JIO10047138,Maharashtra & Goa,0.8872367828790974,292.06,3504.7200000000003,High Value,0.979888164601934,0.8150776977972751,79.86849893025418,1303.0,1,Priority 1 - High Risk / High Value,0,0,305
JIO10023877,Rajasthan,0.6315558151901816,328.43,3941.16,High Value,0.9177917142945411,0.8700531372609596,79.85275603740799,5323.0,1,Priority 1 - High Risk / High Value,0,0,306
JIO10005975,Gujarat,0.44660916557709646,392.56,4710.72,High Value,0.8590317896753066,0.9295004479594674,79.84704333146205,9127.0,2,Priority 4 - High Value Watchlist,0,0,307
JIO10026044,Madhya Pradesh & Chhattisgarh,0.9508076925681324,285.63,3427.56,High Value,0.995257808396923,0.802195001390219,79.8390838990596,308.0,1,Priority 1 - High Risk / High Value,0,1,308
JIO10012802,Madhya Pradesh & Chhattisgarh,0.5658837560540655,342.9,4114.799999999999,High Value,0.8994871636442275,0.8870060860700053,79.78505884942766,6508.0,2,Priority 4 - High Value Watchlist,0,0,309
JIO10029306,Bihar & Jharkhand,0.52681650535796,354.5,4254.0,High Value,0.8876703018319998,0.8986221384658161,79.7680184884868,7273.0,2,Priority 4 - High Value Watchlist,0,1,310
JIO10038707,Tamil Nadu,0.37600190545481843,461.59,5539.08,High Value,0.8288022490654638,0.9622632765918008,79.75259678323869,11084.0,2,Priority 4 - High Value Watchlist,0,0,311
JIO10064687,Uttar Pradesh East,0.8245638330347944,298.68,3584.16,High Value,0.9646420958324322,0.8266783033149001,79.74486910888844,2290.0,1,Priority 1 - High Risk / High Value,0,0,312
JIO10023844,Gujarat,0.3840641593249536,448.62,5383.4400000000005,High Value,0.8329111186629182,0.9571812536686336,79.72469087563161,10818.0,2,Priority 4 - High Value Watchlist,0,0,313
JIO10040801,Karnataka,0.43201756755146936,400.11,4801.32,High Value,0.8531774228428435,0.934149958293429,79.69956539655374,9506.0,2,Priority 4 - High Value Watchlist,0,0,314
JIO10046375,Delhi NCR,0.5554507458001199,344.38,4132.56,High Value,0.8965213630325312,0.8888056473786647,79.68332504589317,6700.0,2,Priority 4 - High Value Watchlist,0,0,315
JIO10043274,West Bengal,0.5602812234942345,343.17,4118.04,High Value,0.8979888164601934,0.8872841298773518,79.67712256524756,6605.0,2,Priority 4 - High Value Watchlist,0,0,316
JIO10049764,Gujarat,0.4472597453500153,388.92,4667.04,High Value,0.8591708115789799,0.9273224381352528,79.67283717680635,9118.0,2,Priority 4 - High Value Watchlist,0,0,317
JIO10005070,Karnataka,0.451829653356714,386.06,4632.72,High Value,0.8611016713522197,0.9250749173592017,79.6583557464025,8993.0,2,Priority 4 - High Value Watchlist,0,0,318
JIO10047682,Himachal Pradesh,0.405487159706803,421.26,5055.12,High Value,0.8426272050418611,0.9452253699527325,79.64726116179301,10189.0,2,Priority 4 - High Value Watchlist,0,1,319
JIO10046351,West Bengal,0.38156120483872896,448.89,5386.68,High Value,0.8316753684080447,0.957273934937749,79.6141152506771,10898.0,2,Priority 4 - High Value Watchlist,0,0,320
JIO10022099,Madhya Pradesh & Chhattisgarh,0.8218443375711553,298.16,3577.92,High Value,0.9639624331922518,0.8258441718928604,79.6082757375482,2334.0,1,Priority 1 - High Risk / High Value,0,1,321
JIO10029329,Rajasthan,0.3286506546074867,617.61,7411.32,High Value,0.8041799252371096,0.9896351447372486,79.58447167068167,12678.0,2,Priority 4 - High Value Watchlist,0,0,322
JIO10010634,Uttar Pradesh West,0.7312267288840042,309.23,3710.76,High Value,0.9425839537829405,0.8439170193703852,79.5462640782852,3718.0,1,Priority 1 - High Risk / High Value,0,0,323
JIO10034041,Rajasthan,0.6425895073617468,323.44,3881.28,High Value,0.9201241929006148,0.8643841329667274,79.53407527021078,5172.0,1,Priority 1 - High Risk / High Value,0,0,324
JIO10026884,Andhra Pradesh & Telangana,0.4570039282043998,381.35,4576.200000000001,High Value,0.8629707436127159,0.921607093206463,79.5319958543135,8872.0,2,Priority 4 - High Value Watchlist,0,0,325
JIO10014489,Bihar & Jharkhand,0.8844017369144624,290.45,3485.4,High Value,0.979115820692638,0.8119110877691619,79.49549910305555,1353.0,1,Priority 1 - High Risk / High Value,1,1,326
JIO10062740,Odisha,0.5806273024463284,336.0,4032.0,High Value,0.9036578207544256,0.879661095492601,79.49126285552944,6238.0,1,Priority 1 - High Risk / High Value,0,0,327
JIO10013570,Rajasthan,0.8148267122293491,298.03,3576.36,High Value,0.9625104266427755,0.8256356390373506,79.4682911181321,2428.0,1,Priority 1 - High Risk / High Value,0,0,328
JIO10034193,Uttar Pradesh East,0.4343609648837322,393.4,4720.799999999999,High Value,0.8540578948994408,0.930156940282369,79.44078783436649,9449.0,2,Priority 4 - High Value Watchlist,0,0,329
JIO10028324,Madhya Pradesh & Chhattisgarh,0.8903267004224391,289.47,3473.6400000000003,High Value,0.9807068491457877,0.8099338873613643,79.43077106905628,1250.0,1,Priority 1 - High Risk / High Value,0,0,330
JIO10042702,West Bengal,0.5958057563722556,331.9,3982.8,High Value,0.9078439247428095,0.8748648398158733,79.42407297979317,5967.0,1,Priority 1 - High Risk / High Value,0,1,331
JIO10037738,Mumbai,0.6039929929841797,329.86,3958.32,High Value,0.9102690846179987,0.872045784546943,79.37963180445303,5810.0,1,Priority 1 - High Risk / High Value,0,0,332
JIO10022858,Punjab,0.8771045698742193,290.55,3486.6000000000004,High Value,0.9774630047267447,0.8120964503073929,79.37942364453878,1460.0,1,Priority 1 - High Risk / High Value,0,1,333
JIO10026904,Delhi NCR,0.4343075347171052,391.72,4700.64,High Value,0.854027001143069,0.9290988291266336,79.34754868045555,9451.0,2,Priority 4 - High Value Watchlist,0,0,334
JIO10032302,Haryana,0.7849577387883659,301.02,3612.24,High Value,0.9552195001390219,0.8306095338132163,79.34144236997666,2900.0,1,Priority 1 - High Risk / High Value,0,0,335
JIO10035776,Maharashtra & Goa,0.45940973477478386,376.75,4521.0,High Value,0.8638512156693132,0.9178689486854706,79.29022071470582,8815.0,2,Priority 4 - High Value Watchlist,0,0,336
JIO10011767,Tamil Nadu,0.5905291567310941,331.86,3982.32,High Value,0.9063455775587753,0.8748107757422225,79.28808777947249,6064.0,1,Priority 1 - High Risk / High Value,0,0,337
JIO10062027,Uttar Pradesh East,0.4972620696097219,359.23,4310.76,High Value,0.8775834903765949,0.903194414408848,79.26285066855615,7926.0,2,Priority 4 - High Value Watchlist,0,0,338
JIO10038840,Karnataka,0.4999271499036125,358.1,4297.200000000001,High Value,0.8786802187277951,0.90205134542309,79.26146735000626,7855.0,2,Priority 4 - High Value Watchlist,0,0,339
JIO10029510,Andhra Pradesh & Telangana,0.5026463775226324,356.28,4275.36,High Value,0.8796997126880658,0.9002672309926164,79.19648244466853,7789.0,2,Priority 4 - High Value Watchlist,0,0,340
JIO10003807,Bihar & Jharkhand,0.8038104617616926,297.41,3568.92,High Value,0.9599616917420989,0.8244307825388489,79.14219687302558,2593.0,1,Priority 1 - High Risk / High Value,0,0,341
JIO10047523,Rajasthan,0.5724357162946389,334.43,4013.16,High Value,0.9014180234174674,0.877745682597547,79.12157782702965,6383.0,1,Priority 1 - High Risk / High Value,0,0,342
JIO10014811,Tamil Nadu,0.564034736279283,336.4,4036.8,High Value,0.8988847353949767,0.880217183107294,79.12137897275117,6547.0,2,Priority 4 - High Value Watchlist,0,0,343
JIO10010829,Kerala,0.3758491788198752,442.42,5309.04,High Value,0.8287250146745343,0.9546556890852359,79.11470499462898,11089.0,2,Priority 4 - High Value Watchlist,0,0,344
JIO10063343,Kerala,0.5787842407047598,332.48,3989.76,High Value,0.9032562019215916,0.8755136086996818,79.08130969247411,6264.0,1,Priority 1 - High Risk / High Value,0,0,345
JIO10058012,Gujarat,0.813109247347745,295.93,3551.16,High Value,0.9621397015663135,0.8219283882727301,79.08099342016055,2452.0,1,Priority 1 - High Risk / High Value,0,1,346
JIO10025566,Tamil Nadu,0.6169677235193863,324.19,3890.28,High Value,0.9139145478698755,0.86522598782786,79.07426174709651,5574.0,1,Priority 1 - High Risk / High Value,0,0,347
JIO10041770,Gujarat,0.8197396807643621,295.09,3541.08,High Value,0.9635144737248602,0.8205304457969045,79.05929606572293,2363.0,1,Priority 1 - High Risk / High Value,0,0,348
JIO10060677,Maharashtra & Goa,0.5228681292459513,347.73,4172.76,High Value,0.8863418703080107,0.8917173839167104,79.03664538469035,7359.0,2,Priority 4 - High Value Watchlist,0,0,349
JIO10033690,Rajasthan,0.48252961917805226,361.96,4343.52,High Value,0.8726868299916587,0.9055423398931076,79.02548740245452,8243.0,2,Priority 4 - High Value Watchlist,0,0,350
JIO10044793,Odisha,0.7010627361081863,309.79,3717.480000000001,High Value,0.9352621335228151,0.844727980475146,79.0042093265604,4192.0,1,Priority 1 - High Risk / High Value,0,0,351
JIO10062899,Uttar Pradesh East,0.8747070050458979,288.67,3464.04,High Value,0.9768760233556798,0.8080493682226821,78.93640535044432,1498.0,1,Priority 1 - High Risk / High Value,1,1,352
JIO10022133,Haryana,0.5689286784085451,333.27,3999.24,High Value,0.900336741944453,0.8765176557817665,78.91610504633452,6453.0,1,Priority 1 - High Risk / High Value,0,0,353
JIO10020187,Madhya Pradesh & Chhattisgarh,0.4672521213343543,366.99,4403.88,High Value,0.8671568476010998,0.9100528283233958,78.91585417593808,8601.0,2,Priority 4 - High Value Watchlist,0,0,354
JIO10063105,Tamil Nadu,0.3809015084487432,429.14,5149.68,High Value,0.8313200902097686,0.9492570051592573,78.91364191612486,10921.0,2,Priority 4 - High Value Watchlist,0,0,355
JIO10024341,Rajasthan,0.5441018364414728,339.27,4071.24,High Value,0.893123049831629,0.8831289196453397,78.87427941081575,6920.0,2,Priority 4 - High Value Watchlist,0,0,356
JIO10048959,Uttar Pradesh East,0.44450822934140083,377.85,4534.200000000001,High Value,0.8582903395223825,0.9186876332293243,78.85007206394108,9175.0,2,Priority 4 - High Value Watchlist,0,0,357
JIO10036140,Kerala,0.7579568933642378,301.11,3613.32,High Value,0.9487627050573079,0.8307408322777966,78.81759192334415,3318.0,1,Priority 1 - High Risk / High Value,0,0,358
JIO10001668,Mumbai,0.8272121383649447,292.55,3510.6000000000004,High Value,0.9654298866199141,0.8160276808057092,78.78175113589673,2239.0,1,Priority 1 - High Risk / High Value,0,1,359
JIO10033193,Bihar & Jharkhand,0.4147730486558981,394.59,4735.08,High Value,0.84622632765918,0.9309524545089437,78.77964768044033,9956.0,2,Priority 4 - High Value Watchlist,0,0,360
JIO10017486,Madhya Pradesh & Chhattisgarh,0.8008558255878031,295.46,3545.5199999999995,High Value,0.9592356884673607,0.8211560443634341,78.76821835540933,2640.0,1,Priority 1 - High Risk / High Value,0,0,361
JIO10037523,Maharashtra & Goa,0.5500695805116035,335.43,4025.16,High Value,0.8949612283357533,0.8789891562915135,78.66612150084605,6801.0,2,Priority 4 - High Value Watchlist,0,0,362
JIO10012362,Punjab,0.39995639390219184,402.89,4834.68,High Value,0.8400475763848126,0.9357796039420433,78.60993883218534,10356.0,2,Priority 4 - High Value Watchlist,0,0,363
JIO10015486,Andhra Pradesh & Telangana,0.42226756740707005,386.6,4639.200000000001,High Value,0.8491612345145046,0.9255383237047793,78.59312655476356,9766.0,2,Priority 4 - High Value Watchlist,0,0,364
JIO10012823,Rajasthan,0.8813305871992329,286.11,3433.32,High Value,0.9785442861997591,0.803144984398653,78.59129354732966,1390.0,1,Priority 1 - High Risk / High Value,1,1,365
JIO10035447,Delhi NCR,0.51985837978881,343.59,4123.08,High Value,0.8851988013222528,0.8878247706138589,78.59014227315919,7433.0,2,Priority 4 - High Value Watchlist,0,0,366
JIO10013853,Kerala,0.6646308711579129,312.45,3749.4,High Value,0.9260094534894497,0.8482884858970002,78.5523157226874,4791.0,1,Priority 1 - High Risk / High Value,0,0,367
JIO10028412,Uttar Pradesh East,0.7347213247573292,302.0,3624.0,High Value,0.9432790633013068,0.8322932435354815,78.50847911541554,3673.0,1,Priority 1 - High Risk / High Value,0,0,368
JIO10056275,West Bengal,0.5105072017443381,345.48,4145.76,High Value,0.882124872563255,0.8898019710216565,78.49164502940118,7632.0,2,Priority 4 - High Value Watchlist,0,0,369
JIO10036794,West Bengal,0.7866353206569426,295.42,3545.04,High Value,0.9557292471191572,0.8210247458988539,78.4677362264109,2867.0,1,Priority 1 - High Risk / High Value,0,0,370
JIO10038269,Karnataka,0.4979432299694808,349.87,4198.4400000000005,High Value,0.8778460873057555,0.8938490531063672,78.4661893911379,7909.0,2,Priority 4 - High Value Watchlist,0,0,371
JIO10063716,Punjab,0.6913019129200554,306.77,3681.24,High Value,0.9327442923785103,0.8404800889740184,78.39530058482981,4355.0,1,Priority 1 - High Risk / High Value,0,0,372
JIO10059966,Andhra Pradesh & Telangana,0.4491590440890843,368.44,4421.28,High Value,0.8599431554882758,0.9111958973091538,78.35766752000048,9068.0,2,Priority 4 - High Value Watchlist,0,0,373
JIO10042026,Uttar Pradesh East,0.8300386468877423,289.97,3479.6400000000003,High Value,0.9660632086255367,0.8110228922734716,78.3499377578473,2198.0,1,Priority 1 - High Risk / High Value,0,0,374
JIO10059558,Gujarat,0.5000375411460071,347.13,4165.56,High Value,0.8787420062405388,0.8911921900583892,78.31280130378084,7851.0,2,Priority 4 - High Value Watchlist,0,0,375
JIO10002169,Uttar Pradesh West,0.3706911734328276,425.75,5109.0,High Value,0.8263616423120888,0.9476582532670147,78.31084305203356,11242.0,2,Priority 4 - High Value Watchlist,0,0,376
JIO10045797,Mumbai,0.7058802943073637,304.29,3651.480000000001,High Value,0.9364515431431307,0.8362013037165189,78.30620012436319,4115.0,1,Priority 1 - High Risk / High Value,0,0,377
JIO10045327,Gujarat,0.5851557250074744,324.03,3888.36,High Value,0.9049708054002286,0.8650637956069078,78.2857479832962,6153.0,1,Priority 1 - High Risk / High Value,0,0,378
JIO10045278,Rajasthan,0.7157396166994587,302.41,3628.92,High Value,0.9390466186783651,0.8331273749575211,78.23454443822426,3947.0,1,Priority 1 - High Risk / High Value,0,0,379
JIO10022287,Karnataka,0.685280807116752,306.43,3677.16,High Value,0.9311532639253607,0.839978065432976,78.21483172536259,4458.0,1,Priority 1 - High Risk / High Value,0,0,380
JIO10039767,Madhya Pradesh & Chhattisgarh,0.7897557025241575,293.41,3520.92,High Value,0.9564089097593377,0.8177191139670672,78.20738462786143,2823.0,1,Priority 1 - High Risk / High Value,0,1,381
JIO10040327,Uttar Pradesh West,0.7797464238903579,294.51,3534.12,High Value,0.9538910686150329,0.8197194846921437,78.1923095217553,2986.0,1,Priority 1 - High Risk / High Value,0,1,382
JIO10063713,Madhya Pradesh & Chhattisgarh,0.9165772722396348,280.47,3365.6400000000003,High Value,0.9873026661311749,0.7916525070283296,78.16006308384985,823.0,1,Priority 1 - High Risk / High Value,0,0,383
JIO10017385,Rajasthan,0.7770383112676689,294.59,3535.08,High Value,0.9530569371929933,0.8198276128394452,78.13423937190048,3040.0,1,Priority 1 - High Risk / High Value,0,0,384
JIO10063485,Delhi NCR,0.6577397717399119,310.27,3723.24,High Value,0.9240013593252804,0.8455157712626278,78.12577219776308,4921.0,1,Priority 1 - High Risk / High Value,0,0,385
JIO10005962,Andhra Pradesh & Telangana,0.6247601205361651,315.43,3785.16,High Value,0.9159998764249745,0.8528375915227533,78.11991284454149,5439.0,1,Priority 1 - High Risk / High Value,0,0,386
JIO10032241,Madhya Pradesh & Chhattisgarh,0.36442710720036464,428.5,5142.0,High Value,0.8231795854057895,0.9489326207173531,78.11419613001401,11448.0,2,Priority 4 - High Value Watchlist,0,0,387
JIO10032254,Uttar Pradesh West,0.2953117624964411,722.76,8673.119999999999,High Value,0.7839290679353703,0.9955204053260835,78.04173834579188,13989.0,3,Priority 4 - High Value Watchlist,0,0,388
JIO10046235,Bihar & Jharkhand,0.6279639734316493,314.28,3771.36,High Value,0.9168340078470141,0.8510998177268374,78.03172569643596,5385.0,1,Priority 1 - High Risk / High Value,1,1,389
JIO10016987,Maharashtra & Goa,0.8908871846690736,282.36,3388.32,High Value,0.9808613179276469,0.7954369921838796,78.02133764818835,1240.0,1,Priority 1 - High Risk / High Value,0,0,390
JIO10029774,Andhra Pradesh & Telangana,0.6166310016839777,315.94,3791.28,High Value,0.9137909728443881,0.853640829188421,78.00492837637773,5582.0,1,Priority 1 - High Risk / High Value,0,0,391
JIO10009293,Uttar Pradesh West,0.8818402873756821,283.02,3396.24,High Value,0.9786987549816182,0.796881275294263,77.99067119986593,1380.0,1,Priority 1 - High Risk / High Value,0,0,392
JIO10008503,Mumbai,0.45387297710332386,361.13,4333.56,High Value,0.8618740152615156,0.9047854428619976,77.98110625896385,8943.0,2,Priority 4 - High Value Watchlist,0,1,393
JIO10033409,Tamil Nadu,0.5996401678099562,318.82,3825.84,High Value,0.909064228119497,0.8577342519076895,77.9735525642118,5888.0,1,Priority 1 - High Risk / High Value,0,0,394
JIO10003143,Gujarat,0.38135956870346305,405.57,4866.84,High Value,0.8315672402607434,0.9373088448824493,77.94353294108835,10905.0,2,Priority 4 - High Value Watchlist,0,0,395
JIO10057137,Rajasthan,0.9113498378900148,279.82,3357.84,High Value,0.9858970002162563,0.7905171614816645,77.93684981242428,914.0,1,Priority 1 - High Risk / High Value,0,1,396
JIO10031016,Rajasthan,0.4074313089650364,384.26,4611.12,High Value,0.8433532083165992,0.923885507738886,77.91618070687998,10142.0,2,Priority 4 - High Value Watchlist,0,0,397
JIO10058434,Andhra Pradesh & Telangana,0.3847096932376882,401.61,4819.32,High Value,0.8332355031048225,0.9350458772282122,77.91134219383396,10797.0,2,Priority 4 - High Value Watchlist,0,0,398
JIO10006240,Uttar Pradesh West,0.4509641414194883,361.57,4338.84,High Value,0.8606537118848281,0.9051870616948314,77.90526045977776,9022.0,2,Priority 4 - High Value Watchlist,0,0,399
JIO10062312,Uttar Pradesh East,0.753157791017826,296.01,3552.12,High Value,0.9475115079242485,0.8220828570545893,77.89329675264683,3399.0,1,Priority 1 - High Risk / High Value,0,0,400
JIO10019714,Gujarat,0.8698824800586553,283.58,3402.96,High Value,0.9757484012481078,0.7981479193055083,77.87915562218535,1571.0,1,Priority 1 - High Risk / High Value,0,0,401
JIO10048297,Uttar Pradesh East,0.9538973219373849,274.93,3299.16,High Value,0.9958138960116161,0.7811949704964627,77.7924807114762,272.0,1,Priority 1 - High Risk / High Value,1,1,402
JIO10035273,West Bengal,0.42236113680914134,374.2,4490.4,High Value,0.8492230220272483,0.9156059810312336,77.75536781975676,9762.0,2,Priority 4 - High Value Watchlist,0,0,403
JIO10028715,Uttar Pradesh East,0.8542789562001015,284.46,3413.5199999999995,High Value,0.971732212919769,0.7998393524668664,77.72296639529432,1831.0,1,Priority 1 - High Risk / High Value,1,1,404
JIO10025002,Rajasthan,0.7548423936575629,294.46,3533.5199999999995,High Value,0.9480367017825697,0.8196113565448423,77.70216472023101,3365.0,1,Priority 1 - High Risk / High Value,0,0,405
JIO10032716,Maharashtra & Goa,0.3599950907289352,423.63,5083.56,High Value,0.8208934474342735,0.9465383545985356,77.70071330351568,11596.0,2,Priority 4 - High Value Watchlist,0,0,406
JIO10018358,Rajasthan,0.6076639602963936,315.12,3781.44,High Value,0.9112731317000834,0.8523896320553616,77.67597694317712,5745.0,1,Priority 1 - High Risk / High Value,0,0,407
JIO10030545,Andhra Pradesh & Telangana,0.4345842112014473,365.87,4390.4400000000005,High Value,0.8541351292903704,0.9090256109240322,77.64307077148563,9444.0,2,Priority 4 - High Value Watchlist,0,0,408
JIO10035068,West Bengal,0.6016258691439722,315.63,3787.56,High Value,0.9096821032469338,0.853270104111959,77.62045429462971,5848.0,1,Priority 1 - High Risk / High Value,0,0,409
JIO10005467,Punjab,0.855222594746566,283.72,3404.6400000000003,High Value,0.9719484692143717,0.7985109209428775,77.61114672613878,1817.0,1,Priority 1 - High Risk / High Value,0,1,410
JIO10027695,Tamil Nadu,0.44059793248433377,362.14,4345.68,High Value,0.8565911829219315,0.9056968086749668,77.58119007115081,9285.0,2,Priority 4 - High Value Watchlist,0,0,411
JIO10056318,Uttar Pradesh East,0.5635638961618379,322.49,3869.88,High Value,0.8987611603694893,0.8630788717600173,77.57017682734228,6555.0,2,Priority 4 - High Value Watchlist,0,1,412
JIO10024228,Bihar & Jharkhand,0.3488894482959223,433.9,5206.799999999999,High Value,0.8153016775309709,0.9512342055670548,77.55428435236603,11958.0,2,Priority 4 - High Value Watchlist,0,0,413
JIO10034484,Uttar Pradesh East,0.7438082281422721,294.81,3537.7200000000003,High Value,0.9453643918564059,0.8201751675986283,77.53643985326029,3538.0,1,Priority 1 - High Risk / High Value,0,0,414
JIO10053069,Uttar Pradesh East,0.5621900601274937,322.27,3867.24,High Value,0.8985449040748865,0.8627158701226482,77.51889487632371,6569.0,2,Priority 4 - High Value Watchlist,0,0,415
JIO10018231,Gujarat,0.437529475855894,362.85,4354.200000000001,High Value,0.8552473045197566,0.9062606197287528,77.50769522154201,9372.0,2,Priority 4 - High Value Watchlist,0,0,416
JIO10029435,Haryana,0.7570543674010812,293.09,3517.08,High Value,0.9485310018845191,0.8170780685223517,77.50238789533739,3333.0,1,Priority 1 - High Risk / High Value,0,0,417
JIO10061592,Madhya Pradesh & Chhattisgarh,0.37864302863036486,398.81,4785.72,High Value,0.8301615743458247,0.9335166362878062,77.49696404587039,10996.0,2,Priority 4 - High Value Watchlist,0,0,418
JIO10053503,Uttar Pradesh East,0.5634656883572563,321.89,3862.68,High Value,0.8987148197349316,0.862167505947048,77.48427146885169,6558.0,2,Priority 4 - High Value Watchlist,0,0,419
JIO10044083,Madhya Pradesh & Chhattisgarh,0.778948082674434,290.72,3488.6400000000003,High Value,0.9536593654422442,0.8124826222620408,77.48316619792685,3001.0,1,Priority 1 - High Risk / High Value,1,1,420
JIO10004760,Tamil Nadu,0.6945000214529436,300.61,3607.32,High Value,0.9334239550186907,0.8300302758812445,77.47701428983261,4311.0,1,Priority 1 - High Risk / High Value,0,0,421
JIO10001479,Rajasthan,0.7291398812197946,295.95,3551.4,High Value,0.9420742068028052,0.8219747289072878,77.43611907472841,3751.0,1,Priority 1 - High Risk / High Value,0,0,422
JIO10010422,Uttar Pradesh West,0.8512271014036461,283.2,3398.4,High Value,0.9710371034014026,0.7973215113225617,77.42287708342889,1876.0,1,Priority 1 - High Risk / High Value,0,0,423
JIO10039460,Punjab,0.9562378978621984,272.88,3274.56,High Value,0.9963545367481232,0.7770088665080788,77.41763092388412,237.0,1,Priority 1 - High Risk / High Value,1,1,424
JIO10006169,Punjab,0.6030889672795533,313.66,3763.92,High Value,0.9100837220797677,0.8501730050356823,77.37286128346148,5822.0,1,Priority 1 - High Risk / High Value,0,0,425
JIO10048311,Bihar & Jharkhand,0.7545616188014124,292.56,3510.7200000000003,High Value,0.947974914269826,0.816058574562081,77.36030572596452,3369.0,1,Priority 1 - High Risk / High Value,0,0,426
JIO10016394,North East,0.46969968674546536,346.69,4160.28,High Value,0.8682226821959282,0.8909450400074145,77.35386923243959,8532.0,2,Priority 4 - High Value Watchlist,0,0,427
JIO10020010,Assam,0.33834438881576323,444.14,5329.68,High Value,0.809586332602181,0.9554280329945318,77.35014772973587,12328.0,2,Priority 4 - High Value Watchlist,0,0,428
JIO10064599,Maharashtra & Goa,0.8257762451984004,285.21,3422.5199999999995,High Value,0.9649819271525225,0.8013840402854583,77.33211155839362,2268.0,1,Priority 1 - High Risk / High Value,0,0,429
JIO10006703,Uttar Pradesh East,0.795177489668109,288.35,3460.2000000000003,High Value,0.9577836819178844,0.80733881182613,77.32559397460408,2734.0,1,Priority 1 - High Risk / High Value,0,0,430
JIO10010866,Delhi NCR,0.8637945083089831,281.43,3377.16,High Value,0.974358182211375,0.7935988136797553,77.324949750211,1661.0,1,Priority 1 - High Risk / High Value,1,1,431
JIO10029407,Gujarat,0.49504722353564157,337.88,4054.56,High Value,0.8768883808582285,0.8817155302913281,77.3166103734717,7971.0,2,Priority 4 - High Value Watchlist,0,0,432
JIO10015544,Bihar & Jharkhand,0.6964653719699426,299.21,3590.5199999999995,High Value,0.9340418301461275,0.8275973925669622,77.30105831774085,4271.0,1,Priority 1 - High Risk / High Value,1,1,433
JIO10034879,West Bengal,0.8907433521167344,278.26,3339.12,High Value,0.9808149772930891,0.7879838734591739,77.286638495418,1243.0,1,Priority 1 - High Risk / High Value,0,0,434
JIO10029940,West Bengal,0.8936856690366601,277.79,3333.4800000000005,High Value,0.9816800024715006,0.7872424233062498,77.28201440569494,1187.0,1,Priority 1 - High Risk / High Value,0,1,435
JIO10062683,West Bengal,0.4106089552774386,373.29,4479.4800000000005,High Value,0.8445889585714728,0.914949488708332,77.27562358136716,10062.0,2,Priority 4 - High Value Watchlist,0,0,436
JIO10056859,Rajasthan,0.5004292168896076,335.54,4026.480000000001,High Value,0.8788810281442121,0.8791359016342797,77.26558651068245,7842.0,2,Priority 4 - High Value Watchlist,0,0,437
JIO10011266,Tamil Nadu,0.6650121024662601,302.88,3634.56,High Value,0.926163922271309,0.8340310173313973,77.24494383075769,4781.0,1,Priority 1 - High Risk / High Value,0,0,438
JIO10007408,Haryana,0.5705628465841993,318.63,3823.56,High Value,0.9008773826809602,0.857433037783064,77.24420309021916,6418.0,1,Priority 1 - High Risk / High Value,1,1,439
JIO10039937,Bihar & Jharkhand,0.6563431535905185,304.33,3651.96,High Value,0.9236306342488183,0.8362708146683555,77.24053429559092,4945.0,1,Priority 1 - High Risk / High Value,0,1,440
JIO10036380,Uttar Pradesh West,0.503030228816395,334.52,4014.24,High Value,0.8797923939571812,0.8778692576230344,77.23426957455828,7783.0,2,Priority 4 - High Value Watchlist,0,0,441
JIO10021149,Madhya Pradesh & Chhattisgarh,0.46430792780536795,347.77,4173.24,High Value,0.8660137786153418,0.891810065185826,77.23198043587715,8675.0,2,Priority 4 - High Value Watchlist,0,0,442
JIO10032672,West Bengal,0.29256316449354774,586.07,7032.84,High Value,0.7822762519694769,0.9871636442275016,77.22346756868201,14096.0,3,Priority 4 - High Value Watchlist,0,0,443
JIO10062706,West Bengal,0.5370227952225668,325.74,3908.88,High Value,0.8907442305909976,0.8668633569155674,77.21535338832865,7074.0,2,Priority 4 - High Value Watchlist,1,1,444
JIO10012832,Andhra Pradesh & Telangana,0.6895310393490285,299.58,3594.96,High Value,0.9322808860329328,0.8282307145725849,77.21436644214185,4385.0,1,Priority 1 - High Risk / High Value,0,0,445
JIO10005905,West Bengal,0.28970082233175637,614.43,7373.16,High Value,0.7802681578053076,0.989372547808088,77.19758952613604,14226.0,3,Priority 4 - High Value Watchlist,0,0,446
JIO10054646,Uttar Pradesh West,0.3814543204362224,390.22,4682.64,High Value,0.831629027773487,0.9281565695572924,77.1881945562506,10901.0,2,Priority 4 - High Value Watchlist,0,0,447
JIO10037865,Uttar Pradesh East,0.5466414449152438,322.69,3872.28,High Value,0.8939726281318545,0.863318298371899,77.1782928109847,6865.0,2,Priority 4 - High Value Watchlist,0,0,448
JIO10017273,Uttar Pradesh East,0.9053090628359332,276.09,3313.08,High Value,0.9845376749358955,0.7837437053971392,77.1625205457343,1002.0,1,Priority 1 - High Risk / High Value,0,1,449
JIO10011894,Uttar Pradesh East,0.7427665035896314,292.63,3511.56,High Value,0.9451172418054311,0.8162671074175909,77.14681171390112,3554.0,1,Priority 1 - High Risk / High Value,0,1,450
JIO10047979,Maharashtra & Goa,0.5257306050732606,327.9,3934.8,High Value,0.8871914486082363,0.8694275386944299,77.13486775142047,7304.0,2,Priority 4 - High Value Watchlist,0,0,451
JIO10064410,West Bengal,0.3052110031026141,511.05,6132.6,High Value,0.7902468411134109,0.9756248262226204,77.09844370342462,13580.0,3,Priority 4 - High Value Watchlist,0,0,452
JIO10003817,Uttar Pradesh East,0.7993229866795573,286.71,3440.5199999999995,High Value,0.9585714727053662,0.8042262658716673,77.09083560649415,2683.0,1,Priority 1 - High Risk / High Value,0,0,453
JIO10004602,Tamil Nadu,0.3354936287457494,440.25,5283.0,High Value,0.8082270073218203,0.9537211529549878,77.08231932723258,12416.0,2,Priority 4 - High Value Watchlist,0,0,454
JIO10028307,Uttar Pradesh West,0.8011508026367725,286.29,3435.4800000000005,High Value,0.9592820291019185,0.8034230282059995,77.07092727246592,2637.0,1,Priority 1 - High Risk / High Value,0,1,455
JIO10064276,Assam,0.49619091083888633,334.77,4017.24,High Value,0.8772745528128765,0.8782090889431245,77.04304857787832,7946.0,2,Priority 4 - High Value Watchlist,0,0,456
JIO10024760,Punjab,0.6924802526731247,298.0,3576.0,High Value,0.9330223361858568,0.8255661280855139,77.02716375022585,4337.0,1,Priority 1 - High Risk / High Value,0,0,457
JIO10020262,Rajasthan,0.4911950679534208,335.97,4031.64,High Value,0.8756989712379128,0.8795761376625784,77.02439188765366,8048.0,2,Priority 4 - High Value Watchlist,0,0,458
JIO10010195,Andhra Pradesh & Telangana,0.7411597099371235,292.15,3505.8,High Value,0.9447928573635268,0.8152244431400414,77.02182310268697,3575.0,1,Priority 1 - High Risk / High Value,0,0,459
JIO10003095,Haryana,0.8157023663348435,284.34,3412.08,High Value,0.9626957891810065,0.7996076492940777,76.97789169723316,2416.0,1,Priority 1 - High Risk / High Value,0,0,460
JIO10052685,Tamil Nadu,0.7475873466721014,291.24,3494.88,High Value,0.9462448639130032,0.8134866693441255,76.97575827285743,3481.0,1,Priority 1 - High Risk / High Value,0,0,461
JIO10001311,Rajasthan,0.326190339114956,450.65,5407.799999999999,High Value,0.8029441749822361,0.9581544069943464,76.93444998296691,12758.0,2,Priority 4 - High Value Watchlist,0,0,462
JIO10044336,West Bengal,0.6308172242194829,305.35,3664.2,High Value,0.9175291173653805,0.8381321634897587,76.9010664202295,5340.0,1,Priority 1 - High Risk / High Value,0,0,463
JIO10054721,Uttar Pradesh East,0.4552408893496648,347.38,4168.56,High Value,0.8624146559980228,0.8914393401093639,76.87903518435215,8908.0,2,Priority 4 - High Value Watchlist,0,1,464
JIO10054085,Odisha,0.6334032391293096,304.62,3655.44,High Value,0.9182551206401186,0.8369273069912571,76.85127852482664,5293.0,1,Priority 1 - High Risk / High Value,0,0,465
JIO10016212,Uttar Pradesh East,0.9072961952828644,274.41,3292.92,High Value,0.9850319750378449,0.7801214124625413,76.84445356872904,970.0,1,Priority 1 - High Risk / High Value,0,0,466
JIO10028959,Uttar Pradesh East,0.7193478551108883,293.03,3516.36,High Value,0.939834409465847,0.8169544934968643,76.78019439560956,3896.0,1,Priority 1 - High Risk / High Value,0,0,467
JIO10057702,Andhra Pradesh & Telangana,0.616622591149694,306.38,3676.56,High Value,0.9137755259662023,0.8398853841638605,76.74667086656575,5583.0,1,Priority 1 - High Risk / High Value,0,1,468
JIO10045439,Himachal Pradesh,0.46491593126306424,341.89,4102.68,High Value,0.8663072693008743,0.8858321233278754,76.74028078191671,8656.0,2,Priority 4 - High Value Watchlist,0,0,469
JIO10057943,Kolkata,0.697147219059033,295.54,3546.4800000000005,High Value,0.9341808520498007,0.8212873428280144,76.72309097007913,4262.0,1,Priority 1 - High Risk / High Value,0,0,470
JIO10025150,Tamil Nadu,0.8298196485530996,281.67,3380.04,High Value,0.9660014211127931,0.7941935184899132,76.71920674998253,2202.0,1,Priority 1 - High Risk / High Value,0,0,471
JIO10047735,Maharashtra & Goa,0.6135707361303644,306.53,3678.36,High Value,0.9128796070314189,0.8401170873366492,76.69257565482606,5641.0,1,Priority 1 - High Risk / High Value,0,0,472
JIO10001968,Uttar Pradesh East,0.5826325282938976,312.25,3747.0,High Value,0.904152120856375,0.8480027186505608,76.67234565598764,6206.0,1,Priority 1 - High Risk / High Value,1,1,473
JIO10028461,Bihar & Jharkhand,0.8538555168374274,278.61,3343.32,High Value,0.9716086378942815,0.7887098767339121,76.6317329027203,1839.0,1,Priority 1 - High Risk / High Value,0,1,474
JIO10035695,West Bengal,0.4433022885589253,348.99,4187.88,High Value,0.8577960394204331,0.893123049831629,76.61174148606695,9207.0,2,Priority 4 - High Value Watchlist,0,0,475
JIO10001046,Assam,0.42147785032283613,358.26,4299.12,High Value,0.8488522969507862,0.9022058142049492,76.58394777102254,9786.0,2,Priority 4 - High Value Watchlist,0,0,476
JIO10012185,Punjab,0.47788093442244817,335.28,4023.36,High Value,0.8712348234421823,0.8787883468750965,76.5631010232772,8337.0,2,Priority 4 - High Value Watchlist,0,0,477
JIO10045519,Bihar & Jharkhand,0.34992873546132175,407.46,4889.52,High Value,0.8159349995365937,0.9383360622818129,76.56212345430801,11917.0,2,Priority 4 - High Value Watchlist,0,0,478
JIO10004523,Mumbai,0.39863564490329867,369.09,4429.08,High Value,0.8393524668664463,0.9116052395810806,76.51581066507578,10401.0,2,Priority 4 - High Value Watchlist,0,0,479
JIO10001533,Rajasthan,0.38955063044839777,374.43,4493.16,High Value,0.8354598535635948,0.9158145138867435,76.51262596632334,10653.0,2,Priority 4 - High Value Watchlist,0,0,480
JIO10029543,Madhya Pradesh & Chhattisgarh,0.355973542115055,399.99,4799.88,High Value,0.8189162470264759,0.9341113410979641,76.49589537568131,11724.0,2,Priority 4 - High Value Watchlist,0,0,481
JIO10010856,Punjab,0.5240140989421177,321.85,3862.2,High Value,0.886681701628101,0.8621211653124904,76.44270618688803,7337.0,2,Priority 4 - High Value Watchlist,0,0,482
JIO10018967,Bihar & Jharkhand,0.4173674824159711,357.84,4294.08,High Value,0.8472612684976366,0.9017424078593717,76.40114163410445,9889.0,2,Priority 4 - High Value Watchlist,0,0,483
JIO10042846,Haryana,0.5611080934998732,313.67,3764.04,High Value,0.8982668602675399,0.8502038987920542,76.37099867551598,6587.0,2,Priority 4 - High Value Watchlist,0,0,484
JIO10031234,Delhi NCR,0.37508429357288026,381.75,4581.0,High Value,0.8282925020853286,0.9220241589174828,76.37056975728824,11117.0,2,Priority 4 - High Value Watchlist,0,0,485
JIO10010429,Bihar & Jharkhand,0.8657071239255508,275.95,3311.4,High Value,0.9748679291915104,0.7833343631252124,76.36475484444264,1628.0,1,Priority 1 - High Risk / High Value,0,0,486
JIO10055997,Kerala,0.520454181712534,321.98,3863.76,High Value,0.8854768451295993,0.8622524637770707,76.35045913305447,7415.0,2,Priority 4 - High Value Watchlist,0,0,487
JIO10023016,Kerala,0.35769629906691397,395.14,4741.68,High Value,0.8198121659612593,0.9312613920726621,76.34594189111866,11666.0,2,Priority 4 - High Value Watchlist,0,0,488
JIO10061736,Uttar Pradesh West,0.2777868110735585,605.42,7265.039999999999,High Value,0.7721122061231425,0.9887237789242794,76.34056981916356,14754.0,3,Priority 4 - High Value Watchlist,0,0,489
JIO10006102,Karnataka,0.5261931507604396,320.55,3846.6,High Value,0.8874077049028392,0.8602520930519942,76.33943355331338,7290.0,2,Priority 4 - High Value Watchlist,0,0,490
JIO10032508,Karnataka,0.39561002905027376,367.94,4415.28,High Value,0.8379776947078995,0.9108251722326918,76.32511781094766,10490.0,2,Priority 4 - High Value Watchlist,0,0,491
JIO10040587,Uttar Pradesh East,0.4013417941227699,364.64,4375.68,High Value,0.8406191108776916,0.9078902653773673,76.31899076560339,10319.0,2,Priority 4 - High Value Watchlist,0,0,492
JIO10010925,Gujarat,0.5422185299161671,316.81,3801.72,High Value,0.8925978559733078,0.8547993450523649,76.29920626811287,6954.0,2,Priority 4 - High Value Watchlist,0,0,493
JIO10051955,Uttar Pradesh East,0.3842698623253942,373.98,4487.76,High Value,0.8330501405665915,0.9153820012975378,76.25591048530417,10809.0,2,Priority 4 - High Value Watchlist,0,0,494
JIO10006171,Odisha,0.3478068750547106,402.95,4835.4,High Value,0.8146529086471624,0.935833668015694,76.23796196589281,12000.0,2,Priority 4 - High Value Watchlist,0,0,495
JIO10034329,Madhya Pradesh & Chhattisgarh,0.6065221024906956,304.61,3655.32,High Value,0.9109178535018073,0.8368886897957922,76.23368489287229,5768.0,1,Priority 1 - High Risk / High Value,0,0,496
JIO10008765,Assam,0.5537324535400289,313.8,3765.6,High Value,0.895980722296024,0.85042787852575,76.19669848621768,6735.0,2,Priority 4 - High Value Watchlist,0,1,497
JIO10020704,Madhya Pradesh & Chhattisgarh,0.8793023179360173,273.85,3286.2000000000003,High Value,0.9781117736105533,0.7789397262813186,76.18901172087395,1418.0,1,Priority 1 - High Risk / High Value,1,1,498
JIO10000997,Uttar Pradesh West,0.8471975183168644,276.89,3322.68,High Value,0.9701102907102475,0.7852266057029874,76.1756410731946,1936.0,1,Priority 1 - High Risk / High Value,1,1,499
JIO10036412,Uttar Pradesh East,0.9817553721824909,266.46,3197.5199999999995,High Value,0.9996756155580957,0.7617936914949489,76.15465774734871,22.0,1,Priority 1 - High Risk / High Value,0,0,500
JIO10019298,Andhra Pradesh & Telangana,0.7617909574006313,285.25,3423.0,High Value,0.949504155210232,0.801445827798202,76.09761436702969,3270.0,1,Priority 1 - High Risk / High Value,0,1,501
JIO10028604,Maharashtra & Goa,0.6255003928826771,300.76,3609.12,High Value,0.916277920232321,0.8302774259322191,76.07648730490186,5421.0,1,Priority 1 - High Risk / High Value,0,0,502
JIO10027475,Uttar Pradesh West,0.5019123376496553,323.91,3886.92,High Value,0.8793907751243474,0.8649324971423276,76.06136590922287,7809.0,2,Priority 4 - High Value Watchlist,0,0,503
JIO10000765,Haryana,0.7432039130209875,286.96,3443.5199999999995,High Value,0.9452408168309184,0.8046201612654083,76.05598184731399,3546.0,1,Priority 1 - High Risk / High Value,0,0,504
JIO10026416,Maharashtra & Goa,0.8027355077188721,280.91,3370.92,High Value,0.9596990948129384,0.7924866384503692,76.05487095721676,2610.0,1,Priority 1 - High Risk / High Value,0,1,505
JIO10000035,Madhya Pradesh & Chhattisgarh,0.8698876498553454,274.06,3288.7200000000003,High Value,0.9757638481262937,0.7793799623096173,76.04907911757579,1570.0,1,Priority 1 - High Risk / High Value,0,1,506
JIO10010364,Maharashtra & Goa,0.5881945256696685,306.18,3674.16,High Value,0.9058049368222683,0.8394914887701196,76.04155349482501,6099.0,1,Priority 1 - High Risk / High Value,0,1,507
JIO10024196,Tamil Nadu,0.3192325004021604,434.33,5211.96,High Value,0.7990824554357564,0.9513732274707282,76.02256546431498,13008.0,3,Priority 4 - High Value Watchlist,0,0,508
JIO10032798,Haryana,0.6635215226941762,295.52,3546.24,High Value,0.9256850690475454,0.8212564490716426,76.02248327646255,4812.0,1,Priority 1 - High Risk / High Value,0,0,509
JIO10013072,Maharashtra & Goa,0.3813145605523331,372.28,4467.36,High Value,0.8315517933825574,0.9141694213599432,76.01792217873555,10906.0,2,Priority 4 - High Value Watchlist,0,0,510
JIO10030575,Bihar & Jharkhand,0.32100144503864164,430.97,5171.64,High Value,0.8000710556396552,0.9500447959467392,76.01033427980684,12944.0,2,Priority 4 - High Value Watchlist,0,0,511
JIO10031155,Uttar Pradesh East,0.43486237427363256,344.95,4139.4,High Value,0.8542278105594859,0.8892149896505916,75.95921737259008,9438.0,2,Priority 4 - High Value Watchlist,0,0,512
JIO10043634,Uttar Pradesh West,0.834024356844291,276.97,3323.6400000000003,High Value,0.966974574438506,0.7854583088757762,75.95182139643423,2139.0,1,Priority 1 - High Risk / High Value,0,1,513
JIO10018209,Uttar Pradesh East,0.8582846990870866,274.72,3296.6400000000003,High Value,0.9727362600018536,0.7806388828817696,75.93557473464377,1766.0,1,Priority 1 - High Risk / High Value,1,1,514
JIO10025503,Madhya Pradesh & Chhattisgarh,0.5254241388054531,317.56,3810.72,High Value,0.887067873582749,0.8559424140381229,75.92790171300827,7312.0,2,Priority 4 - High Value Watchlist,0,0,515
JIO10003997,Uttar Pradesh East,0.8916512668193487,271.43,3257.16,High Value,0.9810930211004356,0.7738963205536161,75.92642791504583,1225.0,1,Priority 1 - High Risk / High Value,0,0,516
JIO10016682,Madhya Pradesh & Chhattisgarh,0.34216518949198443,401.48,4817.76,High Value,0.811702554913652,0.9349840897154685,75.8928974425661,12191.0,2,Priority 4 - High Value Watchlist,0,0,517
JIO10058363,Gujarat,0.7177898751101122,288.56,3462.7200000000003,High Value,0.9394636843893849,0.8077713244153356,75.88718245793243,3920.0,1,Priority 1 - High Risk / High Value,0,0,518
JIO10032362,Tamil Nadu,0.7191310468070538,288.4,3460.8,High Value,0.9397571750749174,0.8074855571688961,75.88403461188375,3901.0,1,Priority 1 - High Risk / High Value,0,0,519
JIO10015075,Uttar Pradesh East,0.4941618940808435,324.24,3890.88,High Value,0.876610337050882,0.8653109456578826,75.85405197269739,7989.0,2,Priority 4 - High Value Watchlist,0,0,520
JIO10035866,Rajasthan,0.5745240017895342,306.88,3682.56,High Value,0.9020050047885322,0.8407658562204579,75.83750101661686,6345.0,1,Priority 1 - High Risk / High Value,0,0,521
JIO10001807,Karnataka,0.5394362845059548,313.71,3764.52,High Value,0.8916710432821526,0.8502579628657049,75.81504048074208,7014.0,2,Priority 4 - High Value Watchlist,0,0,522
JIO10040674,Uttar Pradesh West,0.28875145307569333,496.88,5962.56,High Value,0.7796811764342426,0.9723655349253916,75.8135104194741,14264.0,3,Priority 4 - High Value Watchlist,0,0,523
JIO10015562,Bihar & Jharkhand,0.7114998873082725,288.87,3466.44,High Value,0.9377799746671198,0.8084355401773302,75.81346603874961,4029.0,1,Priority 1 - High Risk / High Value,0,0,524
JIO10049414,Madhya Pradesh & Chhattisgarh,0.2723500406270797,580.92,6971.039999999999,High Value,0.7683277209675925,0.9864530878309493,75.79192528145975,14999.0,3,Priority 4 - High Value Watchlist,0,0,525
JIO10037767,Uttar Pradesh East,0.6783224785362266,292.13,3505.56,High Value,0.9295313417158392,0.8151703790663907,75.77264161805914,4563.0,1,Priority 1 - High Risk / High Value,0,0,526
JIO10019524,Maharashtra & Goa,0.3935683831662578,361.76,4341.12,High Value,0.8368500726003275,0.9053338070375977,75.76286621469445,10563.0,2,Priority 4 - High Value Watchlist,0,0,527
JIO10038596,Uttar Pradesh East,0.9770512392773846,264.94,3179.28,High Value,0.9993357842380055,0.7579937594612128,75.74902880586852,44.0,1,Priority 1 - High Risk / High Value,1,1,528
JIO10008257,Haryana,0.552745717269262,310.41,3724.92,High Value,0.8956717847323056,0.845670240044487,75.7442973195643,6755.0,2,Priority 4 - High Value Watchlist,0,0,529
JIO10028158,West Bengal,0.5726053041653612,306.52,3678.24,High Value,0.9015261515647688,0.8400861935802775,75.7359673081123,6376.0,1,Priority 1 - High Risk / High Value,0,0,530
JIO10052296,Rajasthan,0.42606146796842476,345.59,4147.08,High Value,0.8509221786276994,0.8899409929253298,75.72705285501196,9652.0,2,Priority 4 - High Value Watchlist,0,0,531
JIO10049547,Rajasthan,0.5042711717856043,320.52,3846.24,High Value,0.8801940127900152,0.8602057524174365,75.71479530453577,7757.0,2,Priority 4 - High Value Watchlist,0,0,532
JIO10012004,Punjab,0.8127413517255808,277.49,3329.88,High Value,0.9620161265408261,0.7865241434706046,75.6648909932432,2460.0,1,Priority 1 - High Risk / High Value,0,0,533
JIO10004387,Rajasthan,0.309188338948603,440.76,5289.12,High Value,0.793104513577806,0.9539837498841485,75.6608817912999,13395.0,3,Priority 4 - High Value Watchlist,0,0,534
JIO10031768,West Bengal,0.8245102000847069,276.38,3316.56,High Value,0.9646112020760604,0.784353857085483,75.65965169362224,2292.0,1,Priority 1 - High Risk / High Value,0,0,535
JIO10047301,Uttar Pradesh East,0.6750525308736068,291.84,3502.08,High Value,0.9287435509283574,0.8146220148907906,75.6574942774086,4614.0,1,Priority 1 - High Risk / High Value,0,0,536
JIO10058697,Bihar & Jharkhand,0.7902636670039206,280.08,3360.96,High Value,0.9564861441502672,0.7909882912663351,75.65693407813453,2818.0,1,Priority 1 - High Risk / High Value,0,0,537
JIO10024463,Madhya Pradesh & Chhattisgarh,0.7461620864457562,284.46,3413.5199999999995,High Value,0.9458586919583553,0.7998393524668664,75.65350037011281,3506.0,1,Priority 1 - High Risk / High Value,0,0,538
JIO10028462,Odisha,0.5988552984834868,302.04,3624.480000000001,High Value,0.9087398436775928,0.8323550310482252,75.6394180799022,5909.0,1,Priority 1 - High Risk / High Value,0,1,539
JIO10034376,Tamil Nadu,0.2960768131840411,467.33,5607.96,High Value,0.7844233680373197,0.9641014550959252,75.62637105360264,13957.0,3,Priority 4 - High Value Watchlist,0,0,540
JIO10009714,Andhra Pradesh & Telangana,0.9260617559598068,267.31,3207.7200000000003,High Value,0.9896814853718063,0.764056659149186,75.61727293349864,669.0,1,Priority 1 - High Risk / High Value,1,1,541
JIO10002854,Maharashtra & Goa,0.6735993176998549,291.65,3499.8,High Value,0.9282338039482221,0.8142358429361426,75.58012337996027,4647.0,1,Priority 1 - High Risk / High Value,0,0,542
JIO10037873,Uttar Pradesh West,0.721905957400195,286.34,3436.08,High Value,0.9404831783496556,0.8034925391578362,75.56712170073969,3854.0,1,Priority 1 - High Risk / High Value,0,0,543
JIO10031633,Madhya Pradesh & Chhattisgarh,0.4386665695315926,339.02,4068.24,High Value,0.8557570514998919,0.882866322716179,75.55190811961494,9339.0,2,Priority 4 - High Value Watchlist,0,0,544
JIO10008526,Uttar Pradesh East,0.614341007420643,298.93,3587.16,High Value,0.9131730977169514,0.8272189440514072,75.5394085629569,5622.0,1,Priority 1 - High Risk / High Value,0,0,545
JIO10016600,Punjab,0.5757955188701303,304.62,3655.44,High Value,0.9024684111341098,0.8369273069912571,75.53004569751491,6315.0,1,Priority 1 - High Risk / High Value,0,1,546
JIO10025959,Gujarat,0.4737954573834449,327.32,3927.84,High Value,0.8695356668417313,0.8686243010287621,75.52998108299775,8447.0,2,Priority 4 - High Value Watchlist,0,0,547
JIO10039655,Madhya Pradesh & Chhattisgarh,0.4484635895864211,335.08,4020.96,High Value,0.8596342179245574,0.878518026506843,75.52041566488356,9088.0,2,Priority 4 - High Value Watchlist,0,0,548
JIO10029375,Tamil Nadu,0.7705670807534378,281.33,3375.96,High Value,0.9514968024962155,0.7934057277024313,75.49230129910465,3141.0,1,Priority 1 - High Risk / High Value,0,0,549
JIO10035109,Punjab,0.558483247453916,306.88,3682.56,High Value,0.8974790694800581,0.8407658562204579,75.45697582913408,6638.0,2,Priority 4 - High Value Watchlist,0,0,550
JIO10010734,Tamil Nadu,0.34786806610284204,387.18,4646.16,High Value,0.8146838024035342,0.926156198832216,75.45244536842334,11998.0,2,Priority 4 - High Value Watchlist,0,0,551
JIO10055899,Maharashtra & Goa,0.5228438501025624,314.22,3770.64,High Value,0.8863264234298248,0.8509685192622571,75.42358841290904,7360.0,2,Priority 4 - High Value Watchlist,0,0,552
JIO10001010,Tamil Nadu,0.38628029478389453,360.09,4321.08,High Value,0.8340078470141185,0.9040130989527017,75.3954018330104,10747.0,2,Priority 4 - High Value Watchlist,0,0,553
JIO10019848,Bihar & Jharkhand,0.30811845368225693,434.88,5218.56,High Value,0.7923167227903241,0.9515740368871451,75.39480223987817,13446.0,3,Priority 4 - High Value Watchlist,0,0,554
JIO10051692,Tamil Nadu,0.47759438556957323,324.32,3891.84,High Value,0.8711575890512527,0.8653959034879051,75.3896208857354,8342.0,2,Priority 4 - High Value Watchlist,0,0,555
JIO10045190,Uttar Pradesh East,0.38343970889915996,361.92,4343.04,High Value,0.8326021810991998,0.905465105502178,75.38922217503304,10838.0,2,Priority 4 - High Value Watchlist,0,0,556
JIO10034837,Kerala,0.6259659344442633,296.28,3555.36,High Value,0.9164323890141802,0.8225385399610738,75.38009592327627,5411.0,1,Priority 1 - High Risk / High Value,0,0,557
JIO10018243,Uttar Pradesh West,0.7752478934458759,280.13,3361.56,High Value,0.9526398714819735,0.7910500787790787,75.35858453839066,3067.0,1,Priority 1 - High Risk / High Value,0,1,558
JIO10058082,Tamil Nadu,0.5018425706243853,318.11,3817.32,High Value,0.8793598813679755,0.8567688220210695,75.34081296922278,7811.0,2,Priority 4 - High Value Watchlist,0,0,559
JIO10063362,Assam,0.4747365792176025,324.96,3899.52,High Value,0.8698291575272638,0.8660755661280856,75.33377800401406,8428.0,2,Priority 4 - High Value Watchlist,0,0,560
JIO10038344,Karnataka,0.5963376382678875,300.38,3604.56,High Value,0.9079983935246687,0.8296132101702246,75.32874620814073,5957.0,1,Priority 1 - High Risk / High Value,0,0,561
JIO10043575,Delhi NCR,0.25712079467858134,693.4,8320.8,High Value,0.7573449905774043,0.9944700176094411,75.31568861159333,15710.0,3,Priority 4 - High Value Watchlist,0,0,562
JIO10056743,Kolkata,0.4052274853289094,349.91,4198.92,High Value,0.8425036300163737,0.8939108406191109,75.3123128132589,10197.0,2,Priority 4 - High Value Watchlist,0,0,563
JIO10052643,Andhra Pradesh & Telangana,0.40778561062366697,348.71,4184.52,High Value,0.8434922302202725,0.8927986653897247,75.30687374072618,10133.0,2,Priority 4 - High Value Watchlist,0,0,564
JIO10047585,West Bengal,0.6049880612134373,298.73,3584.76,High Value,0.9105007877907875,0.8267864314622015,75.27896971810684,5795.0,1,Priority 1 - High Risk / High Value,0,0,565
JIO10004070,Rajasthan,0.5821848512282807,302.15,3625.8,High Value,0.9040130989527017,0.8325635639037351,75.26483674797213,6215.0,1,Priority 1 - High Risk / High Value,0,1,566
JIO10043230,Rajasthan,0.2755845280943421,515.56,6186.719999999999,High Value,0.7705211776699928,0.9767061076956347,75.25727403391154,14857.0,3,Priority 4 - High Value Watchlist,0,0,567
JIO10031498,Haryana,0.6270606170350997,295.2,3542.4,High Value,0.916664092186969,0.8206771911396706,75.22853123945978,5396.0,1,Priority 1 - High Risk / High Value,0,0,568
JIO10031580,Gujarat,0.5133967776688372,314.66,3775.92,High Value,0.8830516852544101,0.8517331397324601,75.21243844277788,7572.0,2,Priority 4 - High Value Watchlist,0,0,569
JIO10030049,Uttar Pradesh East,0.9171426930964471,266.29,3195.4800000000005,High Value,0.9875034755475919,0.7614770304921376,75.19612141606454,810.0,1,Priority 1 - High Risk / High Value,0,0,570
JIO10004377,Madhya Pradesh & Chhattisgarh,0.800153442675646,276.19,3314.28,High Value,0.959003985294572,0.783975408569928,75.18355411915013,2655.0,1,Priority 1 - High Risk / High Value,0,0,571
JIO10004901,Karnataka,0.2655414578405867,564.69,6776.280000000001,High Value,0.7634156137044703,0.9844295467885941,75.15288866104282,15317.0,3,Priority 4 - High Value Watchlist,0,0,572
JIO10049729,Punjab,0.5921835587815661,299.84,3598.08,High Value,0.9068862182952825,0.8286168865272329,75.14612346382934,6029.0,1,Priority 1 - High Risk / High Value,0,0,573
JIO10008008,Assam,0.8079052775660379,275.28,3303.36,High Value,0.9610429732151132,0.7818591862584572,75.14002769973767,2523.0,1,Priority 1 - High Risk / High Value,1,1,574
JIO10011409,West Bengal,0.7071859243941908,285.53,3426.36,High Value,0.9366523525595477,0.8019246810219655,75.11246390547889,4102.0,1,Priority 1 - High Risk / High Value,0,0,575
JIO10003885,Rajasthan,0.47105883181821046,323.51,3882.12,High Value,0.8685934072723902,0.8644845376749359,75.08855701133696,8508.0,2,Priority 4 - High Value Watchlist,0,0,576
JIO10061282,Bihar & Jharkhand,0.39561411205133845,351.86,4222.32,High Value,0.8379931415860854,0.8959266582223733,75.07803949544896,10489.0,2,Priority 4 - High Value Watchlist,0,0,577
JIO10058031,Uttar Pradesh East,0.4508778352078161,330.01,3960.12,High Value,0.8606382650066422,0.8722234236460811,75.06688540249166,9023.0,2,Priority 4 - High Value Watchlist,0,0,578
JIO10015908,Madhya Pradesh & Chhattisgarh,0.27324139295073374,513.07,6156.84,High Value,0.7689455960950292,0.9761191263245698,75.05825034514054,14959.0,3,Priority 4 - High Value Watchlist,0,0,579
JIO10056447,Odisha,0.5504662424799628,305.16,3661.92,High Value,0.8951002502394266,0.837877289999691,74.99841719486561,6792.0,2,Priority 4 - High Value Watchlist,0,0,580
JIO10002377,Uttar Pradesh East,0.9253097760367821,264.92,3179.04,High Value,0.9894806759553895,0.7579551422657481,74.99819665129759,682.0,1,Priority 1 - High Risk / High Value,0,1,581
JIO10063183,Bihar & Jharkhand,0.5456451053752935,306.07,3672.84,High Value,0.8936173499335784,0.8392597855973308,74.99771055113101,6888.0,2,Priority 4 - High Value Watchlist,0,0,582
JIO10018628,Uttar Pradesh West,0.2931983339689625,450.68,5408.16,High Value,0.7826778708023109,0.9582007476289042,74.99625209553732,14070.0,3,Priority 4 - High Value Watchlist,0,0,583
JIO10048238,Uttar Pradesh West,0.7374669211050897,281.94,3383.28,High Value,0.9437733634032562,0.794618307640026,74.99395928232306,3641.0,1,Priority 1 - High Risk / High Value,0,0,584
JIO10051589,Kerala,0.44865992869085214,329.84,3958.08,High Value,0.8597577929500448,0.8720071673514783,74.97149576387274,9080.0,2,Priority 4 - High Value Watchlist,1,1,585
JIO10001995,Kolkata,0.5794949482887789,300.45,3605.4,High Value,0.9034106707034508,0.8297522320738978,74.96070204955655,6254.0,1,Priority 1 - High Risk / High Value,0,0,586
JIO10009817,Punjab,0.2865296730632883,463.55,5562.6,High Value,0.7783990855448114,0.9629892798665389,74.95899748375705,14347.0,3,Priority 4 - High Value Watchlist,0,0,587
JIO10005132,Uttar Pradesh East,0.7559524943839228,279.7,3356.4,High Value,0.9482838518335445,0.7903549692607124,74.9480854566331,3349.0,1,Priority 1 - High Risk / High Value,0,0,588
JIO10011401,Tamil Nadu,0.28649299944778767,463.13,5557.56,High Value,0.7783218511538817,0.9628579814019587,74.94134064830624,14352.0,3,Priority 4 - High Value Watchlist,0,0,589
JIO10007093,Himachal Pradesh,0.4285513014614448,336.11,4033.32,High Value,0.8518489913188545,0.8797383298835305,74.94042089358192,9592.0,2,Priority 4 - High Value Watchlist,0,0,590
JIO10019371,Haryana,0.5325668650575559,308.27,3699.24,High Value,0.8892613302851494,0.8426272050418611,74.93157892899828,7170.0,2,Priority 4 - High Value Watchlist,0,0,591
JIO10052381,Uttar Pradesh West,0.39053940912900825,352.06,4224.72,High Value,0.8357224504927554,0.8960888504433254,74.88815699517322,10636.0,2,Priority 4 - High Value Watchlist,0,0,592
JIO10058323,Uttar Pradesh West,0.8865063442103699,267.43,3209.16,High Value,0.9797336958200747,0.7643578732738113,74.88671641117234,1313.0,1,Priority 1 - High Risk / High Value,1,1,593
JIO10042759,Uttar Pradesh East,0.6790044890040724,287.48,3449.76,High Value,0.9296703636195125,0.8055083567610986,74.88572469286466,4554.0,1,Priority 1 - High Risk / High Value,0,0,594
JIO10016924,Madhya Pradesh & Chhattisgarh,0.6428027107990311,291.33,3495.96,High Value,0.9202323210479162,0.8136952021996354,74.8788624545724,5165.0,1,Priority 1 - High Risk / High Value,0,0,595
JIO10045552,Maharashtra & Goa,0.500688313889155,314.47,3773.64,High Value,0.8789428156569558,0.8514087552905558,74.8339608650065,7838.0,2,Priority 4 - High Value Watchlist,0,0,596
JIO10060845,Uttar Pradesh East,0.37665321098173415,358.45,4301.4,High Value,0.8290802928728104,0.9024606876950169,74.82123712603824,11066.0,2,Priority 4 - High Value Watchlist,0,1,597
JIO10013726,North East,0.6779992900138543,287.13,3445.56,High Value,0.9294541073249096,0.8049831629027774,74.81949070873833,4568.0,1,Priority 1 - High Risk / High Value,0,1,598
JIO10056938,Uttar Pradesh East,0.3830573392394007,354.54,4254.4800000000005,High Value,0.8324168185609688,0.8986916494176527,74.8086043675552,10850.0,2,Priority 4 - High Value Watchlist,0,0,599
JIO10007651,West Bengal,0.5499901076833261,303.69,3644.28,High Value,0.8949148877011955,0.8353053847817357,74.7527224618151,6804.0,2,Priority 4 - High Value Watchlist,0,0,600
JIO10031216,West Bengal,0.6498127011906726,289.56,3474.7200000000003,High Value,0.9220550526738546,0.8100806327041304,74.69389404580764,5047.0,1,Priority 1 - High Risk / High Value,0,0,601
JIO10029650,Mumbai,0.3726874769061613,358.84,4306.08,High Value,0.827257561246872,0.9028236893323859,74.68677234730131,11184.0,2,Priority 4 - High Value Watchlist,0,1,602
JIO10055493,Uttar Pradesh West,0.6525516047305494,289.25,3471.0,High Value,0.9226574809231054,0.8093623528684852,74.67642296516341,5008.0,1,Priority 1 - High Risk / High Value,0,0,603
JIO10003964,West Bengal,0.4162269954276494,337.88,4054.56,High Value,0.8468596496648028,0.8817155302913281,74.66893050865299,9915.0,2,Priority 4 - High Value Watchlist,0,0,604
JIO10001942,Tamil Nadu,0.6867762361454693,285.05,3420.6000000000004,High Value,0.9316012233927523,0.8010442089653681,74.62537650638164,4429.0,1,Priority 1 - High Risk / High Value,0,0,605
JIO10031949,Kolkata,0.27053329161073747,499.25,5991.0,High Value,0.7667984800271865,0.9728752819055269,74.59992874211785,15098.0,3,Priority 4 - High Value Watchlist,0,0,606
JIO10036717,Madhya Pradesh & Chhattisgarh,0.6338097824074156,290.59,3487.08,High Value,0.9183323550310483,0.8121736846983225,74.58453725632546,5288.0,1,Priority 1 - High Risk / High Value,0,0,607
JIO10035152,Madhya Pradesh & Chhattisgarh,0.27984795133086504,467.04,5604.4800000000005,High Value,0.7736260001853625,0.9640551144613674,74.58181021589894,14656.0,3,Priority 4 - High Value Watchlist,0,0,608
JIO10055373,Haryana,0.369313250262813,359.36,4312.32,High Value,0.8256356390373506,0.9033179894343353,74.58115254605521,11289.0,2,Priority 4 - High Value Watchlist,0,0,609
JIO10045669,Haryana,0.6505608291945625,289.02,3468.24,High Value,0.9221940745775279,0.8086826902283049,74.57623851419572,5038.0,1,Priority 1 - High Risk / High Value,0,0,610
JIO10037192,Gujarat,0.6566796077165387,288.31,3459.7200000000003,High Value,0.923692421761562,0.8072847477524793,74.56828037026592,4941.0,1,Priority 1 - High Risk / High Value,0,0,611
JIO10026471,Madhya Pradesh & Chhattisgarh,0.4676808814803811,320.01,3840.12,High Value,0.8674039976520745,0.859533813216349,74.55630657009927,8585.0,2,Priority 4 - High Value Watchlist,0,1,612
JIO10015092,West Bengal,0.7950620632799479,273.55,3282.6000000000004,High Value,0.9577527881615125,0.7783913621057185,74.55064973375893,2736.0,1,Priority 1 - High Risk / High Value,0,1,613
JIO10011478,Bihar & Jharkhand,0.6350290103780019,290.34,3484.08,High Value,0.9185331644474651,0.8116021502054435,74.54834913005729,5275.0,1,Priority 1 - High Risk / High Value,0,0,614
JIO10006674,Uttar Pradesh West,0.42802852181444895,332.3,3987.6,High Value,0.8516481819024375,0.8752046711359635,74.5366466965464,9605.0,2,Priority 4 - High Value Watchlist,0,0,615
JIO10051772,Uttar Pradesh West,0.5688732991749001,299.36,3592.32,High Value,0.9003058481880812,0.8278445426179369,74.53132831095158,6455.0,1,Priority 1 - High Risk / High Value,0,0,616
JIO10049031,Haryana,0.30009889969081505,424.37,5092.4400000000005,High Value,0.7870338904507399,0.9468781859186258,74.5225222446475,13788.0,3,Priority 4 - High Value Watchlist,0,0,617
JIO10042649,Bihar & Jharkhand,0.5135143769230438,309.09,3709.08,High Value,0.8830825790107819,0.8436698693194106,74.50301640322743,7570.0,2,Priority 4 - High Value Watchlist,0,0,618
JIO10031430,Tamil Nadu,0.4881582534910977,314.55,3774.6,High Value,0.8747103710340141,0.8515168834378573,74.48306490536554,8112.0,2,Priority 4 - High Value Watchlist,0,0,619
JIO10020730,Karnataka,0.5666340804892309,299.34,3592.08,High Value,0.8996725261824585,0.827813648861565,74.47611966796029,6496.0,2,Priority 4 - High Value Watchlist,0,0,620
JIO10053977,Mumbai,0.5567574262266634,300.41,3604.92,High Value,0.8969693224999228,0.8296595508047824,74.4179165190956,6671.0,2,Priority 4 - High Value Watchlist,0,0,621
JIO10059183,Maharashtra & Goa,0.43505504152807095,329.09,3949.08,High Value,0.8543359387067874,0.8710494609039513,74.41688588414183,9431.0,2,Priority 4 - High Value Watchlist,0,0,622
JIO10059548,Mumbai,0.33194960051617545,382.7,4592.4,High Value,0.8062034662794649,0.9227810559485928,74.39492859227805,12547.0,2,Priority 4 - High Value Watchlist,0,0,623
JIO10044948,Gujarat,0.7891678561295601,273.31,3279.7200000000003,High Value,0.9563007816120362,0.7778893385646761,74.38961824770696,2830.0,1,Priority 1 - High Risk / High Value,0,0,624
JIO10061523,Bihar & Jharkhand,0.7839531789797293,273.81,3285.7200000000003,High Value,0.9549723500880472,0.7788779387685749,74.38068956175601,2916.0,1,Priority 1 - High Risk / High Value,1,1,625
JIO10005690,Madhya Pradesh & Chhattisgarh,0.55618199366246,300.02,3600.24,High Value,0.8966912786925763,0.8289335475300442,74.32974826858889,6689.0,2,Priority 4 - High Value Watchlist,0,0,626
JIO10040460,Rajasthan,0.35582458570551373,364.37,4372.4400000000005,High Value,0.8188544595137323,0.9076662856436715,74.32465857495855,11728.0,2,Priority 4 - High Value Watchlist,0,0,627
JIO10011347,Uttar Pradesh East,0.29857149804011185,422.35,5068.200000000001,High Value,0.7858908214649819,0.9457196700546819,74.32324083748657,13862.0,3,Priority 4 - High Value Watchlist,0,0,628
JIO10028814,Andhra Pradesh & Telangana,0.41917439815757623,333.14,3997.68,High Value,0.8478945905032593,0.8763554635608144,74.30570569111907,9848.0,2,Priority 4 - High Value Watchlist,0,0,629
JIO10055730,Maharashtra & Goa,0.2597868392156359,525.74,6308.88,High Value,0.7593221909852019,0.9784979455652013,74.29952039010875,15582.0,3,Priority 4 - High Value Watchlist,0,0,630
JIO10033815,Madhya Pradesh & Chhattisgarh,0.5591419863190298,298.89,3586.68,High Value,0.8977262195310328,0.8271339862213847,74.25398664961571,6622.0,2,Priority 4 - High Value Watchlist,0,0,631
JIO10040522,Punjab,0.5752418132004032,296.52,3558.24,High Value,0.9021903673267633,0.8230328400630232,74.25323002984481,6333.0,1,Priority 1 - High Risk / High Value,0,0,632
JIO10042531,Uttar Pradesh East,0.5160185429783847,306.66,3679.92,High Value,0.8836695603818469,0.8402638326794155,74.25155716285849,7532.0,2,Priority 4 - High Value Watchlist,0,0,633
JIO10009176,Maharashtra & Goa,0.4625899700062175,319.04,3828.480000000001,High Value,0.8651333065587444,0.8580431894714078,74.23217416776102,8732.0,2,Priority 4 - High Value Watchlist,0,1,634
JIO10045653,Uttar Pradesh East,0.533325254131718,303.14,3637.68,High Value,0.8895857147270536,0.8344480830424171,74.23130943559084,7149.0,2,Priority 4 - High Value Watchlist,0,0,635
JIO10044198,Uttar Pradesh East,0.36081769985845613,359.64,4315.68,High Value,0.8213414069016651,0.9036578207544256,74.22115858561327,11567.0,2,Priority 4 - High Value Watchlist,0,0,636
JIO10013465,Rajasthan,0.2813975878243383,450.93,5411.16,High Value,0.774491025363774,0.9582934288980197,74.21896603465942,14600.0,3,Priority 4 - High Value Watchlist,0,0,637
JIO10027414,Uttar Pradesh East,0.40336696040211223,337.85,4054.2,High Value,0.8417312861070778,0.8816537427785844,74.21155388101367,10247.0,2,Priority 4 - High Value Watchlist,0,0,638
JIO10027347,Bihar & Jharkhand,0.7373437907015078,277.31,3327.7200000000003,High Value,0.9437424696468844,0.7861997590287003,74.1970102221531,3643.0,1,Priority 1 - High Risk / High Value,0,0,639
JIO10006077,Maharashtra & Goa,0.7171969198031112,279.33,3351.96,High Value,0.9393710031202694,0.7897602644505546,74.18778918414468,3926.0,1,Priority 1 - High Risk / High Value,0,0,640
JIO10049793,Bihar & Jharkhand,0.6895880631703519,282.35,3388.2000000000003,High Value,0.9323117797893046,0.7954060984275078,74.15664752802165,4383.0,1,Priority 1 - High Risk / High Value,0,0,641
JIO10055289,Uttar Pradesh East,0.3752157076680345,350.9,4210.799999999999,High Value,0.8283697364762581,0.8949689517748463,74.13651947361623,11112.0,2,Priority 4 - High Value Watchlist,0,0,642
JIO10010230,Uttar Pradesh East,0.8127719866151354,270.14,3241.68,High Value,0.962031573419012,0.7705597948654577,74.13028518678473,2459.0,1,Priority 1 - High Risk / High Value,0,0,643
JIO10010796,Uttar Pradesh West,0.500891308509977,308.67,3704.04,High Value,0.879081837560629,0.8431678457783682,74.1213539238885,7829.0,2,Priority 4 - High Value Watchlist,1,1,644
JIO10024885,Tamil Nadu,0.8016830052632421,270.83,3249.96,High Value,0.9594056041274058,0.7725138249559764,74.11540929286616,2629.0,1,Priority 1 - High Risk / High Value,0,0,645
JIO10049447,Gujarat,0.6688029584385012,284.17,3410.04,High Value,0.9270135005715345,0.7992523710958015,74.09177383696182,4726.0,1,Priority 1 - High Risk / High Value,0,0,646
JIO10057586,Uttar Pradesh East,0.6714801215545648,283.66,3403.92,High Value,0.9277395038462727,0.7983564521610182,74.06668188203336,4679.0,1,Priority 1 - High Risk / High Value,0,1,647
JIO10024560,Maharashtra & Goa,0.8427555516504837,267.32,3207.84,High Value,0.969260712410022,0.7641184466619296,74.06299899771813,1991.0,1,Priority 1 - High Risk / High Value,0,0,648
JIO10013044,Haryana,0.34233071959775774,369.73,4436.76,High Value,0.8118106830609534,0.9122694553430751,74.05900896777058,12184.0,2,Priority 4 - High Value Watchlist,0,0,649
JIO10052071,Rajasthan,0.3455051281900431,367.46,4409.52,High Value,0.8134480521486608,0.9104081065216719,74.05697009104045,12078.0,2,Priority 4 - High Value Watchlist,0,0,650
JIO10017524,Odisha,0.5692040708184202,296.24,3554.88,High Value,0.9003830825790108,0.8224767524483302,74.05441537190015,6450.0,1,Priority 1 - High Risk / High Value,1,1,651
JIO10047136,Rajasthan,0.8606483073543748,265.97,3191.6400000000003,High Value,0.9736012851802651,0.7605270474837036,74.04501108444863,1710.0,1,Priority 1 - High Risk / High Value,0,0,652
JIO10035700,Rajasthan,0.5065300361813481,306.56,3678.72,High Value,0.8809972504556829,0.8401557045321141,74.01748656474496,7705.0,2,Priority 4 - High Value Watchlist,0,0,653
JIO10013219,West Bengal,0.24339592211413513,643.46,7721.52,High Value,0.746408600821774,0.9915660045104885,74.01133940491104,16418.0,3,Priority 4 - High Value Watchlist,0,0,654
JIO10058979,Bihar & Jharkhand,0.6726043121802499,283.27,3399.24,High Value,0.9280175476536192,0.7974450863480491,74.00430334211453,4661.0,1,Priority 1 - High Risk / High Value,0,0,655
JIO10028841,Tamil Nadu,0.26465759579322007,487.82,5853.84,High Value,0.7626896104297322,0.9701411844666193,73.99166020426848,15364.0,3,Priority 4 - High Value Watchlist,0,0,656
JIO10011434,Uttar Pradesh East,0.8943237419970718,263.14,3157.68,High Value,0.9818344712533597,0.7533905897618092,73.97048513460427,1177.0,1,Priority 1 - High Risk / High Value,1,1,657
JIO10015744,Maharashtra & Goa,0.4786221909748525,312.56,3750.72,High Value,0.8716055485186444,0.848512465630696,73.95681730309502,8313.0,2,Priority 4 - High Value Watchlist,0,0,658
JIO10015366,Andhra Pradesh & Telangana,0.7311242800911605,276.5,3318.0,High Value,0.9425530600265686,0.7845778368191788,73.95062409229428,3720.0,1,Priority 1 - High Risk / High Value,0,0,659
JIO10021057,Tamil Nadu,0.7196051895468961,277.57,3330.84,High Value,0.9398961969785906,0.7867403997652075,73.94543097487346,3892.0,1,Priority 1 - High Risk / High Value,0,0,660
JIO10014618,Uttar Pradesh East,0.7799111572447927,271.96,3263.5199999999995,High Value,0.9539219623714047,0.7751320708084896,73.94155060826449,2984.0,1,Priority 1 - High Risk / High Value,0,1,661
JIO10014922,Karnataka,0.3791571236147038,345.98,4151.76,High Value,0.8303932775186135,0.8903426117581636,73.9334519492344,10981.0,2,Priority 4 - High Value Watchlist,0,0,662
JIO10053715,Bihar & Jharkhand,0.30455112973719584,403.6,4843.200000000001,High Value,0.7897834347678334,0.9361117118230405,73.93255230899972,13610.0,3,Priority 4 - High Value Watchlist,0,0,663
JIO10040568,Uttar Pradesh West,0.36780447914333203,351.92,4223.04,High Value,0.8248324013716828,0.8959652754178381,73.90211896685366,11341.0,2,Priority 4 - High Value Watchlist,0,0,664
JIO10010688,Madhya Pradesh & Chhattisgarh,0.32323649831028134,381.77,4581.24,High Value,0.8014149340418302,0.9220396057956687,73.89363098626909,12857.0,2,Priority 4 - High Value Watchlist,0,1,665
JIO10026929,Uttar Pradesh West,0.6751110601260901,282.43,3389.16,High Value,0.9287589978065433,0.7955837375266459,73.89055547364316,4613.0,1,Priority 1 - High Risk / High Value,0,0,666
JIO10014414,Uttar Pradesh East,0.8332936254142529,267.11,3205.32,High Value,0.9668046587784609,0.7635391887299576,73.81932448240495,2150.0,1,Priority 1 - High Risk / High Value,0,0,667
JIO10011857,Madhya Pradesh & Chhattisgarh,0.6106602544312896,289.2,3470.4,High Value,0.912122710000309,0.8092078840866261,73.80968881867094,5690.0,1,Priority 1 - High Risk / High Value,0,0,668
JIO10055839,Maharashtra & Goa,0.5044712525058601,305.6,3667.2,High Value,0.8802712471809447,0.8384874416880348,73.8096386040286,7752.0,2,Priority 4 - High Value Watchlist,0,0,669
JIO10034402,Karnataka,0.5375454332069948,299.59,3595.08,High Value,0.8909604868856004,0.8282461614507708,73.79346032673084,7060.0,2,Priority 4 - High Value Watchlist,0,0,670
JIO10002607,Haryana,0.2531037219119031,526.76,6321.12,High Value,0.7539312304983163,0.9787142018598042,73.78832025143397,15931.0,3,Priority 4 - High Value Watchlist,0,0,671
JIO10006319,Punjab,0.6747204857372313,281.9,3382.8,High Value,0.9286045290246842,0.7945101794927245,73.77857510331587,4623.0,1,Priority 1 - High Risk / High Value,0,0,672
JIO10000989,Andhra Pradesh & Telangana,0.3019306542061358,402.89,4834.68,High Value,0.7882387469492416,0.9357796039420433,73.76177424319337,13710.0,3,Priority 4 - High Value Watchlist,0,0,673
JIO10014732,Kerala,0.6040262136050122,289.67,3476.04,High Value,0.9102845314961846,0.8102659952423615,73.75726018664828,5809.0,1,Priority 1 - High Risk / High Value,0,0,674
JIO10032828,Uttar Pradesh East,0.3215268573234083,381.19,4574.28,High Value,0.8003645463251877,0.9214835181809756,73.75227379750544,12925.0,2,Priority 4 - High Value Watchlist,0,0,675
JIO10008822,Bihar & Jharkhand,0.7695590463146625,271.91,3262.92,High Value,0.951218758688869,0.7750316661002812,73.72246593724753,3159.0,1,Priority 1 - High Risk / High Value,1,1,676
JIO10032492,Kerala,0.8822226074685863,263.02,3156.24,High Value,0.9788377768852915,0.7531588865890203,73.72203701901981,1371.0,1,Priority 1 - High Risk / High Value,0,1,677
JIO10061478,Madhya Pradesh & Chhattisgarh,0.473000684323281,312.14,3745.68,High Value,0.8693194105471285,0.8479023139423523,73.7097939757912,8461.0,2,Priority 4 - High Value Watchlist,1,1,678
JIO10012763,Madhya Pradesh & Chhattisgarh,0.750446190702692,273.4,3280.8,High Value,0.9469399734313695,0.7780669776638142,73.67827231567982,3436.0,1,Priority 1 - High Risk / High Value,0,0,679
JIO10018715,Maharashtra & Goa,0.8252528390005394,266.94,3203.28,High Value,0.9648737990052211,0.7631298464580308,73.63239940862313,2275.0,1,Priority 1 - High Risk / High Value,0,1,680
JIO10038894,Himachal Pradesh,0.4695768996094916,312.25,3747.0,High Value,0.8681763415613705,0.8480027186505608,73.62158979121399,8535.0,2,Priority 4 - High Value Watchlist,0,0,681
JIO10014644,Bihar & Jharkhand,0.44532460262677465,318.63,3823.56,High Value,0.8586147239642868,0.857433037783064,73.62046310539654,9154.0,2,Priority 4 - High Value Watchlist,0,0,682
JIO10058548,Uttar Pradesh East,0.23041306550410268,1202.76,14433.12,High Value,0.7363372362445549,0.999799190583583,73.61893727938586,17070.0,3,Priority 4 - High Value Watchlist,0,0,683
JIO10062782,Uttar Pradesh West,0.3864225639519193,338.69,4064.28,High Value,0.8340696345268621,0.882495597639717,73.60627805949235,10743.0,2,Priority 4 - High Value Watchlist,0,0,684
JIO10037236,Tamil Nadu,0.9357060842665618,258.44,3101.28,Upper-Mid Value,0.9917359201705336,0.7421529858815533,73.60197743605514,536.0,1,Priority 2 - High Risk / Upper-Mid Value,1,1,685
JIO10035139,Uttar Pradesh East,0.5705308536475231,293.03,3516.36,High Value,0.9008464889245883,0.8169544934968643,73.59505870778158,6420.0,1,Priority 1 - High Risk / High Value,0,0,686
JIO10039624,Kerala,0.841818726138803,265.48,3185.76,High Value,0.9690753498717909,0.7593221909852019,73.58404178943994,2003.0,1,Priority 1 - High Risk / High Value,0,0,687
JIO10026233,Tamil Nadu,0.2894085008469095,416.08,4992.96,High Value,0.7800982421452625,0.9427229756866138,73.54165361630784,14237.0,3,Priority 4 - High Value Watchlist,0,0,688
JIO10043054,Himachal Pradesh,0.31832082887238583,380.57,4566.84,High Value,0.7984645803083197,0.9209351540053755,73.53341012340799,13048.0,3,Priority 4 - High Value Watchlist,0,1,689
JIO10034660,Rajasthan,0.7676638927326507,271.23,3254.76,High Value,0.9506626710741759,0.7733865735734808,73.522974580627,3195.0,1,Priority 1 - High Risk / High Value,0,1,690
JIO10058795,Uttar Pradesh East,0.3220341580681469,377.3,4527.6,High Value,0.8006116963761624,0.9182551206401186,73.5165789841783,12909.0,2,Priority 4 - High Value Watchlist,0,0,691
JIO10026152,Uttar Pradesh East,0.45785374502372245,314.61,3775.32,High Value,0.8632333405418765,0.8516250115851587,73.51511036396708,8855.0,2,Priority 4 - High Value Watchlist,0,0,692
JIO10010212,Uttar Pradesh West,0.7707337747588235,270.83,3249.96,High Value,0.9515585900089591,0.7725138249559764,73.50921660375369,3137.0,1,Priority 1 - High Risk / High Value,0,0,693
JIO10005831,West Bengal,0.6209262352218722,286.15,3433.8,High Value,0.9150421699774476,0.8032453891068615,73.50034038727217,5501.0,1,Priority 1 - High Risk / High Value,0,1,694
JIO10015902,Maharashtra & Goa,0.7461510032505639,272.93,3275.16,High Value,0.9458432450801693,0.7770706540208224,73.49870290556242,3507.0,1,Priority 1 - High Risk / High Value,0,0,695
JIO10009854,Andhra Pradesh & Telangana,0.4619621775274566,313.25,3759.0,High Value,0.8649479440205134,0.8495319595909666,73.48009218279245,8744.0,2,Priority 4 - High Value Watchlist,0,0,696
JIO10056644,Gujarat,0.310474336872644,386.43,4637.16,High Value,0.794046773147147,0.9253529611665482,73.47735328364548,13334.0,3,Priority 4 - High Value Watchlist,0,0,697
JIO10042900,Tamil Nadu,0.3041678833767903,393.85,4726.200000000001,High Value,0.7895671784732305,0.9304118137724365,73.46226306184636,13624.0,3,Priority 4 - High Value Watchlist,0,0,698
JIO10031514,Uttar Pradesh East,0.2691111275531584,453.96,5447.52,High Value,0.7657480923105441,0.9593515400537551,73.46216116513456,15166.0,3,Priority 4 - High Value Watchlist,0,0,699
JIO10045096,Uttar Pradesh West,0.9132676517328773,259.43,3113.16,Upper-Mid Value,0.9864839815873212,0.7446090395131144,73.4544890024808,876.0,1,Priority 2 - High Risk / Upper-Mid Value,0,1,700
JIO10010365,Tamil Nadu,0.314101989599653,382.32,4587.84,High Value,0.7959930797985727,0.92256479965399,73.43551961903326,13208.0,3,Priority 4 - High Value Watchlist,0,0,701
JIO10043845,West Bengal,0.48168712020625504,307.54,3690.480000000001,High Value,0.8723624455497544,0.8417467329852637,73.43082385205408,8264.0,2,Priority 4 - High Value Watchlist,0,0,702
JIO10051718,Uttar Pradesh West,0.8106319053122341,267.16,3205.92,High Value,0.9615372733170626,0.763678210633631,73.43050643443149,2491.0,1,Priority 1 - High Risk / High Value,0,1,703
JIO10009822,Kerala,0.4636806093612962,312.26,3747.12,High Value,0.8656430535388798,0.8480336124069325,73.4094405747544,8699.0,2,Priority 4 - High Value Watchlist,0,0,704
JIO10021635,Andhra Pradesh & Telangana,0.6331786013787909,284.19,3410.28,High Value,0.9181469924928172,0.7993064351694522,73.38807995309875,5300.0,1,Priority 1 - High Risk / High Value,0,0,705
JIO10018710,Madhya Pradesh & Chhattisgarh,0.3342231166690134,365.32,4383.84,High Value,0.8076709197071272,0.9085544811393618,73.38130333858601,12452.0,2,Priority 4 - High Value Watchlist,0,0,706
JIO10041624,Delhi NCR,0.9350656584710894,257.54,3090.4800000000005,Upper-Mid Value,0.9915660045104885,0.7400290401309896,73.37876385444173,547.0,1,Priority 2 - High Risk / Upper-Mid Value,1,1,707
JIO10034602,Kolkata,0.28471834803706897,418.69,5024.28,High Value,0.7770397602644505,0.9439896196978591,73.35174677821543,14435.0,3,Priority 4 - High Value Watchlist,0,0,708
JIO10020483,Uttar Pradesh East,0.7746716217876267,269.88,3238.56,High Value,0.9525162964564862,0.7698646853470914,73.33086588594495,3075.0,1,Priority 1 - High Risk / High Value,0,0,709
JIO10007927,Rajasthan,0.906765277409494,259.37,3112.44,Upper-Mid Value,0.9848620593777997,0.7444082300966974,73.31394225108164,981.0,1,Priority 2 - High Risk / Upper-Mid Value,0,0,710
JIO10018914,Uttar Pradesh West,0.3719632395676696,342.33,4107.96,High Value,0.8269486236831536,0.8865040625289629,73.30933143978501,11204.0,2,Priority 4 - High Value Watchlist,0,0,711
JIO10007760,Tamil Nadu,0.2796050653802017,425.89,5110.68,High Value,0.7734869782816892,0.9476968704624795,73.30311886610367,14665.0,3,Priority 4 - High Value Watchlist,0,0,712
JIO10036342,Tamil Nadu,0.4411302935511385,317.26,3807.12,High Value,0.8567919923383485,0.8553708795452439,73.2874920073775,9272.0,2,Priority 4 - High Value Watchlist,0,0,713
JIO10005076,Rajasthan,0.689866756752351,277.19,3326.28,High Value,0.9323426735456765,0.7859217152213538,73.27483531670808,4381.0,1,Priority 1 - High Risk / High Value,0,0,714
JIO10064140,Uttar Pradesh East,0.5594119845489073,292.52,3510.24,High Value,0.8978189008001483,0.8159736167320585,73.25965356562982,6616.0,2,Priority 4 - High Value Watchlist,0,0,715
JIO10047104,Tamil Nadu,0.6385443964409334,282.83,3393.96,High Value,0.9193827427476907,0.7965955080478235,73.23761630494981,5220.0,1,Priority 1 - High Risk / High Value,0,0,716
JIO10020327,Uttar Pradesh East,0.5522961399396332,293.36,3520.32,High Value,0.8954864221940746,0.8176418795761377,73.21872013776739,6767.0,2,Priority 4 - High Value Watchlist,0,0,717
JIO10008296,Andhra Pradesh & Telangana,0.635662001174654,283.03,3396.36,High Value,0.9187030801075102,0.7969121690506349,73.2125664281975,5264.0,1,Priority 1 - High Risk / High Value,0,0,718
JIO10055356,Tamil Nadu,0.6941598151021248,276.43,3317.16,High Value,0.9333003799932034,0.7844388149155056,73.21170440420595,4319.0,1,Priority 1 - High Risk / High Value,0,0,719
JIO10003717,Maharashtra & Goa,0.3818540234173007,336.29,4035.480000000001,High Value,0.8319070715808335,0.8799932033735982,73.2072568829567,10883.0,2,Priority 4 - High Value Watchlist,0,0,720
JIO10062135,Delhi NCR,0.6666999743519121,279.38,3352.56,High Value,0.9266118817387006,0.7898220519632982,73.18584978084334,4752.0,1,Priority 1 - High Risk / High Value,0,0,721
JIO10060357,Odisha,0.7294621053650934,272.7,3272.4,High Value,0.942120547437363,0.7766922055052674,73.17376858409553,3748.0,1,Priority 1 - High Risk / High Value,0,1,722
JIO10008367,Maharashtra & Goa,0.6108710704279424,285.49,3425.88,High Value,0.9121999443912385,0.8018706169483147,73.14663321892209,5685.0,1,Priority 1 - High Risk / High Value,1,1,723
JIO10036458,Uttar Pradesh East,0.9249979520783493,257.07,3084.84,Upper-Mid Value,0.9894343353208317,0.7390867805616484,73.1277837469428,685.0,1,Priority 2 - High Risk / Upper-Mid Value,1,1,724
JIO10061024,Rajasthan,0.8238426108178049,264.96,3179.5199999999995,High Value,0.9644412864160153,0.7580864407303284,73.11298621124963,2303.0,1,Priority 1 - High Risk / High Value,0,0,725
JIO10022944,Uttar Pradesh East,0.36962846329201954,341.54,4098.4800000000005,High Value,0.8256974265500943,0.8854305044950416,73.10976889505075,11285.0,2,Priority 4 - High Value Watchlist,0,0,726
JIO10024892,Jammu & Kashmir,0.3102432470321091,380.01,4560.12,High Value,0.7938150699743581,0.9205026414161698,73.07088687073583,13349.0,3,Priority 4 - High Value Watchlist,0,0,727
JIO10022161,Uttar Pradesh East,0.9446622028843515,255.34,3064.08,Upper-Mid Value,0.9939602706293058,0.7349006765732645,73.0462075372422,392.0,1,Priority 2 - High Risk / Upper-Mid Value,0,1,728
JIO10063026,Uttar Pradesh West,0.6877968323800646,276.15,3313.8,High Value,0.9318329265655411,0.7838750038617196,73.0440538910041,4414.0,1,Priority 1 - High Risk / High Value,0,0,729
JIO10019506,Uttar Pradesh East,0.48819778172530787,303.5,3642.0,High Value,0.8747258179121999,0.8349655534616454,73.03659266802505,8111.0,2,Priority 4 - High Value Watchlist,0,0,730
JIO10014207,Bihar & Jharkhand,0.5219376526478418,297.36,3568.32,High Value,0.8860329327442924,0.8242994840742686,73.03564893339313,7379.0,2,Priority 4 - High Value Watchlist,0,0,731
JIO10050837,Delhi NCR,0.8271691345707278,264.13,3169.56,High Value,0.9653989928635422,0.7561169637616237,72.9954555302511,2241.0,1,Priority 1 - High Risk / High Value,0,0,732
JIO10020553,Karnataka,0.4405630598693357,314.81,3777.72,High Value,0.8565602891655596,0.851926225709784,72.97261742416964,9287.0,2,Priority 4 - High Value Watchlist,0,0,733
JIO10034555,Uttar Pradesh West,0.507142355355513,299.43,3593.16,High Value,0.8811980598720999,0.828014458277982,72.96447341806056,7692.0,2,Priority 4 - High Value Watchlist,0,1,734
JIO10025892,Uttar Pradesh West,0.6965675547123684,274.9,3298.8,High Value,0.9340572770243134,0.7811022892273471,72.95942773531536,4270.0,1,Priority 1 - High Risk / High Value,0,0,735
JIO10037257,Delhi NCR,0.24398524024710097,514.89,6178.68,High Value,0.7470110290710248,0.9765516389137755,72.94948447259753,16379.0,3,Priority 4 - High Value Watchlist,0,0,736
JIO10040173,Madhya Pradesh & Chhattisgarh,0.3250610350979157,366.03,4392.36,High Value,0.8022645123420556,0.909265037535914,72.94710719284309,12802.0,2,Priority 4 - High Value Watchlist,0,0,737
JIO10001780,Maharashtra & Goa,0.26319567233760854,450.17,5402.04,High Value,0.7615928820785319,0.9578145756742562,72.94647631845828,15435.0,3,Priority 4 - High Value Watchlist,0,0,738
JIO10063503,Bihar & Jharkhand,0.9462372252388512,254.75,3057.0,Upper-Mid Value,0.994315548827582,0.733471840341067,72.93024554783047,369.0,1,Priority 2 - High Risk / Upper-Mid Value,0,1,739
JIO10031649,Rajasthan,0.3209066347850624,368.62,4423.4400000000005,High Value,0.8000556087614693,0.911350366091013,72.91309719379335,12945.0,2,Priority 4 - High Value Watchlist,0,0,740
JIO10018622,Tamil Nadu,0.4420211564506023,313.86,3766.32,High Value,0.8571936111711823,0.8504742191603077,72.90210671300157,9246.0,2,Priority 4 - High Value Watchlist,0,0,741
JIO10061667,West Bengal,0.41177195704567576,322.21,3866.52,High Value,0.8451295993079798,0.8625614013407891,72.89761714936706,10027.0,2,Priority 4 - High Value Watchlist,0,0,742
JIO10038426,Kerala,0.291605787064943,397.63,4771.56,High Value,0.7814884611819951,0.9327751861348822,72.89530448412982,14147.0,3,Priority 4 - High Value Watchlist,0,0,743
JIO10030372,Punjab,0.326717763373658,364.11,4369.32,High Value,0.8032840063023263,0.9073805183972319,72.88842580588101,12736.0,2,Priority 4 - High Value Watchlist,0,0,744
JIO10034612,Punjab,0.37437785054485084,336.29,4035.480000000001,High Value,0.8281225864252835,0.8799932033735982,72.87422476144147,11128.0,2,Priority 4 - High Value Watchlist,0,1,745
JIO10032416,Gujarat,0.24264480678063644,519.07,6228.84,High Value,0.745620810034292,0.977231301553956,72.86439946555262,16469.0,3,Priority 4 - High Value Watchlist,0,0,746
JIO10035562,Mumbai,0.47483843108914847,304.9,3658.8,High Value,0.8699372856745652,0.8374911180450431,72.85647500086615,8421.0,2,Priority 4 - High Value Watchlist,0,1,747
JIO10009592,Karnataka,0.3896429110209915,329.7,3956.4,High Value,0.8355061941981525,0.8717677407395965,72.8367347290062,10650.0,2,Priority 4 - High Value Watchlist,0,0,748
JIO10049938,Maharashtra & Goa,0.6058643976554505,284.43,3413.16,High Value,0.9107324909635762,0.7997157774413791,72.83271420520602,5780.0,1,Priority 1 - High Risk / High Value,0,0,749
JIO10055960,Delhi NCR,0.39590641650811786,327.42,3929.04,High Value,0.8381630572461306,0.8688868979579227,72.82688987935192,10478.0,2,Priority 4 - High Value Watchlist,0,0,750
JIO10055071,Madhya Pradesh & Chhattisgarh,0.3624790001406082,341.55,4098.6,High Value,0.8222527727146344,0.8854536748123204,72.80667392247928,11508.0,2,Priority 4 - High Value Watchlist,0,0,751
JIO10002745,Maharashtra & Goa,0.8590449031406412,260.91,3130.92,Upper-Mid Value,0.9729525162964565,0.7482776730822701,72.8038644913852,1752.0,1,Priority 2 - High Risk / Upper-Mid Value,0,0,752
JIO10012499,Uttar Pradesh West,0.6434252185192458,279.92,3359.04,High Value,0.9203867898297754,0.7907025240198956,72.77521577929727,5155.0,1,Priority 1 - High Risk / High Value,0,0,753
JIO10028119,Uttar Pradesh East,0.2761978378769504,417.87,5014.4400000000005,High Value,0.7710154777719422,0.9436034477432111,72.7532863088984,14825.0,3,Priority 4 - High Value Watchlist,0,0,754
JIO10024826,Madhya Pradesh & Chhattisgarh,0.4212923232722104,318.3,3819.6,High Value,0.8487596156816707,0.8570082486329513,72.73939917457255,9792.0,2,Priority 4 - High Value Watchlist,0,0,755
JIO10050540,Uttar Pradesh East,0.23320717941783853,568.4,6820.799999999999,High Value,0.7384534585560258,0.9848620593777997,72.72747939481464,16933.0,3,Priority 4 - High Value Watchlist,0,0,756
JIO10022579,Delhi NCR,0.7153433330219735,271.64,3259.68,High Value,0.9389075967746918,0.7743520034601007,72.7044978626391,3956.0,1,Priority 1 - High Risk / High Value,0,0,757
JIO10019236,Andhra Pradesh & Telangana,0.4597359340083494,307.1,3685.2,High Value,0.8639747906948005,0.8412987735178721,72.68609317618959,8807.0,2,Priority 4 - High Value Watchlist,0,0,758
JIO10018465,Andhra Pradesh & Telangana,0.8273541448906503,262.92,3155.04,High Value,0.9654607803762859,0.7528422255862091,72.68396426146812,2237.0,1,Priority 1 - High Risk / High Value,0,0,759
JIO10005563,Delhi NCR,0.3074672496857624,376.56,4518.72,High Value,0.791945997713862,0.9176990330254255,72.6768076310367,13470.0,3,Priority 4 - High Value Watchlist,0,0,760
JIO10013031,Rajasthan,0.5356636666598888,292.61,3511.32,High Value,0.8902962711236059,0.8162284902221261,72.66851812296095,7103.0,2,Priority 4 - High Value Watchlist,0,1,761
JIO10045095,Assam,0.5027876325168182,298.26,3579.12,High Value,0.8797460533226235,0.8259909172356267,72.66622495183763,7786.0,2,Priority 4 - High Value Watchlist,0,0,762
JIO10062098,Rajasthan,0.9613490830925114,252.74,3032.88,Upper-Mid Value,0.9972350088047206,0.7286678612252464,72.66531010046755,180.0,1,Priority 2 - High Risk / Upper-Mid Value,1,1,763
JIO10018974,Gujarat,0.5731836731356078,287.66,3451.92,High Value,0.901665173468442,0.8057709536902592,72.65356067349596,6367.0,1,Priority 1 - High Risk / High Value,0,0,764
JIO10043604,Delhi NCR,0.6818433790509159,274.77,3297.24,High Value,0.930334579381507,0.7807701813463499,72.63774982564793,4511.0,1,Priority 1 - High Risk / High Value,0,0,765
JIO10043399,Uttar Pradesh East,0.9092727304268159,256.11,3073.32,Upper-Mid Value,0.9854953813834224,0.7369705582501777,72.62810813711125,940.0,1,Priority 2 - High Risk / Upper-Mid Value,0,0,766
JIO10012049,Haryana,0.603701601513621,283.37,3400.44,High Value,0.9102227439834409,0.7977694707899533,72.61479167686488,5813.0,1,Priority 1 - High Risk / High Value,0,0,767
JIO10046304,Madhya Pradesh & Chhattisgarh,0.8715755188814237,259.09,3109.08,Upper-Mid Value,0.9761654669591275,0.7437671846519819,72.60398411146775,1544.0,1,Priority 2 - High Risk / Upper-Mid Value,0,0,768
JIO10054206,Tamil Nadu,0.6516004680939675,277.59,3331.08,High Value,0.9224103308721308,0.7867944638388582,72.5747341717962,5024.0,1,Priority 1 - High Risk / High Value,0,0,769
JIO10019872,Punjab,0.3681485799042416,335.73,4028.76,High Value,0.8250486576662857,0.8793289876116037,72.54892008760075,11327.0,2,Priority 4 - High Value Watchlist,0,0,770
JIO10051533,Kerala,0.5392643483813306,291.22,3494.6400000000003,High Value,0.8915938088912231,0.8134171583922889,72.52377024684561,7019.0,2,Priority 4 - High Value Watchlist,0,0,771
JIO10004162,Madhya Pradesh & Chhattisgarh,0.4327449918732547,313.24,3758.88,High Value,0.85345546665019,0.8495087892736878,72.50179201730131,9488.0,2,Priority 4 - High Value Watchlist,0,0,772
JIO10014137,Maharashtra & Goa,0.7011320141869857,271.68,3260.16,High Value,0.9353084741573728,0.774491025363774,72.43880191815705,4189.0,1,Priority 1 - High Risk / High Value,0,0,773
JIO10018121,Uttar Pradesh East,0.257206076894082,445.96,5351.52,High Value,0.7574376718465198,0.9561308659519911,72.42095370872731,15704.0,3,Priority 4 - High Value Watchlist,0,1,774
JIO10021651,Uttar Pradesh West,0.6236572255032096,280.02,3360.24,High Value,0.9156909388612562,0.7908647162408478,72.4187654526823,5459.0,1,Priority 1 - High Risk / High Value,0,0,775
JIO10014130,Maharashtra & Goa,0.47792682120473,301.22,3614.64,High Value,0.8712811640767401,0.8309416416942136,72.39838008551719,8334.0,2,Priority 4 - High Value Watchlist,0,0,776
JIO10015752,Gujarat,0.5957433163499358,283.27,3399.24,High Value,0.9078284778646235,0.7974450863480491,72.39433589199726,5968.0,1,Priority 1 - High Risk / High Value,0,1,777
JIO10003318,Punjab,0.3527610426594025,341.27,4095.24,High Value,0.8174487935988137,0.8851988013222528,72.36046922359915,11819.0,2,Priority 4 - High Value Watchlist,0,0,778
JIO10023594,Rajasthan,0.5212067944749176,292.98,3515.76,High Value,0.8857548889369459,0.8168540887886558,72.3532502692686,7397.0,2,Priority 4 - High Value Watchlist,0,0,779
JIO10037955,Bihar & Jharkhand,0.48436996318603254,299.62,3595.44,High Value,0.8734900676573265,0.8282847786462356,72.3498527339234,8191.0,2,Priority 4 - High Value Watchlist,0,0,780
JIO10054583,Kerala,0.7546749576198044,266.96,3203.5199999999995,High Value,0.9480058080261979,0.7631684636534957,72.34881360459443,3367.0,1,Priority 1 - High Risk / High Value,0,0,781
JIO10004877,Tamil Nadu,0.8797670163440979,257.29,3087.4800000000005,Upper-Mid Value,0.9782662423924124,0.7393879946862739,72.33183152318023,1408.0,1,Priority 2 - High Risk / Upper-Mid Value,0,1,782
JIO10040437,Uttar Pradesh East,0.6487700844527903,276.36,3316.32,High Value,0.9217461151101363,0.7843229633291112,72.29466444402782,5067.0,1,Priority 1 - High Risk / High Value,0,0,783
JIO10049078,Maharashtra & Goa,0.5410675939213648,289.7,3476.4,High Value,0.8921498965059161,0.8103277827551052,72.29338475208355,6983.0,2,Priority 4 - High Value Watchlist,0,0,784
JIO10026752,Odisha,0.39534141944028856,322.31,3867.72,High Value,0.8378386728042263,0.8627931045135778,72.28814295902941,10499.0,2,Priority 4 - High Value Watchlist,0,0,785
JIO10018034,Uttar Pradesh West,0.4154180234424435,316.18,3794.16,High Value,0.8465043714665266,0.8539034261175816,72.2832983018777,9938.0,2,Priority 4 - High Value Watchlist,0,0,786
JIO10063296,Kolkata,0.6999638733991601,270.99,3251.88,High Value,0.9348759615681671,0.772961784423368,72.26233914682425,4217.0,1,Priority 1 - High Risk / High Value,1,1,787
JIO10010009,Uttar Pradesh West,0.5437819882055288,289.18,3470.16,High Value,0.8930767091970713,0.8091306496956965,72.26157379407209,6923.0,2,Priority 4 - High Value Watchlist,0,0,788
JIO10040317,Andhra Pradesh & Telangana,0.8609506684392424,258.41,3100.92,Upper-Mid Value,0.9736785195711947,0.7420680280515308,72.25356989743304,1705.0,1,Priority 2 - High Risk / Upper-Mid Value,0,0,789
JIO10052973,Uttar Pradesh East,0.3737726779457724,330.33,3963.96,High Value,0.8277827551051933,0.8727331706262165,72.24334684526602,11150.0,2,Priority 4 - High Value Watchlist,0,0,790
JIO10059474,Punjab,0.6088464349697937,280.89,3370.68,High Value,0.9116129630201736,0.7924325743767184,72.23918071212644,5723.0,1,Priority 1 - High Risk / High Value,0,0,791
JIO10038773,Delhi NCR,0.8348500855945838,260.39,3124.68,Upper-Mid Value,0.9671444900985511,0.7468874540455374,72.23480859038762,2128.0,1,Priority 2 - High Risk / Upper-Mid Value,1,1,792
JIO10052387,North East,0.34792130086973655,342.38,4108.56,High Value,0.8147146961599061,0.8865890203589855,72.23171043404797,11996.0,2,Priority 4 - High Value Watchlist,0,0,793
JIO10000276,Odisha,0.2723518933302627,409.5,4914.0,High Value,0.7683586147239643,0.9393092156075257,72.1726327701652,14997.0,3,Priority 4 - High Value Watchlist,0,0,794
JIO10041983,West Bengal,0.2731571809811541,407.56,4890.72,High Value,0.7688992554604714,0.9384441904291143,72.15690393121508,14962.0,3,Priority 4 - High Value Watchlist,0,0,795
JIO10007808,Kerala,0.7823531947694277,264.07,3168.84,High Value,0.954632518767957,0.7558543668324632,72.15631580310337,2938.0,1,Priority 1 - High Risk / High Value,0,0,796
JIO10017516,West Bengal,0.6526893686126897,275.36,3304.32,High Value,0.9226729278012914,0.7820291019185023,72.1557081092959,5007.0,1,Priority 1 - High Risk / High Value,0,0,797
JIO10063060,Andhra Pradesh & Telangana,0.30970151345655517,366.22,4394.64,High Value,0.7933207698724087,0.909450400074145,72.1485891547591,13381.0,3,Priority 4 - High Value Watchlist,0,1,798
JIO10064421,West Bengal,0.5790289175943021,283.78,3405.36,High Value,0.9033334363125213,0.7986731131638296,72.14681278047014,6259.0,1,Priority 1 - High Risk / High Value,0,0,799
JIO10013711,Rajasthan,0.6021683124550461,281.04,3372.4800000000005,High Value,0.9098983595415366,0.7928728104050171,72.14336695126129,5834.0,1,Priority 1 - High Risk / High Value,0,0,800
JIO10021365,Rajasthan,0.2960155263240309,379.19,4550.28,High Value,0.7843770274027619,0.919714850628688,72.14032005943055,13960.0,3,Priority 4 - High Value Watchlist,0,1,801
JIO10041849,Uttar Pradesh East,0.27109325106924953,411.03,4932.36,High Value,0.767261886372764,0.9401742407859371,72.13598615044994,15068.0,3,Priority 4 - High Value Watchlist,0,0,802
JIO10022257,West Bengal,0.4712399328770587,300.76,3609.12,High Value,0.8686706416633199,0.8302774259322191,72.12376243431103,8503.0,2,Priority 4 - High Value Watchlist,0,0,803
JIO10049652,Bihar & Jharkhand,0.2997578668708569,375.32,4503.84,High Value,0.7867867403997653,0.9166409218696902,72.12009230348893,13804.0,3,Priority 4 - High Value Watchlist,0,0,804
JIO10008589,Bihar & Jharkhand,0.5563575132321003,286.69,3440.28,High Value,0.8967839599616917,0.8041490314807378,72.11479528506551,6683.0,2,Priority 4 - High Value Watchlist,0,0,805
JIO10025741,Madhya Pradesh & Chhattisgarh,0.4830154254129145,298.27,3579.24,High Value,0.8729185331644475,0.8260218109919986,72.10497476129758,8228.0,2,Priority 4 - High Value Watchlist,0,0,806
JIO10039063,Madhya Pradesh & Chhattisgarh,0.8708927462683732,256.93,3083.16,Upper-Mid Value,0.9759646575427107,0.7387546726806512,72.09984511308491,1557.0,1,Priority 2 - High Risk / Upper-Mid Value,0,1,807
JIO10053745,Uttar Pradesh West,0.6370922824737283,276.46,3317.5199999999995,High Value,0.9189965707930428,0.7845160493064351,72.09675590447195,5245.0,1,Priority 1 - High Risk / High Value,0,0,808
JIO10049219,Madhya Pradesh & Chhattisgarh,0.9581646341459524,250.63,3007.56,Upper-Mid Value,0.9966789211900275,0.7233077944947326,72.09056323053483,216.0,1,Priority 2 - High Risk / Upper-Mid Value,1,1,809
JIO10035172,Uttar Pradesh East,0.2753236889302005,402.47,4829.64,High Value,0.7704130495226915,0.9355247304519757,72.07404604914007,14864.0,3,Priority 4 - High Value Watchlist,0,0,810
JIO10021663,Punjab,0.3373290631754601,346.4,4156.799999999999,High Value,0.8091229262566035,0.890659272760975,72.06528370739386,12358.0,2,Priority 4 - High Value Watchlist,0,0,811
JIO10004538,Bihar & Jharkhand,0.9039895808608589,254.25,3051.0,Upper-Mid Value,0.9841978436158052,0.7322206432080076,72.06499780962989,1024.0,1,Priority 2 - High Risk / Upper-Mid Value,0,1,812
JIO10009576,West Bengal,0.3723924519024608,329.11,3949.32,High Value,0.827072198708641,0.8710880780994161,72.04527320225685,11196.0,2,Priority 4 - High Value Watchlist,0,0,813
JIO10003805,Andhra Pradesh & Telangana,0.28586775013476945,386.98,4643.76,High Value,0.7779202323210479,0.9259476659767061,72.03134234337313,14378.0,3,Priority 4 - High Value Watchlist,0,0,814
JIO10051682,Uttar Pradesh East,0.5856663900781585,282.46,3389.5199999999995,High Value,0.905094380425716,0.7956918656739473,72.01762361719433,6145.0,1,Priority 1 - High Risk / High Value,0,0,815
JIO10046343,Uttar Pradesh West,0.3963402731837909,319.5,3834.0,High Value,0.8384411010534771,0.8587382989897742,72.00014849217763,10460.0,2,Priority 4 - High Value Watchlist,0,0,816
JIO10037560,Mumbai,0.8538773176109903,257.88,3094.56,Upper-Mid Value,0.9716395316506534,0.7408940653094009,71.9881962619975,1837.0,1,Priority 2 - High Risk / Upper-Mid Value,0,0,817
JIO10005814,West Bengal,0.7446525388892254,266.14,3193.68,High Value,0.9455806481510087,0.7610445179029318,71.96289685104263,3524.0,1,Priority 1 - High Risk / High Value,0,0,818
JIO10022964,Gujarat,0.238949323105979,481.47,5777.64,High Value,0.7428558188390126,0.968488368500726,71.94472200186662,16648.0,3,Priority 4 - High Value Watchlist,0,0,819
JIO10000558,Rajasthan,0.6465748932885614,274.78,3297.36,High Value,0.9213290493991164,0.7808087985418147,71.93818281229963,5094.0,1,Priority 1 - High Risk / High Value,0,0,820
JIO10011754,Madhya Pradesh & Chhattisgarh,0.6821039431954453,271.1,3253.2000000000003,High Value,0.9304118137724365,0.7731780407179709,71.93739832334262,4506.0,1,Priority 1 - High Risk / High Value,0,0,821
JIO10046837,Uttar Pradesh West,0.7892891759873234,262.66,3151.92,High Value,0.956331675368408,0.7521162223114709,71.9272566954887,2828.0,1,Priority 1 - High Risk / High Value,0,0,822
JIO10026602,Tamil Nadu,0.7830227043583315,263.05,3156.6000000000004,High Value,0.9547715406716303,0.7532206741017641,71.91536634778653,2929.0,1,Priority 1 - High Risk / High Value,0,0,823
JIO10011026,West Bengal,0.8724862002569457,255.87,3070.44,Upper-Mid Value,0.9764126170101023,0.7364221940745775,71.90519217406796,1528.0,1,Priority 2 - High Risk / Upper-Mid Value,0,0,824
JIO10011637,Madhya Pradesh & Chhattisgarh,0.5243677238745121,289.85,3478.2000000000003,High Value,0.8867589360190306,0.8106598906361024,71.88599020937738,7332.0,2,Priority 4 - High Value Watchlist,0,0,825
JIO10051105,Bihar & Jharkhand,0.25453335342897243,435.47,5225.64,High Value,0.7550742994840742,0.9518752510117705,71.873653835394,15857.0,3,Priority 4 - High Value Watchlist,0,0,826
JIO10009584,Tamil Nadu,0.41215378195752117,313.72,3764.64,High Value,0.845284068089839,0.8502811331829837,71.87290952769507,10017.0,2,Priority 4 - High Value Watchlist,0,0,827
JIO10008948,Karnataka,0.5119943118966742,291.57,3498.84,High Value,0.8825882789088325,0.8140968210324694,71.85123121401989,7602.0,2,Priority 4 - High Value Watchlist,0,0,828
JIO10056069,Uttar Pradesh West,0.5818739467113021,282.03,3384.36,High Value,0.9039049708054002,0.7947496061046062,71.83781195035874,6222.0,1,Priority 1 - High Risk / High Value,0,0,829
JIO10035321,Tamil Nadu,0.34003381690475304,342.14,4105.68,High Value,0.8105285921715222,0.886280082795267,71.83553477777079,12267.0,2,Priority 4 - High Value Watchlist,0,1,830
JIO10059925,Punjab,0.5882583476808592,281.01,3372.12,High Value,0.9058203837004541,0.7927878525749946,71.81233968125407,6098.0,1,Priority 1 - High Risk / High Value,1,1,831
JIO10051312,Bihar & Jharkhand,0.8041076252742424,260.82,3129.84,Upper-Mid Value,0.9600234792548425,0.7480150761531095,71.81120359435842,2589.0,1,Priority 2 - High Risk / Upper-Mid Value,0,0,832
JIO10020788,Haryana,0.7143208700961293,267.74,3212.88,High Value,0.9384905310636721,0.764991195279434,71.79369931168293,3983.0,1,Priority 1 - High Risk / High Value,0,0,833
JIO10007219,Rajasthan,0.6895726973700744,269.92,3239.04,High Value,0.9322963329111187,0.7700654947635083,71.7929236869405,4384.0,1,Priority 1 - High Risk / High Value,0,0,834
JIO10044123,Rajasthan,0.7912216516978453,261.85,3142.2000000000003,High Value,0.9566869535666842,0.7504093422719268,71.79068275861088,2805.0,1,Priority 1 - High Risk / High Value,0,0,835
JIO10024886,Uttar Pradesh West,0.38535428173861397,321.12,3853.44,High Value,0.8334826531557972,0.8611789057431493,71.77776792006063,10781.0,2,Priority 4 - High Value Watchlist,0,0,836
JIO10032341,Uttar Pradesh West,0.6406394381404096,274.44,3293.28,High Value,0.9198152553368965,0.7801909234143779,71.7631513431925,5192.0,1,Priority 1 - High Risk / High Value,0,0,837
JIO10047835,Delhi NCR,0.5388047454440386,287.18,3446.16,High Value,0.8913003182056907,0.8050912910500788,71.75781238975657,7038.0,2,Priority 4 - High Value Watchlist,0,0,838
JIO10060448,Rajasthan,0.9348601724510159,250.75,3009.0,Upper-Mid Value,0.9915196638759307,0.7236785195711947,71.7541482479462,550.0,1,Priority 2 - High Risk / Upper-Mid Value,0,0,839
JIO10005646,Bihar & Jharkhand,0.8141484192230399,259.85,3118.2000000000003,Upper-Mid Value,0.9623559578609163,0.7455667459606413,71.75005999581995,2438.0,1,Priority 2 - High Risk / Upper-Mid Value,0,0,840
JIO10024276,Andhra Pradesh & Telangana,0.5165553197140925,290.34,3484.08,High Value,0.8839630510673793,0.8116021502054435,71.74263129484493,7513.0,2,Priority 4 - High Value Watchlist,0,0,841
JIO10028796,Bihar & Jharkhand,0.6637189421461818,271.85,3262.2000000000003,High Value,0.9257931971948469,0.7749312613920727,71.74260900904027,4805.0,1,Priority 1 - High Risk / High Value,0,0,842
JIO10027855,Rajasthan,0.23877760317655036,472.11,5665.32,High Value,0.7428094782044549,0.9657697179400043,71.73829002486781,16651.0,3,Priority 4 - High Value Watchlist,0,0,843
JIO10050296,Mumbai,0.6823796705424621,270.31,3243.7200000000003,High Value,0.930519941919738,0.7709459668201056,71.73805962687008,4499.0,1,Priority 1 - High Risk / High Value,0,0,844
JIO10038625,Punjab,0.4612252610960162,300.33,3603.96,High Value,0.864639006456795,0.8294896351447373,71.72090939977551,8764.0,2,Priority 4 - High Value Watchlist,0,0,845
JIO10017750,Gujarat,0.8522055126510388,256.53,3078.36,Upper-Mid Value,0.9712533596960055,0.7379591584540764,71.67453119669585,1862.0,1,Priority 2 - High Risk / Upper-Mid Value,0,0,846
JIO10001205,Karnataka,0.28280914960037296,384.7,4616.4,High Value,0.7754950724458587,0.9241712749853255,71.66902698471266,14535.0,3,Priority 4 - High Value Watchlist,0,0,847
JIO10041123,Uttar Pradesh East,0.4028064415265594,314.7,3776.4,High Value,0.8413914547869875,0.8517872038061108,71.66864745793639,10269.0,2,Priority 4 - High Value Watchlist,0,0,848
JIO10051550,Uttar Pradesh West,0.3521249285832915,333.55,4002.6,High Value,0.8170935154005375,0.8768729339800426,71.64871881853365,11842.0,2,Priority 4 - High Value Watchlist,0,0,849
JIO10063321,Delhi NCR,0.4897282881022769,293.77,3525.24,High Value,0.8751428836232198,0.8184296703636195,71.62429017648192,8084.0,2,Priority 4 - High Value Watchlist,0,0,850
JIO10018396,Uttar Pradesh West,0.8645907072434873,255.34,3064.08,Upper-Mid Value,0.9745744385059779,0.7349006765732645,71.62154142290525,1647.0,1,Priority 2 - High Risk / Upper-Mid Value,0,0,851
JIO10004470,Punjab,0.6461386651783421,273.11,3277.32,High Value,0.9211900274954432,0.7774877197318422,71.62139339171452,5103.0,1,Priority 1 - High Risk / High Value,1,1,852
JIO10059401,Odisha,0.2970976910643231,369.81,4437.72,High Value,0.7849794556520128,0.9123544131730977,71.61794706143299,13921.0,3,Priority 4 - High Value Watchlist,0,0,853
JIO10006515,Karnataka,0.3191314307927022,351.91,4222.92,High Value,0.798989774166641,0.8959498285396521,71.58547511695373,13014.0,3,Priority 4 - High Value Watchlist,0,0,854
JIO10049071,Uttar Pradesh East,0.7663440351565098,262.98,3155.76,High Value,0.9503228397540857,0.7530430350026259,71.56339954807308,3217.0,1,Priority 1 - High Risk / High Value,0,0,855
JIO10004268,Rajasthan,0.6094062611821436,276.67,3320.04,High Value,0.911736538045661,0.7848944978219902,71.5616992175309,5715.0,1,Priority 1 - High Risk / High Value,0,0,856
JIO10012158,Delhi NCR,0.22714350081110382,510.61,6127.32,High Value,0.7335413512929037,0.975501251197133,71.55705059910632,17251.0,3,Priority 4 - High Value Watchlist,0,0,857
JIO10007663,Gujarat,0.704973164998733,267.39,3208.68,High Value,0.9362352868485279,0.7642960857610677,71.55609650897202,4129.0,1,Priority 1 - High Risk / High Value,0,0,858
JIO10043676,Gujarat,0.3680104788508004,326.21,3914.52,High Value,0.824986870153542,0.8673422101393309,71.55459352949023,11331.0,2,Priority 4 - High Value Watchlist,0,0,859
JIO10048419,Uttar Pradesh East,0.9164091638334456,251.22,3014.64,Upper-Mid Value,0.9872408786184312,0.724767524483302,71.55201276650004,827.0,1,Priority 2 - High Risk / Upper-Mid Value,0,1,860
JIO10040735,Punjab,0.2950170462900483,370.46,4445.52,High Value,0.7837745991535111,0.912864160153233,71.54797412057067,13999.0,3,Priority 4 - High Value Watchlist,0,0,861
JIO10060224,Madhya Pradesh & Chhattisgarh,0.6069955705567338,276.88,3322.56,High Value,0.9110723222836665,0.7851957119466156,71.537008073038,5758.0,1,Priority 1 - High Risk / High Value,0,0,862
JIO10059083,Karnataka,0.2448837765482612,446.39,5356.68,High Value,0.7478142667366925,0.9562467175383855,71.50949378953368,16327.0,3,Priority 4 - High Value Watchlist,0,0,863
JIO10057937,West Bengal,0.9376335486164648,249.72,2996.64,Upper-Mid Value,0.992230220272483,0.7204501220303376,71.48523832774991,504.0,1,Priority 2 - High Risk / Upper-Mid Value,1,1,864
JIO10053148,Assam,0.30972618847184646,356.77,4281.24,High Value,0.7933516636287806,0.9009391701937038,71.4761589501508,13379.0,3,Priority 4 - High Value Watchlist,0,0,865
JIO10050603,Uttar Pradesh West,0.5171526147210312,288.69,3464.28,High Value,0.884210201118354,0.8081188791745189,71.45469566824401,7497.0,2,Priority 4 - High Value Watchlist,0,0,866
JIO10026765,Gujarat,0.5603132233113541,282.43,3389.16,High Value,0.8980042633383793,0.7955837375266459,71.44375881416101,6604.0,2,Priority 4 - High Value Watchlist,0,0,867
JIO10036517,Haryana,0.8995276919089011,251.93,3023.16,Upper-Mid Value,0.9831320090209769,0.7265979795483333,71.43417313839355,1093.0,1,Priority 2 - High Risk / Upper-Mid Value,1,1,868
JIO10012955,Tamil Nadu,0.3455380699541969,334.25,4011.0,High Value,0.8134943927832186,0.877552596620223,71.3884116722905,12075.0,2,Priority 4 - High Value Watchlist,0,0,869
JIO10013865,Andhra Pradesh & Telangana,0.4128814528299416,309.29,3711.480000000001,High Value,0.8455930056535574,0.8439710834440359,71.36560451341317,9997.0,2,Priority 4 - High Value Watchlist,0,0,870
JIO10008072,Tamil Nadu,0.32786722994181244,343.48,4121.76,High Value,0.8038400939170194,0.8876703018319998,71.35449787919836,12700.0,2,Priority 4 - High Value Watchlist,0,0,871
JIO10038855,Jammu & Kashmir,0.23496015968240377,467.42,5609.04,High Value,0.7397509963236429,0.9641323488522969,71.32178656513408,16849.0,3,Priority 4 - High Value Watchlist,0,0,872
JIO10022881,Uttar Pradesh East,0.8849673308462049,252.51,3030.12,Upper-Mid Value,0.9792702894744972,0.7280808798541815,71.2987973975651,1343.0,1,Priority 2 - High Risk / Upper-Mid Value,1,1,873
JIO10006543,Odisha,0.41283433253690954,308.65,3703.8,High Value,0.8455466650189997,0.8431215051438105,71.28985768801483,10000.0,2,Priority 4 - High Value Watchlist,0,0,874
JIO10050459,Maharashtra & Goa,0.9177623201397342,250.16,3001.92,Upper-Mid Value,0.9876888380858229,0.7216781488461183,71.279345230575,798.0,1,Priority 2 - High Risk / Upper-Mid Value,0,1,875
JIO10055290,Rajasthan,0.23682147521157595,459.11,5509.32,High Value,0.741264790385863,0.9613828045352034,71.26392230843607,16751.0,3,Priority 4 - High Value Watchlist,0,0,876
JIO10006273,Bihar & Jharkhand,0.32062767466311215,346.49,4157.88,High Value,0.799916586857796,0.8907674009082764,71.25396190187385,12954.0,3,Priority 4 - High Value Watchlist,0,0,877
JIO10064064,Kerala,0.5641033342978785,280.84,3370.08,High Value,0.8989156291513485,0.7923167227903241,71.22258853541987,6545.0,2,Priority 4 - High Value Watchlist,1,1,878
JIO10019822,Uttar Pradesh East,0.6010327862682445,275.83,3309.96,High Value,0.9095121875868887,0.7830177021224011,71.21641431766038,5859.0,1,Priority 1 - High Risk / High Value,0,0,879
JIO10007761,Delhi NCR,0.4749678892823786,293.82,3525.84,High Value,0.8700145200654947,0.8185532453891069,71.2153208935257,8416.0,2,Priority 4 - High Value Watchlist,0,0,880
JIO10021230,Uttar Pradesh West,0.8100154737798654,257.75,3093.0,Upper-Mid Value,0.9614445920479471,0.7404538292811023,71.19053298235096,2497.0,1,Priority 2 - High Risk / Upper-Mid Value,0,0,881
JIO10005929,Andhra Pradesh & Telangana,0.3501239500286706,330.02,3960.24,High Value,0.8161203620748246,0.872254317402453,71.18645093398189,11905.0,2,Priority 4 - High Value Watchlist,0,0,882
JIO10041776,Maharashtra & Goa,0.6025443789040748,275.45,3305.4,High Value,0.9099292532979085,0.7821758472612685,71.1724684646105,5832.0,1,Priority 1 - High Risk / High Value,0,0,883
JIO10005188,Madhya Pradesh & Chhattisgarh,0.7744848490133184,260.48,3125.76,Upper-Mid Value,0.9524699558219284,0.747142327535605,71.16306197005305,3078.0,1,Priority 2 - High Risk / Upper-Mid Value,1,1,884
JIO10030039,Andhra Pradesh & Telangana,0.27202825344394865,387.42,4649.04,High Value,0.7679106552565726,0.9264033488831908,71.13950026727743,15026.0,3,Priority 4 - High Value Watchlist,0,0,885
JIO10039169,Punjab,0.45522289617805883,297.49,3569.88,High Value,0.8623992091198369,0.8245929747598011,71.11283292786261,8909.0,2,Priority 4 - High Value Watchlist,0,1,886
JIO10023893,Andhra Pradesh & Telangana,0.5860524646754988,277.01,3324.12,High Value,0.9051716148166455,0.7855896073403565,71.1093413459445,6140.0,1,Priority 1 - High Risk / High Value,0,0,887
JIO10050205,Bihar & Jharkhand,0.39459910625389005,312.95,3755.4,High Value,0.8374833946059501,0.8490608298062962,71.10743459731218,10522.0,2,Priority 4 - High Value Watchlist,0,0,888
JIO10018072,Punjab,0.794679543579034,258.58,3102.96,Upper-Mid Value,0.9576446600142111,0.7424001359325281,71.095552576961,2743.0,1,Priority 2 - High Risk / Upper-Mid Value,0,0,889
JIO10034668,Andhra Pradesh & Telangana,0.9034984271148956,250.34,3004.08,Upper-Mid Value,0.9840742685903179,0.7223578114862986,71.0853734998882,1032.0,1,Priority 2 - High Risk / Upper-Mid Value,1,1,890
JIO10041906,Uttar Pradesh East,0.5773514653011456,277.79,3333.4800000000005,High Value,0.9028700299669437,0.7872424233062498,71.07775903217632,6289.0,1,Priority 1 - High Risk / High Value,0,0,891
JIO10006886,Tamil Nadu,0.7028118163489798,265.56,3186.7200000000003,High Value,0.9357409867465785,0.7595847879143625,71.0774618960676,4161.0,1,Priority 1 - High Risk / High Value,0,0,892
JIO10061236,Uttar Pradesh East,0.48078212556205696,291.86,3502.32,High Value,0.8721925298897093,0.8146838024035342,71.05611266785066,8275.0,2,Priority 4 - High Value Watchlist,0,0,893
JIO10051604,Rajasthan,0.7398082888625599,262.74,3152.88,High Value,0.9443757916525071,0.7523479254842597,71.04991677273192,3602.0,1,Priority 1 - High Risk / High Value,0,0,894
JIO10058194,Mumbai,0.48389019007761697,291.22,3494.6400000000003,High Value,0.8732274707281659,0.8134171583922889,71.02982078697903,8208.0,2,Priority 4 - High Value Watchlist,0,0,895
JIO10004302,Haryana,0.3147051301335275,347.73,4172.76,High Value,0.7964410392659643,0.8917173839167104,71.02003199781517,13179.0,3,Priority 4 - High Value Watchlist,0,0,896
JIO10047065,Uttar Pradesh West,0.8572439904323111,253.2,3038.4,Upper-Mid Value,0.9725200037072508,0.7298958880410269,70.98383517435666,1780.0,1,Priority 2 - High Risk / Upper-Mid Value,0,1,897
JIO10046844,Madhya Pradesh & Chhattisgarh,0.5590485758616169,279.85,3358.2000000000003,High Value,0.897679878896475,0.7905635021162223,70.96729488396636,6625.0,2,Priority 4 - High Value Watchlist,0,0,898
JIO10005742,Andhra Pradesh & Telangana,0.5518131973279969,280.94,3371.28,High Value,0.8953628471685873,0.7925947665976706,70.96599068718122,6775.0,2,Priority 4 - High Value Watchlist,0,0,899
JIO10042063,Uttar Pradesh East,0.740447726323893,262.32,3147.84,High Value,0.9446074948252958,0.7512357502548734,70.96229200714575,3587.0,1,Priority 1 - High Risk / High Value,0,0,900
JIO10064432,Tamil Nadu,0.2724069607442868,383.59,4603.08,High Value,0.768404955358522,0.9233834841978437,70.95324449538406,14994.0,3,Priority 4 - High Value Watchlist,0,0,901
JIO10041485,Tamil Nadu,0.7261690560130141,263.25,3159.0,High Value,0.9414717785535544,0.7536222929345979,70.95141204867437,3790.0,1,Priority 1 - High Risk / High Value,0,0,902
JIO10055536,Uttar Pradesh East,0.5978388080410558,274.82,3297.84,High Value,0.9085235873829899,0.7808860329327443,70.94533799773284,5923.0,1,Priority 1 - High Risk / High Value,0,0,903
JIO10054555,Karnataka,0.4949079706065947,289.16,3469.92,High Value,0.8768574871018567,0.8090765856220458,70.94448617414972,7973.0,2,Priority 4 - High Value Watchlist,0,0,904
JIO10029222,West Bengal,0.8308563809875784,255.0,3060.0,Upper-Mid Value,0.966217677407396,0.7341746732985264,70.93725476458359,2188.0,1,Priority 2 - High Risk / Upper-Mid Value,1,1,905
JIO10049744,Gujarat,0.8470539562917031,253.78,3045.36,Upper-Mid Value,0.9700793969538756,0.73120887268683,70.93306622633632,1938.0,1,Priority 2 - High Risk / Upper-Mid Value,0,0,906
JIO10046432,Uttar Pradesh West,0.8457827640497557,253.78,3045.36,Upper-Mid Value,0.969816800024715,0.73120887268683,70.91386490588208,1955.0,1,Priority 2 - High Risk / Upper-Mid Value,0,1,907
JIO10063065,Bihar & Jharkhand,0.38191889088093317,315.1,3781.2,High Value,0.8319534122153913,0.8523587382989898,70.91227607594503,10880.0,2,Priority 4 - High Value Watchlist,0,0,908
JIO10051659,Uttar Pradesh East,0.7569100575274582,260.66,3127.92,Upper-Mid Value,0.9485001081281473,0.7475671166857178,70.90674910094508,3335.0,1,Priority 2 - High Risk / Upper-Mid Value,0,0,909
JIO10011659,Andhra Pradesh & Telangana,0.38869308903900296,312.78,3753.36,High Value,0.8351972566344342,0.848898637585344,70.89978132719881,10670.0,2,Priority 4 - High Value Watchlist,0,0,910
JIO10003106,Madhya Pradesh & Chhattisgarh,0.5295816401249854,283.43,3401.16,High Value,0.8884735394976675,0.7979162161327196,70.89274447700232,7221.0,2,Priority 4 - High Value Watchlist,0,0,911
JIO10036535,Punjab,0.8678854831280486,252.0,3024.0,Upper-Mid Value,0.9753467824152738,0.7268142358429361,70.88959263430237,1597.0,1,Priority 2 - High Risk / Upper-Mid Value,0,1,912
JIO10001282,Uttar Pradesh West,0.3307567720664349,336.26,4035.12,High Value,0.8055392505174704,0.8799314158608545,70.88192932393294,12590.0,2,Priority 4 - High Value Watchlist,0,0,913
JIO10055655,Punjab,0.27641698878302406,378.17,4538.04,High Value,0.7712471809447311,0.9189734004757638,70.87556444801263,14810.0,3,Priority 4 - High Value Watchlist,0,0,914
JIO10033199,Rajasthan,0.6849790234418661,266.16,3193.92,High Value,0.931091476412617,0.7611217522938614,70.86739760730497,4462.0,1,Priority 1 - High Risk / High Value,0,0,915
JIO10047469,Uttar Pradesh East,0.6153084161895226,272.3,3267.6000000000004,High Value,0.9134202477679261,0.775819456887763,70.86492005335984,5606.0,1,Priority 1 - High Risk / High Value,0,0,916
JIO10063284,Maharashtra & Goa,0.8993708585432656,249.78,2997.36,Upper-Mid Value,0.983101115264605,0.7206045908121969,70.8427176892265,1095.0,1,Priority 2 - High Risk / Upper-Mid Value,0,1,917
JIO10005420,Bihar & Jharkhand,0.37917718542190704,315.44,3785.28,High Value,0.8304087243967994,0.8528530384009392,70.82166037164585,10980.0,2,Priority 4 - High Value Watchlist,0,0,918
JIO10052113,West Bengal,0.7490053211494229,260.83,3129.96,Upper-Mid Value,0.9466001421112793,0.7480459699094812,70.81004214220847,3458.0,1,Priority 2 - High Risk / Upper-Mid Value,0,0,919
JIO10028613,Bihar & Jharkhand,0.9809636447692957,245.37,2944.44,Upper-Mid Value,0.9996447218017239,0.7083474929716704,70.8095832550614,24.0,1,Priority 2 - High Risk / Upper-Mid Value,1,1,920
JIO10015344,Rajasthan,0.6493204165682159,269.1,3229.2000000000003,High Value,0.9218851370138095,0.7680728474775248,70.80749422334047,5058.0,1,Priority 1 - High Risk / High Value,0,0,921
JIO10004524,Andhra Pradesh & Telangana,0.7840138689739515,257.95,3095.4,Upper-Mid Value,0.9550341376007909,0.7411103216040038,70.77856568601246,2912.0,1,Priority 2 - High Risk / Upper-Mid Value,0,0,922
JIO10004728,Rajasthan,0.33220276091465506,334.32,4011.84,High Value,0.8064660632086256,0.8776298310111527,70.77786747700156,12530.0,2,Priority 4 - High Value Watchlist,0,0,923
JIO10014412,Uttar Pradesh East,0.8160943079640932,255.41,3064.92,Upper-Mid Value,0.962803917328308,0.7351169328678674,70.77734626595536,2409.0,1,Priority 2 - High Risk / Upper-Mid Value,0,0,924
JIO10027101,Gujarat,0.9020289676425762,249.28,2991.36,Upper-Mid Value,0.9837035435138558,0.7192298186536501,70.75089212104236,1056.0,1,Priority 2 - High Risk / Upper-Mid Value,0,1,925
JIO10040776,Uttar Pradesh East,0.42021371877935343,302.69,3632.28,High Value,0.8484815718743242,0.8338224844758875,70.74830122922553,9810.0,2,Priority 4 - High Value Watchlist,0,0,926
JIO10041191,Gujarat,0.4946207747201335,288.02,3456.24,High Value,0.8767339120763694,0.8065432975995551,70.71238605634335,7981.0,2,Priority 4 - High Value Watchlist,0,0,927
JIO10058970,Rajasthan,0.8001267180036646,256.21,3074.5199999999995,Upper-Mid Value,0.9589730915382001,0.7371404739102227,70.68978791636202,2657.0,1,Priority 2 - High Risk / Upper-Mid Value,0,0,928
JIO10022657,Uttar Pradesh East,0.6751656570551875,266.14,3193.68,High Value,0.9287744446847293,0.7610445179029318,70.6838699495653,4612.0,1,Priority 1 - High Risk / High Value,0,0,929
JIO10048081,Andhra Pradesh & Telangana,0.7360889920084551,261.3,3135.6000000000004,Upper-Mid Value,0.9434798727177237,0.7490422935524731,70.67063277810792,3660.0,1,Priority 2 - High Risk / Upper-Mid Value,0,0,930
JIO10010690,Rajasthan,0.7306812033366117,261.61,3139.32,Upper-Mid Value,0.9424140381228954,0.749799190583583,70.66212829791529,3729.0,1,Priority 2 - High Risk / Upper-Mid Value,0,1,931
JIO10054615,Tamil Nadu,0.4244944564898621,301.29,3615.480000000001,High Value,0.8502116222311471,0.8311115573542587,70.66207054332193,9698.0,2,Priority 4 - High Value Watchlist,0,0,932
JIO10028809,Uttar Pradesh West,0.46332342678211275,292.69,3512.28,High Value,0.8654422441224628,0.8164601933949149,70.65991420083552,8712.0,2,Priority 4 - High Value Watchlist,0,0,933
JIO10017257,Andhra Pradesh & Telangana,0.6185429851582677,270.92,3251.04,High Value,0.9143470604590812,0.77278414532423,70.65929116465931,5546.0,1,Priority 1 - High Risk / High Value,0,0,934
JIO10048000,Madhya Pradesh & Chhattisgarh,0.5714275197007276,276.24,3314.88,High Value,0.9011090858537489,0.7840989835954154,70.65587183265185,6403.0,1,Priority 1 - High Risk / High Value,0,0,935
JIO10024818,Tamil Nadu,0.22710499303633133,464.15,5569.799999999999,High Value,0.7335104575365319,0.9632518767956996,70.65553248713367,17253.0,3,Priority 4 - High Value Watchlist,0,0,936
JIO10061877,Madhya Pradesh & Chhattisgarh,0.28702959455045923,363.61,4363.32,High Value,0.7787852574994594,0.906986623003491,70.63478107443389,14322.0,3,Priority 4 - High Value Watchlist,0,0,937
JIO10039751,Madhya Pradesh & Chhattisgarh,0.29312313856005906,358.37,4300.4400000000005,High Value,0.7826006364113812,0.9023602829868084,70.61877317378304,14075.0,3,Priority 4 - High Value Watchlist,0,0,938
JIO10035798,Rajasthan,0.42705757700247954,300.33,3603.96,High Value,0.8512620099477896,0.8294896351447373,70.61130140441676,9630.0,2,Priority 4 - High Value Watchlist,0,0,939
JIO10029976,Bihar & Jharkhand,0.4637333863227666,292.29,3507.4800000000005,High Value,0.8656893941734376,0.8155024869473879,70.5971853872416,8696.0,2,Priority 4 - High Value Watchlist,0,0,940
JIO10054709,Gujarat,0.5452434596800242,279.41,3352.92,High Value,0.8934937749080911,0.7899224566715067,70.57907976960976,6896.0,2,Priority 4 - High Value Watchlist,0,0,941
JIO10026796,Assam,0.48601934663309876,288.36,3460.32,High Value,0.8740770490283913,0.8073928758997807,70.57235823730265,8153.0,2,Priority 4 - High Value Watchlist,0,0,942
JIO10004867,Kerala,0.9174517139724337,247.63,2971.56,Upper-Mid Value,0.9875807099385214,0.7144103926596435,70.55379227702684,805.0,1,Priority 2 - High Risk / Upper-Mid Value,0,0,943
JIO10029817,Andhra Pradesh & Telangana,0.5652724362505801,276.45,3317.4,High Value,0.8993018011059964,0.7844928789891563,70.54958590297767,6520.0,2,Priority 4 - High Value Watchlist,0,0,944
JIO10015609,Uttar Pradesh West,0.839017679802686,252.67,3032.04,Upper-Mid Value,0.9683493465970527,0.7284979455652013,70.54405095853579,2050.0,1,Priority 2 - High Risk / Upper-Mid Value,1,1,945
JIO10005987,Himachal Pradesh,0.44967012967563497,294.7,3536.4,High Value,0.8601439649046928,0.8200129753776761,70.53292119146487,9055.0,2,Priority 4 - High Value Watchlist,0,0,946
JIO10058466,Maharashtra & Goa,0.3442392042104907,326.4,3916.8,High Value,0.8127683895084803,0.8675970836293985,70.51554844037204,12122.0,2,Priority 4 - High Value Watchlist,0,0,947
JIO10003187,Bihar & Jharkhand,0.22213207132069343,478.67,5744.04,High Value,0.7286601377861535,0.9676542370786864,70.50910697191108,17567.0,3,Priority 4 - High Value Watchlist,0,0,948
JIO10014065,Bihar & Jharkhand,0.8174238805640931,253.99,3047.88,Upper-Mid Value,0.9630510673792827,0.7317186196669653,70.46823976915663,2393.0,1,Priority 2 - High Risk / Upper-Mid Value,0,0,949
JIO10016073,Kolkata,0.6189223848780675,270.13,3241.56,High Value,0.9144706354845685,0.770505730791807,70.46048652816856,5538.0,1,Priority 1 - High Risk / High Value,0,0,950
JIO10040906,Kolkata,0.3918830704889229,308.19,3698.28,High Value,0.8362167505947048,0.8425422472118385,70.4547940202244,10604.0,2,Priority 4 - High Value Watchlist,0,0,951
JIO10033867,Uttar Pradesh East,0.677659727892102,264.82,3177.84,High Value,0.9293305322994223,0.7576616515802156,70.41181059659012,4576.0,1,Priority 1 - High Risk / High Value,0,0,952
JIO10041427,Rajasthan,0.23596132455857838,432.66,5191.92,High Value,0.7406160215020544,0.9506626710741759,70.40760052414723,16793.0,3,Priority 4 - High Value Watchlist,0,0,953
JIO10005011,West Bengal,0.3119212431025539,341.94,4103.28,High Value,0.7946646482745837,0.8859556983533627,70.40376734188382,13294.0,3,Priority 4 - High Value Watchlist,0,0,954
JIO10039316,Uttar Pradesh West,0.8245175527485505,253.19,3038.28,Upper-Mid Value,0.9646266489542463,0.7298341005282832,70.40174226851343,2291.0,1,Priority 2 - High Risk / Upper-Mid Value,1,1,955
JIO10059567,Madhya Pradesh & Chhattisgarh,0.6042978583699188,271.13,3253.56,High Value,0.9103463190089283,0.7732475516698075,70.39230623452754,5805.0,1,Priority 1 - High Risk / High Value,0,0,956
JIO10031091,Uttar Pradesh West,0.3800472565988649,311.62,3739.44,High Value,0.8308566838641911,0.8471840341067071,70.38885172005864,10951.0,2,Priority 4 - High Value Watchlist,0,0,957
JIO10053354,Odisha,0.7935204880425343,255.5,3066.0,Upper-Mid Value,0.9572584880595632,0.7352945719670054,70.38669702395393,2768.0,1,Priority 2 - High Risk / Upper-Mid Value,1,1,958
JIO10033546,Tamil Nadu,0.28128792583810974,365.47,4385.64,High Value,0.7744446847292162,0.908693503043035,70.37328534796504,14603.0,3,Priority 4 - High Value Watchlist,0,0,959
JIO10024773,Tamil Nadu,0.4356593427180543,296.57,3558.84,High Value,0.8545676418795761,0.8230946275757669,70.3390034931171,9416.0,2,Priority 4 - High Value Watchlist,0,0,960
JIO10023490,Delhi NCR,0.2705214299446485,375.91,4510.92,High Value,0.7667830331490005,0.917235626679848,70.33207159378982,15099.0,3,Priority 4 - High Value Watchlist,0,0,961
JIO10026549,Bihar & Jharkhand,0.5773302140266643,273.82,3285.84,High Value,0.9028545830887578,0.7788933856467608,70.32274629686972,6290.0,1,Priority 1 - High Risk / High Value,0,0,962
JIO10000357,Rajasthan,0.39628782376257143,305.68,3668.16,High Value,0.8384102072971052,0.8386110167135222,70.31000363644203,10462.0,2,Priority 4 - High Value Watchlist,0,0,963
JIO10008675,Odisha,0.37522158548668694,312.53,3750.36,High Value,0.8283851833544441,0.8484429546788594,70.28375725774333,11111.0,2,Priority 4 - High Value Watchlist,0,0,964
JIO10053019,Tamil Nadu,0.8060731708699437,253.97,3047.64,Upper-Mid Value,0.960517779356792,0.7316568321542216,70.2769395671998,2557.0,1,Priority 2 - High Risk / Upper-Mid Value,0,0,965
JIO10039211,Punjab,0.40950498675667424,302.12,3625.44,High Value,0.8440792115913374,0.8324940529518984,70.26909238701154,10095.0,2,Priority 4 - High Value Watchlist,0,0,966
JIO10059662,Andhra Pradesh & Telangana,0.43111929241440033,296.95,3563.4,High Value,0.8528684852791251,0.8237356730204826,70.25381957193596,9526.0,2,Priority 4 - High Value Watchlist,0,0,967
JIO10019510,Uttar Pradesh West,0.6911363331564315,263.04,3156.4800000000005,High Value,0.9326825048657666,0.7531897803453922,70.2486930971837,4359.0,1,Priority 1 - High Risk / High Value,0,0,968
JIO10062944,Kerala,0.6604969865969362,265.56,3186.7200000000003,High Value,0.9247891501127622,0.7595847879143625,70.24557704539059,4870.0,1,Priority 1 - High Risk / High Value,0,0,969
JIO10025608,Punjab,0.47175744665406016,288.85,3466.2000000000003,High Value,0.868840557323365,0.8083814761036795,70.23546122278054,8492.0,2,Priority 4 - High Value Watchlist,0,0,970
JIO10048883,Madhya Pradesh & Chhattisgarh,0.857267617216223,250.14,3001.68,Upper-Mid Value,0.9725354505854367,0.7216163613333745,70.17974931191766,1779.0,1,Priority 2 - High Risk / Upper-Mid Value,0,0,971
JIO10018437,Uttar Pradesh West,0.20771999594796006,550.92,6611.039999999999,High Value,0.7141864129259476,0.982529580771726,70.17092768849942,18504.0,3,Priority 4 - High Value Watchlist,0,0,972
JIO10001893,Tamil Nadu,0.29719234328476746,349.74,4196.88,High Value,0.7850103494083845,0.8938181593499953,70.16565055788989,13919.0,3,Priority 4 - High Value Watchlist,0,0,973
JIO10051701,Haryana,0.4911001985192046,285.1,3421.2000000000003,High Value,0.8756371837251692,0.8011368902344836,70.15052503432632,8052.0,2,Priority 4 - High Value Watchlist,0,0,974
JIO10054008,Uttar Pradesh East,0.3024223057354575,345.24,4142.88,High Value,0.7885940251475176,0.8895316506534029,70.14793448848825,13687.0,3,Priority 4 - High Value Watchlist,0,0,975
JIO10031941,Maharashtra & Goa,0.46341085434010865,289.76,3477.12,High Value,0.8655349253915784,0.8104281874633137,70.14539007712914,8706.0,2,Priority 4 - High Value Watchlist,0,0,976
JIO10037578,Maharashtra & Goa,0.2843059002389984,359.14,4309.68,High Value,0.7766535883098026,0.9031171800179184,70.14091985251463,14460.0,3,Priority 4 - High Value Watchlist,0,0,977
JIO10059877,Maharashtra & Goa,0.3977646952737092,303.98,3647.76,High Value,0.8390898699372856,0.8357842380054991,70.12980875636676,10418.0,2,Priority 4 - High Value Watchlist,0,0,978
JIO10036316,Rajasthan,0.4436458852560101,293.15,3517.8,High Value,0.8579659550804782,0.817201643547839,70.11311885998582,9196.0,2,Priority 4 - High Value Watchlist,0,0,979
JIO10023690,Uttar Pradesh East,0.6578338638545643,265.13,3181.56,High Value,0.9240322530816522,0.7585730173931848,70.09459343887718,4919.0,1,Priority 1 - High Risk / High Value,0,0,980
JIO10021567,Rajasthan,0.5649169174814163,274.1,3289.2000000000003,High Value,0.8991782260805091,0.7794726435787327,70.08848289314098,6528.0,2,Priority 4 - High Value Watchlist,0,0,981
JIO10040608,Odisha,0.6605646859039618,264.84,3178.08,High Value,0.9248045969909481,0.7577543328493311,70.07746904088704,4869.0,1,Priority 1 - High Risk / High Value,0,0,982
JIO10042345,Bihar & Jharkhand,0.5521572279015318,275.63,3307.56,High Value,0.8954400815595168,0.7825311254595446,70.07097348043551,6770.0,2,Priority 4 - High Value Watchlist,0,0,983
JIO10008079,Madhya Pradesh & Chhattisgarh,0.3871421533015976,306.27,3675.24,High Value,0.8345021471160678,0.8396691278692576,70.07056900739717,10715.0,2,Priority 4 - High Value Watchlist,0,0,984
JIO10001160,Delhi NCR,0.7217675498519158,259.63,3115.56,Upper-Mid Value,0.9403596033241682,0.7451342333714356,70.06941321164214,3862.0,1,Priority 2 - High Risk / Upper-Mid Value,0,0,985
JIO10055654,Kerala,0.4099329771268539,300.43,3605.16,High Value,0.8442800210077543,0.8296981680002472,70.04975867093441,10082.0,2,Priority 4 - High Value Watchlist,0,0,986
JIO10035255,Uttar Pradesh West,0.6229095388898717,267.71,3212.5199999999995,High Value,0.9154592356884673,0.7649294077666904,70.02616909897263,5474.0,1,Priority 1 - High Risk / High Value,1,1,987
JIO10033793,Maharashtra & Goa,0.7419374793289621,257.92,3095.04,Upper-Mid Value,0.944947326145386,0.7410330872130743,70.02372343472551,3565.0,1,Priority 2 - High Risk / Upper-Mid Value,0,0,988
JIO10009895,Maharashtra & Goa,0.9052197338353039,246.47,2957.64,Upper-Mid Value,0.9845067811795236,0.7112515060706232,70.02319308506776,1004.0,1,Priority 2 - High Risk / Upper-Mid Value,0,1,989
JIO10037747,Uttar Pradesh East,0.6934340219837339,261.8,3141.6000000000004,High Value,0.9331922518459019,0.7502857672464395,70.0160864664635,4326.0,1,Priority 1 - High Risk / High Value,0,0,990
JIO10060596,Haryana,0.44352485698986255,292.57,3510.84,High Value,0.8579196144459205,0.8160971917575458,70.0145788103032,9199.0,2,Priority 4 - High Value Watchlist,0,0,991
JIO10036071,Madhya Pradesh & Chhattisgarh,0.23627305893160147,420.6,5047.200000000001,High Value,0.740878618431215,0.944955049584479,70.00969916157491,16776.0,3,Priority 4 - High Value Watchlist,0,0,992
JIO10049988,Bihar & Jharkhand,0.658436744384556,264.7,3176.4,High Value,0.924263956254441,0.7572832030646607,69.99295692695785,4904.0,1,Priority 1 - High Risk / High Value,0,0,993
JIO10015538,Bihar & Jharkhand,0.22408502715544767,450.49,5405.88,High Value,0.7305909975593933,0.9579844913343013,69.98948451703552,17442.0,3,Priority 4 - High Value Watchlist,0,0,994
JIO10061864,Madhya Pradesh & Chhattisgarh,0.5355633360809668,277.28,3327.36,High Value,0.8902499304890482,0.7860993543204918,69.98248955413035,7106.0,2,Priority 4 - High Value Watchlist,0,0,995
JIO10008388,Uttar Pradesh East,0.8626331406952251,248.97,2987.64,Upper-Mid Value,0.9739565633785412,0.7185192622570978,69.98065513892078,1687.0,1,Priority 2 - High Risk / Upper-Mid Value,1,1,996
JIO10007966,Madhya Pradesh & Chhattisgarh,0.38484251156719285,306.14,3673.68,High Value,0.8332818437393803,0.8393756371837252,69.94364785423717,10794.0,2,Priority 4 - High Value Watchlist,0,1,997
JIO10017468,West Bengal,0.33031590554894613,327.11,3925.32,High Value,0.8053384411010535,0.868454385368717,69.93997008802161,12603.0,2,Priority 4 - High Value Watchlist,0,0,998
JIO10038069,Madhya Pradesh & Chhattisgarh,0.3349379237768348,324.47,3893.64,High Value,0.8079335166362878,0.8655658191479502,69.93196361443724,12435.0,2,Priority 4 - High Value Watchlist,0,0,999
JIO10013531,Andhra Pradesh & Telangana,0.571567412626431,272.32,3267.84,High Value,0.9011708733664926,0.7758657975223208,69.91876583683802,6399.0,1,Priority 1 - High Risk / High Value,0,0,1000
